# cycle	pc	r0	r1	r2	r3	r4	r5	r6	r7	pin_out	pin_oe
0	0	0	0	0	0	0	0	0	0	0	0
1	1	0	0	0	0	0	0	0	0	0	0
2	2	0	0	0	0	0	0	0	0	0	0
3	2	0	0	0	0	0	0	0	0	0	0
4	2	0	0	0	0	0	0	0	0	0	0
5	2	0	0	0	0	0	0	0	0	0	0
6	2	0	0	0	0	0	0	0	0	0	0
7	2	0	0	0	0	0	0	0	0	0	0
8	2	0	0	0	0	0	0	0	0	0	0
9	2	0	0	0	0	0	0	0	0	0	0
10	2	0	0	0	0	0	0	0	0	0	0
11	2	0	0	0	0	0	0	0	0	0	0
12	2	0	0	0	0	0	0	0	0	0	0
13	2	0	0	0	0	0	0	0	0	0	0
14	2	0	0	0	0	0	0	0	0	0	0
15	2	0	0	0	0	0	0	0	0	0	0
16	2	0	0	0	0	0	0	0	0	0	0
17	2	0	0	0	0	0	0	0	0	0	0
18	2	0	0	0	0	0	0	0	0	0	0
19	2	0	0	0	0	0	0	0	0	0	0
20	2	0	0	0	0	0	0	0	0	0	0
21	2	0	0	0	0	0	0	0	0	0	0
22	2	0	0	0	0	0	0	0	0	0	0
23	2	0	0	0	0	0	0	0	0	0	0
24	2	0	0	0	0	0	0	0	0	0	0
25	2	0	0	0	0	0	0	0	0	0	0
26	2	0	0	0	0	0	0	0	0	0	0
27	2	0	0	0	0	0	0	0	0	0	0
28	2	0	0	0	0	0	0	0	0	0	0
29	2	0	0	0	0	0	0	0	0	0	0
30	2	0	0	0	0	0	0	0	0	0	0
31	2	0	0	0	0	0	0	0	0	0	0
32	2	0	0	0	0	0	0	0	0	0	0
33	2	0	0	0	0	0	0	0	0	0	0
34	2	0	0	0	0	0	0	0	0	0	0
35	2	0	0	0	0	0	0	0	0	0	0
36	2	0	0	0	0	0	0	0	0	0	0
37	2	0	0	0	0	0	0	0	0	0	0
38	2	0	0	0	0	0	0	0	0	0	0
39	2	0	0	0	0	0	0	0	0	0	0
40	2	0	0	0	0	0	0	0	0	0	0
41	2	0	0	0	0	0	0	0	0	0	0
42	2	0	0	0	0	0	0	0	0	0	0
43	2	0	0	0	0	0	0	0	0	0	0
44	2	0	0	0	0	0	0	0	0	0	0
45	2	0	0	0	0	0	0	0	0	0	0
46	2	0	0	0	0	0	0	0	0	0	0
47	2	0	0	0	0	0	0	0	0	0	0
48	2	0	0	0	0	0	0	0	0	0	0
49	2	0	0	0	0	0	0	0	0	0	0
50	2	0	0	0	0	0	0	0	0	0	0
51	2	0	0	0	0	0	0	0	0	0	0
52	2	0	0	0	0	0	0	0	0	0	0
53	2	0	0	0	0	0	0	0	0	0	0
54	2	0	0	0	0	0	0	0	0	0	0
55	2	0	0	0	0	0	0	0	0	0	0
56	2	0	0	0	0	0	0	0	0	0	0
57	2	0	0	0	0	0	0	0	0	0	0
58	2	0	0	0	0	0	0	0	0	0	0
59	2	0	0	0	0	0	0	0	0	0	0
60	2	0	0	0	0	0	0	0	0	0	0
61	2	0	0	0	0	0	0	0	0	0	0
62	2	0	0	0	0	0	0	0	0	0	0
63	2	0	0	0	0	0	0	0	0	0	0
64	2	0	0	0	0	0	0	0	0	0	0
65	2	0	0	0	0	0	0	0	0	0	0
66	2	0	0	0	0	0	0	0	0	0	0
67	2	0	0	0	0	0	0	0	0	0	0
68	2	0	0	0	0	0	0	0	0	0	0
69	2	0	0	0	0	0	0	0	0	0	0
70	2	0	0	0	0	0	0	0	0	0	0
71	2	0	0	0	0	0	0	0	0	0	0
72	2	0	0	0	0	0	0	0	0	0	0
73	2	0	0	0	0	0	0	0	0	0	0
74	2	0	0	0	0	0	0	0	0	0	0
75	2	0	0	0	0	0	0	0	0	0	0
76	2	0	0	0	0	0	0	0	0	0	0
77	2	0	0	0	0	0	0	0	0	0	0
78	2	0	0	0	0	0	0	0	0	0	0
79	2	0	0	0	0	0	0	0	0	0	0
80	2	0	0	0	0	0	0	0	0	0	0
81	2	0	0	0	0	0	0	0	0	0	0
82	2	0	0	0	0	0	0	0	0	0	0
83	2	0	0	0	0	0	0	0	0	0	0
84	2	0	0	0	0	0	0	0	0	0	0
85	2	0	0	0	0	0	0	0	0	0	0
86	2	0	0	0	0	0	0	0	0	0	0
87	2	0	0	0	0	0	0	0	0	0	0
88	2	0	0	0	0	0	0	0	0	0	0
89	2	0	0	0	0	0	0	0	0	0	0
90	2	0	0	0	0	0	0	0	0	0	0
91	2	0	0	0	0	0	0	0	0	0	0
92	2	0	0	0	0	0	0	0	0	0	0
93	2	0	0	0	0	0	0	0	0	0	0
94	2	0	0	0	0	0	0	0	0	0	0
95	2	0	0	0	0	0	0	0	0	0	0
96	2	0	0	0	0	0	0	0	0	0	0
97	2	0	0	0	0	0	0	0	0	0	0
98	2	0	0	0	0	0	0	0	0	0	0
99	2	0	0	0	0	0	0	0	0	0	0
100	2	0	0	0	0	0	0	0	0	0	0
101	3	0	7	0	0	0	0	0	0	0	0
102	4	0	7	0	0	0	0	0	0	0	0
103	4	0	7	0	0	0	0	0	0	0	0
104	4	0	7	0	0	0	0	0	0	0	0
105	4	0	7	0	0	0	0	0	0	0	0
106	4	0	7	0	0	0	0	0	0	0	0
107	4	0	7	0	0	0	0	0	0	0	0
108	4	0	7	0	0	0	0	0	0	0	0
109	4	0	7	0	0	0	0	0	0	0	0
110	4	0	7	0	0	0	0	0	0	0	0
111	4	0	7	0	0	0	0	0	0	0	0
112	4	0	7	0	0	0	0	0	0	0	0
113	4	0	7	0	0	0	0	0	0	0	0
114	4	0	7	0	0	0	0	0	0	0	0
115	4	0	7	0	0	0	0	0	0	0	0
116	4	0	7	0	0	0	0	0	0	0	0
117	4	0	7	0	0	0	0	0	0	0	0
118	4	0	7	0	0	0	0	0	0	0	0
119	4	0	7	0	0	0	0	0	0	0	0
120	4	0	7	0	0	0	0	0	0	0	0
121	4	0	7	0	0	0	0	0	0	0	0
122	4	0	7	0	0	0	0	0	0	0	0
123	4	0	7	0	0	0	0	0	0	0	0
124	4	0	7	0	0	0	0	0	0	0	0
125	4	0	7	0	0	0	0	0	0	0	0
126	4	0	7	0	0	0	0	0	0	0	0
127	4	0	7	0	0	0	0	0	0	0	0
128	4	0	7	0	0	0	0	0	0	0	0
129	4	0	7	0	0	0	0	0	0	0	0
130	4	0	7	0	0	0	0	0	0	0	0
131	4	0	7	0	0	0	0	0	0	0	0
132	4	0	7	0	0	0	0	0	0	0	0
133	4	0	7	0	0	0	0	0	0	0	0
134	4	0	7	0	0	0	0	0	0	0	0
135	4	0	7	0	0	0	0	0	0	0	0
136	4	0	7	0	0	0	0	0	0	0	0
137	4	0	7	0	0	0	0	0	0	0	0
138	4	0	7	0	0	0	0	0	0	0	0
139	4	0	7	0	0	0	0	0	0	0	0
140	4	0	7	0	0	0	0	0	0	0	0
141	4	0	7	0	0	0	0	0	0	0	0
142	4	0	7	0	0	0	0	0	0	0	0
143	4	0	7	0	0	0	0	0	0	0	0
144	4	0	7	0	0	0	0	0	0	0	0
145	4	0	7	0	0	0	0	0	0	0	0
146	4	0	7	0	0	0	0	0	0	0	0
147	4	0	7	0	0	0	0	0	0	0	0
148	4	0	7	0	0	0	0	0	0	0	0
149	4	0	7	0	0	0	0	0	0	0	0
150	4	0	7	0	0	0	0	0	0	0	0
151	4	0	7	0	0	0	0	0	0	0	0
152	4	0	7	0	0	0	0	0	0	0	0
153	4	0	7	0	0	0	0	0	0	0	0
154	4	0	7	0	0	0	0	0	0	0	0
155	4	0	7	0	0	0	0	0	0	0	0
156	4	0	7	0	0	0	0	0	0	0	0
157	4	0	7	0	0	0	0	0	0	0	0
158	4	0	7	0	0	0	0	0	0	0	0
159	4	0	7	0	0	0	0	0	0	0	0
160	4	0	7	0	0	0	0	0	0	0	0
161	4	0	7	0	0	0	0	0	0	0	0
162	4	0	7	0	0	0	0	0	0	0	0
163	4	0	7	0	0	0	0	0	0	0	0
164	4	0	7	0	0	0	0	0	0	0	0
165	4	0	7	0	0	0	0	0	0	0	0
166	4	0	7	0	0	0	0	0	0	0	0
167	4	0	7	0	0	0	0	0	0	0	0
168	4	0	7	0	0	0	0	0	0	0	0
169	4	0	7	0	0	0	0	0	0	0	0
170	4	0	7	0	0	0	0	0	0	0	0
171	4	0	7	0	0	0	0	0	0	0	0
172	4	0	7	0	0	0	0	0	0	0	0
173	4	0	7	0	0	0	0	0	0	0	0
174	4	0	7	0	0	0	0	0	0	0	0
175	4	0	7	0	0	0	0	0	0	0	0
176	4	0	7	0	0	0	0	0	0	0	0
177	4	0	7	0	0	0	0	0	0	0	0
178	4	0	7	0	0	0	0	0	0	0	0
179	4	0	7	0	0	0	0	0	0	0	0
180	4	0	7	0	0	0	0	0	0	0	0
181	4	0	7	0	0	0	0	0	0	0	0
182	4	0	7	0	0	0	0	0	0	0	0
183	4	0	7	0	0	0	0	0	0	0	0
184	4	0	7	0	0	0	0	0	0	0	0
185	4	0	7	0	0	0	0	0	0	0	0
186	4	0	7	0	0	0	0	0	0	0	0
187	4	0	7	0	0	0	0	0	0	0	0
188	4	0	7	0	0	0	0	0	0	0	0
189	4	0	7	0	0	0	0	0	0	0	0
190	4	0	7	0	0	0	0	0	0	0	0
191	4	0	7	0	0	0	0	0	0	0	0
192	4	0	7	0	0	0	0	0	0	0	0
193	4	0	7	0	0	0	0	0	0	0	0
194	4	0	7	0	0	0	0	0	0	0	0
195	4	0	7	0	0	0	0	0	0	0	0
196	4	0	7	0	0	0	0	0	0	0	0
197	4	0	7	0	0	0	0	0	0	0	0
198	4	0	7	0	0	0	0	0	0	0	0
199	4	0	7	0	0	0	0	0	0	0	0
200	4	0	7	0	0	0	0	0	0	0	0
201	4	0	7	0	0	0	0	0	0	0	0
202	4	0	7	0	0	0	0	0	0	0	0
203	4	0	7	0	0	0	0	0	0	0	0
204	4	0	7	0	0	0	0	0	0	0	0
205	4	0	7	0	0	0	0	0	0	0	0
206	4	0	7	0	0	0	0	0	0	0	0
207	4	0	7	0	0	0	0	0	0	0	0
208	4	0	7	0	0	0	0	0	0	0	0
209	4	0	7	0	0	0	0	0	0	0	0
210	4	0	7	0	0	0	0	0	0	0	0
211	4	0	7	0	0	0	0	0	0	0	0
212	4	0	7	0	0	0	0	0	0	0	0
213	4	0	7	0	0	0	0	0	0	0	0
214	4	0	7	0	0	0	0	0	0	0	0
215	4	0	7	0	0	0	0	0	0	0	0
216	4	0	7	0	0	0	0	0	0	0	0
217	4	0	7	0	0	0	0	0	0	0	0
218	4	0	7	0	0	0	0	0	0	0	0
219	4	0	7	0	0	0	0	0	0	0	0
220	4	0	7	0	0	0	0	0	0	0	0
221	4	0	7	0	0	0	0	0	0	0	0
222	4	0	7	0	0	0	0	0	0	0	0
223	4	0	7	0	0	0	0	0	0	0	0
224	4	0	7	0	0	0	0	0	0	0	0
225	4	0	7	0	0	0	0	0	0	0	0
226	4	0	7	0	0	0	0	0	0	0	0
227	4	0	7	0	0	0	0	0	0	0	0
228	4	0	7	0	0	0	0	0	0	0	0
229	4	0	7	0	0	0	0	0	0	0	0
230	4	0	7	0	0	0	0	0	0	0	0
231	4	0	7	0	0	0	0	0	0	0	0
232	4	0	7	0	0	0	0	0	0	0	0
233	4	0	7	0	0	0	0	0	0	0	0
234	4	0	7	0	0	0	0	0	0	0	0
235	4	0	7	0	0	0	0	0	0	0	0
236	4	0	7	0	0	0	0	0	0	0	0
237	4	0	7	0	0	0	0	0	0	0	0
238	4	0	7	0	0	0	0	0	0	0	0
239	4	0	7	0	0	0	0	0	0	0	0
240	4	0	7	0	0	0	0	0	0	0	0
241	4	0	7	0	0	0	0	0	0	0	0
242	4	0	7	0	0	0	0	0	0	0	0
243	4	0	7	0	0	0	0	0	0	0	0
244	4	0	7	0	0	0	0	0	0	0	0
245	4	0	7	0	0	0	0	0	0	0	0
246	4	0	7	0	0	0	0	0	0	0	0
247	4	0	7	0	0	0	0	0	0	0	0
248	4	0	7	0	0	0	0	0	0	0	0
249	4	0	7	0	0	0	0	0	0	0	0
250	4	0	7	0	0	0	0	0	0	0	0
251	4	0	7	0	0	0	0	0	0	0	0
252	4	0	7	0	0	0	0	0	0	0	0
253	4	0	7	0	0	0	0	0	0	0	0
254	4	0	7	0	0	0	0	0	0	0	0
255	4	0	7	0	0	0	0	0	0	0	0
256	4	0	7	0	0	0	0	0	0	0	0
257	4	0	7	0	0	0	0	0	0	0	0
258	4	0	7	0	0	0	0	0	0	0	0
259	4	0	7	0	0	0	0	0	0	0	0
260	4	0	7	0	0	0	0	0	0	0	0
261	4	0	7	0	0	0	0	0	0	0	0
262	4	0	7	0	0	0	0	0	0	0	0
263	4	0	7	0	0	0	0	0	0	0	0
264	4	0	7	0	0	0	0	0	0	0	0
265	4	0	7	0	0	0	0	0	0	0	0
266	4	0	7	0	0	0	0	0	0	0	0
267	4	0	7	0	0	0	0	0	0	0	0
268	4	0	7	0	0	0	0	0	0	0	0
269	4	0	7	0	0	0	0	0	0	0	0
270	4	0	7	0	0	0	0	0	0	0	0
271	4	0	7	0	0	0	0	0	0	0	0
272	4	0	7	0	0	0	0	0	0	0	0
273	4	0	7	0	0	0	0	0	0	0	0
274	4	0	7	0	0	0	0	0	0	0	0
275	4	0	7	0	0	0	0	0	0	0	0
276	4	0	7	0	0	0	0	0	0	0	0
277	4	0	7	0	0	0	0	0	0	0	0
278	4	0	7	0	0	0	0	0	0	0	0
279	4	0	7	0	0	0	0	0	0	0	0
280	4	0	7	0	0	0	0	0	0	0	0
281	4	0	7	0	0	0	0	0	0	0	0
282	4	0	7	0	0	0	0	0	0	0	0
283	4	0	7	0	0	0	0	0	0	0	0
284	4	0	7	0	0	0	0	0	0	0	0
285	4	0	7	0	0	0	0	0	0	0	0
286	4	0	7	0	0	0	0	0	0	0	0
287	4	0	7	0	0	0	0	0	0	0	0
288	4	0	7	0	0	0	0	0	0	0	0
289	4	0	7	0	0	0	0	0	0	0	0
290	4	0	7	0	0	0	0	0	0	0	0
291	4	0	7	0	0	0	0	0	0	0	0
292	4	0	7	0	0	0	0	0	0	0	0
293	4	0	7	0	0	0	0	0	0	0	0
294	4	0	7	0	0	0	0	0	0	0	0
295	4	0	7	0	0	0	0	0	0	0	0
296	4	0	7	0	0	0	0	0	0	0	0
297	4	0	7	0	0	0	0	0	0	0	0
298	4	0	7	0	0	0	0	0	0	0	0
299	4	0	7	0	0	0	0	0	0	0	0
300	4	0	7	0	0	0	0	0	0	0	0
301	4	0	7	0	0	0	0	0	0	0	0
302	4	0	7	0	0	0	0	0	0	0	0
303	4	0	7	0	0	0	0	0	0	0	0
304	4	0	7	0	0	0	0	0	0	0	0
305	4	0	7	0	0	0	0	0	0	0	0
306	4	0	7	0	0	0	0	0	0	0	0
307	4	0	7	0	0	0	0	0	0	0	0
308	4	0	7	0	0	0	0	0	0	0	0
309	4	0	7	0	0	0	0	0	0	0	0
310	4	0	7	0	0	0	0	0	0	0	0
311	4	0	7	0	0	0	0	0	0	0	0
312	4	0	7	0	0	0	0	0	0	0	0
313	4	0	7	0	0	0	0	0	0	0	0
314	4	0	7	0	0	0	0	0	0	0	0
315	4	0	7	0	0	0	0	0	0	0	0
316	4	0	7	0	0	0	0	0	0	0	0
317	4	0	7	0	0	0	0	0	0	0	0
318	4	0	7	0	0	0	0	0	0	0	0
319	4	0	7	0	0	0	0	0	0	0	0
320	4	0	7	0	0	0	0	0	0	0	0
321	4	0	7	0	0	0	0	0	0	0	0
322	4	0	7	0	0	0	0	0	0	0	0
323	4	0	7	0	0	0	0	0	0	0	0
324	4	0	7	0	0	0	0	0	0	0	0
325	4	0	7	0	0	0	0	0	0	0	0
326	4	0	7	0	0	0	0	0	0	0	0
327	4	0	7	0	0	0	0	0	0	0	0
328	4	0	7	0	0	0	0	0	0	0	0
329	4	0	7	0	0	0	0	0	0	0	0
330	4	0	7	0	0	0	0	0	0	0	0
331	4	0	7	0	0	0	0	0	0	0	0
332	4	0	7	0	0	0	0	0	0	0	0
333	4	0	7	0	0	0	0	0	0	0	0
334	4	0	7	0	0	0	0	0	0	0	0
335	4	0	7	0	0	0	0	0	0	0	0
336	4	0	7	0	0	0	0	0	0	0	0
337	4	0	7	0	0	0	0	0	0	0	0
338	4	0	7	0	0	0	0	0	0	0	0
339	4	0	7	0	0	0	0	0	0	0	0
340	4	0	7	0	0	0	0	0	0	0	0
341	4	0	7	0	0	0	0	0	0	0	0
342	4	0	7	0	0	0	0	0	0	0	0
343	4	0	7	0	0	0	0	0	0	0	0
344	4	0	7	0	0	0	0	0	0	0	0
345	4	0	7	0	0	0	0	0	0	0	0
346	4	0	7	0	0	0	0	0	0	0	0
347	4	0	7	0	0	0	0	0	0	0	0
348	4	0	7	0	0	0	0	0	0	0	0
349	4	0	7	0	0	0	0	0	0	0	0
350	4	0	7	0	0	0	0	0	0	0	0
351	4	0	7	0	0	0	0	0	0	0	0
352	4	0	7	0	0	0	0	0	0	0	0
353	4	0	7	0	0	0	0	0	0	0	0
354	4	0	7	0	0	0	0	0	0	0	0
355	4	0	7	0	0	0	0	0	0	0	0
356	4	0	7	0	0	0	0	0	0	0	0
357	4	0	7	0	0	0	0	0	0	0	0
358	4	0	7	0	0	0	0	0	0	0	0
359	4	0	7	0	0	0	0	0	0	0	0
360	4	0	7	0	0	0	0	0	0	0	0
361	4	0	7	0	0	0	0	0	0	0	0
362	4	0	7	0	0	0	0	0	0	0	0
363	4	0	7	0	0	0	0	0	0	0	0
364	4	0	7	0	0	0	0	0	0	0	0
365	4	0	7	0	0	0	0	0	0	0	0
366	4	0	7	0	0	0	0	0	0	0	0
367	4	0	7	0	0	0	0	0	0	0	0
368	4	0	7	0	0	0	0	0	0	0	0
369	4	0	7	0	0	0	0	0	0	0	0
370	4	0	7	0	0	0	0	0	0	0	0
371	4	0	7	0	0	0	0	0	0	0	0
372	4	0	7	0	0	0	0	0	0	0	0
373	4	0	7	0	0	0	0	0	0	0	0
374	4	0	7	0	0	0	0	0	0	0	0
375	4	0	7	0	0	0	0	0	0	0	0
376	4	0	7	0	0	0	0	0	0	0	0
377	4	0	7	0	0	0	0	0	0	0	0
378	4	0	7	0	0	0	0	0	0	0	0
379	4	0	7	0	0	0	0	0	0	0	0
380	4	0	7	0	0	0	0	0	0	0	0
381	4	0	7	0	0	0	0	0	0	0	0
382	4	0	7	0	0	0	0	0	0	0	0
383	4	0	7	0	0	0	0	0	0	0	0
384	4	0	7	0	0	0	0	0	0	0	0
385	4	0	7	0	0	0	0	0	0	0	0
386	4	0	7	0	0	0	0	0	0	0	0
387	4	0	7	0	0	0	0	0	0	0	0
388	4	0	7	0	0	0	0	0	0	0	0
389	4	0	7	0	0	0	0	0	0	0	0
390	4	0	7	0	0	0	0	0	0	0	0
391	4	0	7	0	0	0	0	0	0	0	0
392	4	0	7	0	0	0	0	0	0	0	0
393	4	0	7	0	0	0	0	0	0	0	0
394	4	0	7	0	0	0	0	0	0	0	0
395	4	0	7	0	0	0	0	0	0	0	0
396	4	0	7	0	0	0	0	0	0	0	0
397	4	0	7	0	0	0	0	0	0	0	0
398	4	0	7	0	0	0	0	0	0	0	0
399	4	0	7	0	0	0	0	0	0	0	0
400	4	0	7	0	0	0	0	0	0	0	0
401	4	0	7	0	0	0	0	0	0	0	0
402	4	0	7	0	0	0	0	0	0	0	0
403	4	0	7	0	0	0	0	0	0	0	0
404	4	0	7	0	0	0	0	0	0	0	0
405	4	0	7	0	0	0	0	0	0	0	0
406	4	0	7	0	0	0	0	0	0	0	0
407	4	0	7	0	0	0	0	0	0	0	0
408	4	0	7	0	0	0	0	0	0	0	0
409	4	0	7	0	0	0	0	0	0	0	0
410	4	0	7	0	0	0	0	0	0	0	0
411	4	0	7	0	0	0	0	0	0	0	0
412	4	0	7	0	0	0	0	0	0	0	0
413	4	0	7	0	0	0	0	0	0	0	0
414	4	0	7	0	0	0	0	0	0	0	0
415	4	0	7	0	0	0	0	0	0	0	0
416	4	0	7	0	0	0	0	0	0	0	0
417	4	0	7	0	0	0	0	0	0	0	0
418	4	0	7	0	0	0	0	0	0	0	0
419	4	0	7	0	0	0	0	0	0	0	0
420	4	0	7	0	0	0	0	0	0	0	0
421	4	0	7	0	0	0	0	0	0	0	0
422	4	0	7	0	0	0	0	0	0	0	0
423	4	0	7	0	0	0	0	0	0	0	0
424	4	0	7	0	0	0	0	0	0	0	0
425	4	0	7	0	0	0	0	0	0	0	0
426	4	0	7	0	0	0	0	0	0	0	0
427	4	0	7	0	0	0	0	0	0	0	0
428	4	0	7	0	0	0	0	0	0	0	0
429	4	0	7	0	0	0	0	0	0	0	0
430	4	0	7	0	0	0	0	0	0	0	0
431	4	0	7	0	0	0	0	0	0	0	0
432	4	0	7	0	0	0	0	0	0	0	0
433	4	0	7	0	0	0	0	0	0	0	0
434	4	0	7	0	0	0	0	0	0	0	0
435	4	0	7	0	0	0	0	0	0	0	0
436	4	0	7	0	0	0	0	0	0	0	0
437	4	0	7	0	0	0	0	0	0	0	0
438	4	0	7	0	0	0	0	0	0	0	0
439	4	0	7	0	0	0	0	0	0	0	0
440	4	0	7	0	0	0	0	0	0	0	0
441	4	0	7	0	0	0	0	0	0	0	0
442	4	0	7	0	0	0	0	0	0	0	0
443	4	0	7	0	0	0	0	0	0	0	0
444	4	0	7	0	0	0	0	0	0	0	0
445	4	0	7	0	0	0	0	0	0	0	0
446	4	0	7	0	0	0	0	0	0	0	0
447	4	0	7	0	0	0	0	0	0	0	0
448	4	0	7	0	0	0	0	0	0	0	0
449	4	0	7	0	0	0	0	0	0	0	0
450	4	0	7	0	0	0	0	0	0	0	0
451	4	0	7	0	0	0	0	0	0	0	0
452	4	0	7	0	0	0	0	0	0	0	0
453	4	0	7	0	0	0	0	0	0	0	0
454	4	0	7	0	0	0	0	0	0	0	0
455	4	0	7	0	0	0	0	0	0	0	0
456	4	0	7	0	0	0	0	0	0	0	0
457	4	0	7	0	0	0	0	0	0	0	0
458	4	0	7	0	0	0	0	0	0	0	0
459	4	0	7	0	0	0	0	0	0	0	0
460	4	0	7	0	0	0	0	0	0	0	0
461	4	0	7	0	0	0	0	0	0	0	0
462	4	0	7	0	0	0	0	0	0	0	0
463	4	0	7	0	0	0	0	0	0	0	0
464	4	0	7	0	0	0	0	0	0	0	0
465	4	0	7	0	0	0	0	0	0	0	0
466	4	0	7	0	0	0	0	0	0	0	0
467	4	0	7	0	0	0	0	0	0	0	0
468	4	0	7	0	0	0	0	0	0	0	0
469	4	0	7	0	0	0	0	0	0	0	0
470	4	0	7	0	0	0	0	0	0	0	0
471	4	0	7	0	0	0	0	0	0	0	0
472	4	0	7	0	0	0	0	0	0	0	0
473	4	0	7	0	0	0	0	0	0	0	0
474	4	0	7	0	0	0	0	0	0	0	0
475	4	0	7	0	0	0	0	0	0	0	0
476	4	0	7	0	0	0	0	0	0	0	0
477	4	0	7	0	0	0	0	0	0	0	0
478	4	0	7	0	0	0	0	0	0	0	0
479	4	0	7	0	0	0	0	0	0	0	0
480	4	0	7	0	0	0	0	0	0	0	0
481	4	0	7	0	0	0	0	0	0	0	0
482	4	0	7	0	0	0	0	0	0	0	0
483	4	0	7	0	0	0	0	0	0	0	0
484	4	0	7	0	0	0	0	0	0	0	0
485	4	0	7	0	0	0	0	0	0	0	0
486	4	0	7	0	0	0	0	0	0	0	0
487	4	0	7	0	0	0	0	0	0	0	0
488	4	0	7	0	0	0	0	0	0	0	0
489	4	0	7	0	0	0	0	0	0	0	0
490	4	0	7	0	0	0	0	0	0	0	0
491	4	0	7	0	0	0	0	0	0	0	0
492	4	0	7	0	0	0	0	0	0	0	0
493	4	0	7	0	0	0	0	0	0	0	0
494	4	0	7	0	0	0	0	0	0	0	0
495	4	0	7	0	0	0	0	0	0	0	0
496	4	0	7	0	0	0	0	0	0	0	0
497	4	0	7	0	0	0	0	0	0	0	0
498	4	0	7	0	0	0	0	0	0	0	0
499	4	0	7	0	0	0	0	0	0	0	0
500	4	0	7	0	0	0	0	0	0	0	0
501	4	0	7	0	0	0	0	0	0	0	0
502	4	0	7	0	0	0	0	0	0	0	0
503	4	0	7	0	0	0	0	0	0	0	0
504	4	0	7	0	0	0	0	0	0	0	0
505	4	0	7	0	0	0	0	0	0	0	0
506	4	0	7	0	0	0	0	0	0	0	0
507	4	0	7	0	0	0	0	0	0	0	0
508	4	0	7	0	0	0	0	0	0	0	0
509	4	0	7	0	0	0	0	0	0	0	0
510	4	0	7	0	0	0	0	0	0	0	0
511	4	0	7	0	0	0	0	0	0	0	0
512	4	0	7	0	0	0	0	0	0	0	0
513	4	0	7	0	0	0	0	0	0	0	0
514	4	0	7	0	0	0	0	0	0	0	0
515	4	0	7	0	0	0	0	0	0	0	0
516	4	0	7	0	0	0	0	0	0	0	0
517	4	0	7	0	0	0	0	0	0	0	0
518	4	0	7	0	0	0	0	0	0	0	0
519	4	0	7	0	0	0	0	0	0	0	0
520	4	0	7	0	0	0	0	0	0	0	0
521	4	0	7	0	0	0	0	0	0	0	0
522	4	0	7	0	0	0	0	0	0	0	0
523	4	0	7	0	0	0	0	0	0	0	0
524	4	0	7	0	0	0	0	0	0	0	0
525	4	0	7	0	0	0	0	0	0	0	0
526	4	0	7	0	0	0	0	0	0	0	0
527	4	0	7	0	0	0	0	0	0	0	0
528	4	0	7	0	0	0	0	0	0	0	0
529	4	0	7	0	0	0	0	0	0	0	0
530	4	0	7	0	0	0	0	0	0	0	0
531	4	0	7	0	0	0	0	0	0	0	0
532	4	0	7	0	0	0	0	0	0	0	0
533	4	0	7	0	0	0	0	0	0	0	0
534	4	0	7	0	0	0	0	0	0	0	0
535	4	0	7	0	0	0	0	0	0	0	0
536	4	0	7	0	0	0	0	0	0	0	0
537	4	0	7	0	0	0	0	0	0	0	0
538	4	0	7	0	0	0	0	0	0	0	0
539	4	0	7	0	0	0	0	0	0	0	0
540	4	0	7	0	0	0	0	0	0	0	0
541	4	0	7	0	0	0	0	0	0	0	0
542	4	0	7	0	0	0	0	0	0	0	0
543	4	0	7	0	0	0	0	0	0	0	0
544	4	0	7	0	0	0	0	0	0	0	0
545	4	0	7	0	0	0	0	0	0	0	0
546	4	0	7	0	0	0	0	0	0	0	0
547	4	0	7	0	0	0	0	0	0	0	0
548	4	0	7	0	0	0	0	0	0	0	0
549	4	0	7	0	0	0	0	0	0	0	0
550	4	0	7	0	0	0	0	0	0	0	0
551	4	0	7	0	0	0	0	0	0	0	0
552	4	0	7	0	0	0	0	0	0	0	0
553	4	0	7	0	0	0	0	0	0	0	0
554	4	0	7	0	0	0	0	0	0	0	0
555	4	0	7	0	0	0	0	0	0	0	0
556	4	0	7	0	0	0	0	0	0	0	0
557	4	0	7	0	0	0	0	0	0	0	0
558	4	0	7	0	0	0	0	0	0	0	0
559	4	0	7	0	0	0	0	0	0	0	0
560	4	0	7	0	0	0	0	0	0	0	0
561	4	0	7	0	0	0	0	0	0	0	0
562	4	0	7	0	0	0	0	0	0	0	0
563	4	0	7	0	0	0	0	0	0	0	0
564	4	0	7	0	0	0	0	0	0	0	0
565	4	0	7	0	0	0	0	0	0	0	0
566	4	0	7	0	0	0	0	0	0	0	0
567	4	0	7	0	0	0	0	0	0	0	0
568	4	0	7	0	0	0	0	0	0	0	0
569	4	0	7	0	0	0	0	0	0	0	0
570	4	0	7	0	0	0	0	0	0	0	0
571	4	0	7	0	0	0	0	0	0	0	0
572	4	0	7	0	0	0	0	0	0	0	0
573	4	0	7	0	0	0	0	0	0	0	0
574	4	0	7	0	0	0	0	0	0	0	0
575	4	0	7	0	0	0	0	0	0	0	0
576	4	0	7	0	0	0	0	0	0	0	0
577	4	0	7	0	0	0	0	0	0	0	0
578	4	0	7	0	0	0	0	0	0	0	0
579	4	0	7	0	0	0	0	0	0	0	0
580	4	0	7	0	0	0	0	0	0	0	0
581	4	0	7	0	0	0	0	0	0	0	0
582	4	0	7	0	0	0	0	0	0	0	0
583	4	0	7	0	0	0	0	0	0	0	0
584	4	0	7	0	0	0	0	0	0	0	0
585	4	0	7	0	0	0	0	0	0	0	0
586	4	0	7	0	0	0	0	0	0	0	0
587	4	0	7	0	0	0	0	0	0	0	0
588	4	0	7	0	0	0	0	0	0	0	0
589	4	0	7	0	0	0	0	0	0	0	0
590	4	0	7	0	0	0	0	0	0	0	0
591	4	0	7	0	0	0	0	0	0	0	0
592	4	0	7	0	0	0	0	0	0	0	0
593	4	0	7	0	0	0	0	0	0	0	0
594	4	0	7	0	0	0	0	0	0	0	0
595	4	0	7	0	0	0	0	0	0	0	0
596	4	0	7	0	0	0	0	0	0	0	0
597	4	0	7	0	0	0	0	0	0	0	0
598	4	0	7	0	0	0	0	0	0	0	0
599	4	0	7	0	0	0	0	0	0	0	0
600	4	0	7	0	0	0	0	0	0	0	0
601	4	0	7	0	0	0	0	0	0	0	0
602	4	0	7	0	0	0	0	0	0	0	0
603	4	0	7	0	0	0	0	0	0	0	0
604	4	0	7	0	0	0	0	0	0	0	0
605	4	0	7	0	0	0	0	0	0	0	0
606	4	0	7	0	0	0	0	0	0	0	0
607	4	0	7	0	0	0	0	0	0	0	0
608	4	0	7	0	0	0	0	0	0	0	0
609	4	0	7	0	0	0	0	0	0	0	0
610	4	0	7	0	0	0	0	0	0	0	0
611	4	0	7	0	0	0	0	0	0	0	0
612	4	0	7	0	0	0	0	0	0	0	0
613	4	0	7	0	0	0	0	0	0	0	0
614	4	0	7	0	0	0	0	0	0	0	0
615	4	0	7	0	0	0	0	0	0	0	0
616	4	0	7	0	0	0	0	0	0	0	0
617	4	0	7	0	0	0	0	0	0	0	0
618	4	0	7	0	0	0	0	0	0	0	0
619	4	0	7	0	0	0	0	0	0	0	0
620	4	0	7	0	0	0	0	0	0	0	0
621	4	0	7	0	0	0	0	0	0	0	0
622	4	0	7	0	0	0	0	0	0	0	0
623	4	0	7	0	0	0	0	0	0	0	0
624	4	0	7	0	0	0	0	0	0	0	0
625	4	0	7	0	0	0	0	0	0	0	0
626	4	0	7	0	0	0	0	0	0	0	0
627	4	0	7	0	0	0	0	0	0	0	0
628	4	0	7	0	0	0	0	0	0	0	0
629	4	0	7	0	0	0	0	0	0	0	0
630	4	0	7	0	0	0	0	0	0	0	0
631	4	0	7	0	0	0	0	0	0	0	0
632	4	0	7	0	0	0	0	0	0	0	0
633	4	0	7	0	0	0	0	0	0	0	0
634	4	0	7	0	0	0	0	0	0	0	0
635	4	0	7	0	0	0	0	0	0	0	0
636	4	0	7	0	0	0	0	0	0	0	0
637	4	0	7	0	0	0	0	0	0	0	0
638	4	0	7	0	0	0	0	0	0	0	0
639	4	0	7	0	0	0	0	0	0	0	0
640	4	0	7	0	0	0	0	0	0	0	0
641	4	0	7	0	0	0	0	0	0	0	0
642	4	0	7	0	0	0	0	0	0	0	0
643	4	0	7	0	0	0	0	0	0	0	0
644	4	0	7	0	0	0	0	0	0	0	0
645	4	0	7	0	0	0	0	0	0	0	0
646	4	0	7	0	0	0	0	0	0	0	0
647	4	0	7	0	0	0	0	0	0	0	0
648	4	0	7	0	0	0	0	0	0	0	0
649	4	0	7	0	0	0	0	0	0	0	0
650	4	0	7	0	0	0	0	0	0	0	0
651	4	0	7	0	0	0	0	0	0	0	0
652	4	0	7	0	0	0	0	0	0	0	0
653	4	0	7	0	0	0	0	0	0	0	0
654	4	0	7	0	0	0	0	0	0	0	0
655	4	0	7	0	0	0	0	0	0	0	0
656	4	0	7	0	0	0	0	0	0	0	0
657	4	0	7	0	0	0	0	0	0	0	0
658	4	0	7	0	0	0	0	0	0	0	0
659	4	0	7	0	0	0	0	0	0	0	0
660	4	0	7	0	0	0	0	0	0	0	0
661	4	0	7	0	0	0	0	0	0	0	0
662	4	0	7	0	0	0	0	0	0	0	0
663	4	0	7	0	0	0	0	0	0	0	0
664	4	0	7	0	0	0	0	0	0	0	0
665	4	0	7	0	0	0	0	0	0	0	0
666	4	0	7	0	0	0	0	0	0	0	0
667	4	0	7	0	0	0	0	0	0	0	0
668	4	0	7	0	0	0	0	0	0	0	0
669	4	0	7	0	0	0	0	0	0	0	0
670	4	0	7	0	0	0	0	0	0	0	0
671	4	0	7	0	0	0	0	0	0	0	0
672	4	0	7	0	0	0	0	0	0	0	0
673	4	0	7	0	0	0	0	0	0	0	0
674	4	0	7	0	0	0	0	0	0	0	0
675	4	0	7	0	0	0	0	0	0	0	0
676	4	0	7	0	0	0	0	0	0	0	0
677	4	0	7	0	0	0	0	0	0	0	0
678	4	0	7	0	0	0	0	0	0	0	0
679	4	0	7	0	0	0	0	0	0	0	0
680	4	0	7	0	0	0	0	0	0	0	0
681	4	0	7	0	0	0	0	0	0	0	0
682	4	0	7	0	0	0	0	0	0	0	0
683	4	0	7	0	0	0	0	0	0	0	0
684	4	0	7	0	0	0	0	0	0	0	0
685	4	0	7	0	0	0	0	0	0	0	0
686	4	0	7	0	0	0	0	0	0	0	0
687	4	0	7	0	0	0	0	0	0	0	0
688	4	0	7	0	0	0	0	0	0	0	0
689	4	0	7	0	0	0	0	0	0	0	0
690	4	0	7	0	0	0	0	0	0	0	0
691	4	0	7	0	0	0	0	0	0	0	0
692	4	0	7	0	0	0	0	0	0	0	0
693	4	0	7	0	0	0	0	0	0	0	0
694	4	0	7	0	0	0	0	0	0	0	0
695	4	0	7	0	0	0	0	0	0	0	0
696	4	0	7	0	0	0	0	0	0	0	0
697	4	0	7	0	0	0	0	0	0	0	0
698	4	0	7	0	0	0	0	0	0	0	0
699	4	0	7	0	0	0	0	0	0	0	0
700	4	0	7	0	0	0	0	0	0	0	0
701	4	0	7	0	0	0	0	0	0	0	0
702	4	0	7	0	0	0	0	0	0	0	0
703	4	0	7	0	0	0	0	0	0	0	0
704	4	0	7	0	0	0	0	0	0	0	0
705	4	0	7	0	0	0	0	0	0	0	0
706	4	0	7	0	0	0	0	0	0	0	0
707	4	0	7	0	0	0	0	0	0	0	0
708	4	0	7	0	0	0	0	0	0	0	0
709	4	0	7	0	0	0	0	0	0	0	0
710	4	0	7	0	0	0	0	0	0	0	0
711	4	0	7	0	0	0	0	0	0	0	0
712	4	0	7	0	0	0	0	0	0	0	0
713	4	0	7	0	0	0	0	0	0	0	0
714	4	0	7	0	0	0	0	0	0	0	0
715	4	0	7	0	0	0	0	0	0	0	0
716	4	0	7	0	0	0	0	0	0	0	0
717	4	0	7	0	0	0	0	0	0	0	0
718	4	0	7	0	0	0	0	0	0	0	0
719	4	0	7	0	0	0	0	0	0	0	0
720	4	0	7	0	0	0	0	0	0	0	0
721	4	0	7	0	0	0	0	0	0	0	0
722	4	0	7	0	0	0	0	0	0	0	0
723	4	0	7	0	0	0	0	0	0	0	0
724	4	0	7	0	0	0	0	0	0	0	0
725	4	0	7	0	0	0	0	0	0	0	0
726	4	0	7	0	0	0	0	0	0	0	0
727	4	0	7	0	0	0	0	0	0	0	0
728	4	0	7	0	0	0	0	0	0	0	0
729	4	0	7	0	0	0	0	0	0	0	0
730	4	0	7	0	0	0	0	0	0	0	0
731	4	0	7	0	0	0	0	0	0	0	0
732	4	0	7	0	0	0	0	0	0	0	0
733	4	0	7	0	0	0	0	0	0	0	0
734	4	0	7	0	0	0	0	0	0	0	0
735	4	0	7	0	0	0	0	0	0	0	0
736	4	0	7	0	0	0	0	0	0	0	0
737	4	0	7	0	0	0	0	0	0	0	0
738	4	0	7	0	0	0	0	0	0	0	0
739	4	0	7	0	0	0	0	0	0	0	0
740	4	0	7	0	0	0	0	0	0	0	0
741	4	0	7	0	0	0	0	0	0	0	0
742	4	0	7	0	0	0	0	0	0	0	0
743	4	0	7	0	0	0	0	0	0	0	0
744	4	0	7	0	0	0	0	0	0	0	0
745	4	0	7	0	0	0	0	0	0	0	0
746	4	0	7	0	0	0	0	0	0	0	0
747	4	0	7	0	0	0	0	0	0	0	0
748	4	0	7	0	0	0	0	0	0	0	0
749	4	0	7	0	0	0	0	0	0	0	0
750	4	0	7	0	0	0	0	0	0	0	0
751	5	1	7	0	0	0	0	0	0	0	0
752	6	128	7	0	0	0	0	0	0	0	0
753	7	128	7	0	0	0	0	0	0	0	0
754	7	128	7	0	0	0	0	0	0	0	0
755	7	128	7	0	0	0	0	0	0	0	0
756	7	128	7	0	0	0	0	0	0	0	0
757	7	128	7	0	0	0	0	0	0	0	0
758	7	128	7	0	0	0	0	0	0	0	0
759	7	128	7	0	0	0	0	0	0	0	0
760	7	128	7	0	0	0	0	0	0	0	0
761	7	128	7	0	0	0	0	0	0	0	0
762	7	128	7	0	0	0	0	0	0	0	0
763	7	128	7	0	0	0	0	0	0	0	0
764	7	128	7	0	0	0	0	0	0	0	0
765	7	128	7	0	0	0	0	0	0	0	0
766	7	128	7	0	0	0	0	0	0	0	0
767	7	128	7	0	0	0	0	0	0	0	0
768	7	128	7	0	0	0	0	0	0	0	0
769	7	128	7	0	0	0	0	0	0	0	0
770	7	128	7	0	0	0	0	0	0	0	0
771	7	128	7	0	0	0	0	0	0	0	0
772	7	128	7	0	0	0	0	0	0	0	0
773	7	128	7	0	0	0	0	0	0	0	0
774	7	128	7	0	0	0	0	0	0	0	0
775	7	128	7	0	0	0	0	0	0	0	0
776	7	128	7	0	0	0	0	0	0	0	0
777	7	128	7	0	0	0	0	0	0	0	0
778	7	128	7	0	0	0	0	0	0	0	0
779	7	128	7	0	0	0	0	0	0	0	0
780	7	128	7	0	0	0	0	0	0	0	0
781	7	128	7	0	0	0	0	0	0	0	0
782	7	128	7	0	0	0	0	0	0	0	0
783	7	128	7	0	0	0	0	0	0	0	0
784	7	128	7	0	0	0	0	0	0	0	0
785	7	128	7	0	0	0	0	0	0	0	0
786	7	128	7	0	0	0	0	0	0	0	0
787	7	128	7	0	0	0	0	0	0	0	0
788	7	128	7	0	0	0	0	0	0	0	0
789	7	128	7	0	0	0	0	0	0	0	0
790	7	128	7	0	0	0	0	0	0	0	0
791	7	128	7	0	0	0	0	0	0	0	0
792	7	128	7	0	0	0	0	0	0	0	0
793	7	128	7	0	0	0	0	0	0	0	0
794	7	128	7	0	0	0	0	0	0	0	0
795	7	128	7	0	0	0	0	0	0	0	0
796	7	128	7	0	0	0	0	0	0	0	0
797	7	128	7	0	0	0	0	0	0	0	0
798	7	128	7	0	0	0	0	0	0	0	0
799	7	128	7	0	0	0	0	0	0	0	0
800	7	128	7	0	0	0	0	0	0	0	0
801	7	128	7	0	0	0	0	0	0	0	0
802	7	128	7	0	0	0	0	0	0	0	0
803	7	128	7	0	0	0	0	0	0	0	0
804	7	128	7	0	0	0	0	0	0	0	0
805	7	128	7	0	0	0	0	0	0	0	0
806	7	128	7	0	0	0	0	0	0	0	0
807	7	128	7	0	0	0	0	0	0	0	0
808	7	128	7	0	0	0	0	0	0	0	0
809	7	128	7	0	0	0	0	0	0	0	0
810	7	128	7	0	0	0	0	0	0	0	0
811	7	128	7	0	0	0	0	0	0	0	0
812	7	128	7	0	0	0	0	0	0	0	0
813	7	128	7	0	0	0	0	0	0	0	0
814	7	128	7	0	0	0	0	0	0	0	0
815	7	128	7	0	0	0	0	0	0	0	0
816	7	128	7	0	0	0	0	0	0	0	0
817	7	128	7	0	0	0	0	0	0	0	0
818	7	128	7	0	0	0	0	0	0	0	0
819	7	128	7	0	0	0	0	0	0	0	0
820	7	128	7	0	0	0	0	0	0	0	0
821	7	128	7	0	0	0	0	0	0	0	0
822	7	128	7	0	0	0	0	0	0	0	0
823	7	128	7	0	0	0	0	0	0	0	0
824	7	128	7	0	0	0	0	0	0	0	0
825	7	128	7	0	0	0	0	0	0	0	0
826	7	128	7	0	0	0	0	0	0	0	0
827	7	128	7	0	0	0	0	0	0	0	0
828	7	128	7	0	0	0	0	0	0	0	0
829	7	128	7	0	0	0	0	0	0	0	0
830	7	128	7	0	0	0	0	0	0	0	0
831	7	128	7	0	0	0	0	0	0	0	0
832	7	128	7	0	0	0	0	0	0	0	0
833	7	128	7	0	0	0	0	0	0	0	0
834	7	128	7	0	0	0	0	0	0	0	0
835	7	128	7	0	0	0	0	0	0	0	0
836	7	128	7	0	0	0	0	0	0	0	0
837	7	128	7	0	0	0	0	0	0	0	0
838	7	128	7	0	0	0	0	0	0	0	0
839	7	128	7	0	0	0	0	0	0	0	0
840	7	128	7	0	0	0	0	0	0	0	0
841	7	128	7	0	0	0	0	0	0	0	0
842	7	128	7	0	0	0	0	0	0	0	0
843	7	128	7	0	0	0	0	0	0	0	0
844	7	128	7	0	0	0	0	0	0	0	0
845	7	128	7	0	0	0	0	0	0	0	0
846	7	128	7	0	0	0	0	0	0	0	0
847	7	128	7	0	0	0	0	0	0	0	0
848	7	128	7	0	0	0	0	0	0	0	0
849	7	128	7	0	0	0	0	0	0	0	0
850	7	128	7	0	0	0	0	0	0	0	0
851	7	128	7	0	0	0	0	0	0	0	0
852	7	128	7	0	0	0	0	0	0	0	0
853	7	128	7	0	0	0	0	0	0	0	0
854	7	128	7	0	0	0	0	0	0	0	0
855	7	128	7	0	0	0	0	0	0	0	0
856	7	128	7	0	0	0	0	0	0	0	0
857	7	128	7	0	0	0	0	0	0	0	0
858	7	128	7	0	0	0	0	0	0	0	0
859	7	128	7	0	0	0	0	0	0	0	0
860	7	128	7	0	0	0	0	0	0	0	0
861	7	128	7	0	0	0	0	0	0	0	0
862	7	128	7	0	0	0	0	0	0	0	0
863	7	128	7	0	0	0	0	0	0	0	0
864	7	128	7	0	0	0	0	0	0	0	0
865	7	128	7	0	0	0	0	0	0	0	0
866	7	128	7	0	0	0	0	0	0	0	0
867	7	128	7	0	0	0	0	0	0	0	0
868	7	128	7	0	0	0	0	0	0	0	0
869	7	128	7	0	0	0	0	0	0	0	0
870	7	128	7	0	0	0	0	0	0	0	0
871	7	128	7	0	0	0	0	0	0	0	0
872	7	128	7	0	0	0	0	0	0	0	0
873	7	128	7	0	0	0	0	0	0	0	0
874	7	128	7	0	0	0	0	0	0	0	0
875	7	128	7	0	0	0	0	0	0	0	0
876	7	128	7	0	0	0	0	0	0	0	0
877	7	128	7	0	0	0	0	0	0	0	0
878	7	128	7	0	0	0	0	0	0	0	0
879	7	128	7	0	0	0	0	0	0	0	0
880	7	128	7	0	0	0	0	0	0	0	0
881	7	128	7	0	0	0	0	0	0	0	0
882	7	128	7	0	0	0	0	0	0	0	0
883	7	128	7	0	0	0	0	0	0	0	0
884	7	128	7	0	0	0	0	0	0	0	0
885	7	128	7	0	0	0	0	0	0	0	0
886	7	128	7	0	0	0	0	0	0	0	0
887	7	128	7	0	0	0	0	0	0	0	0
888	7	128	7	0	0	0	0	0	0	0	0
889	7	128	7	0	0	0	0	0	0	0	0
890	7	128	7	0	0	0	0	0	0	0	0
891	7	128	7	0	0	0	0	0	0	0	0
892	7	128	7	0	0	0	0	0	0	0	0
893	7	128	7	0	0	0	0	0	0	0	0
894	7	128	7	0	0	0	0	0	0	0	0
895	7	128	7	0	0	0	0	0	0	0	0
896	7	128	7	0	0	0	0	0	0	0	0
897	7	128	7	0	0	0	0	0	0	0	0
898	7	128	7	0	0	0	0	0	0	0	0
899	7	128	7	0	0	0	0	0	0	0	0
900	7	128	7	0	0	0	0	0	0	0	0
901	7	128	7	0	0	0	0	0	0	0	0
902	7	128	7	0	0	0	0	0	0	0	0
903	7	128	7	0	0	0	0	0	0	0	0
904	7	128	7	0	0	0	0	0	0	0	0
905	7	128	7	0	0	0	0	0	0	0	0
906	7	128	7	0	0	0	0	0	0	0	0
907	7	128	7	0	0	0	0	0	0	0	0
908	7	128	7	0	0	0	0	0	0	0	0
909	7	128	7	0	0	0	0	0	0	0	0
910	7	128	7	0	0	0	0	0	0	0	0
911	7	128	7	0	0	0	0	0	0	0	0
912	7	128	7	0	0	0	0	0	0	0	0
913	7	128	7	0	0	0	0	0	0	0	0
914	7	128	7	0	0	0	0	0	0	0	0
915	7	128	7	0	0	0	0	0	0	0	0
916	7	128	7	0	0	0	0	0	0	0	0
917	7	128	7	0	0	0	0	0	0	0	0
918	7	128	7	0	0	0	0	0	0	0	0
919	7	128	7	0	0	0	0	0	0	0	0
920	7	128	7	0	0	0	0	0	0	0	0
921	7	128	7	0	0	0	0	0	0	0	0
922	7	128	7	0	0	0	0	0	0	0	0
923	7	128	7	0	0	0	0	0	0	0	0
924	7	128	7	0	0	0	0	0	0	0	0
925	7	128	7	0	0	0	0	0	0	0	0
926	7	128	7	0	0	0	0	0	0	0	0
927	7	128	7	0	0	0	0	0	0	0	0
928	7	128	7	0	0	0	0	0	0	0	0
929	7	128	7	0	0	0	0	0	0	0	0
930	7	128	7	0	0	0	0	0	0	0	0
931	7	128	7	0	0	0	0	0	0	0	0
932	7	128	7	0	0	0	0	0	0	0	0
933	7	128	7	0	0	0	0	0	0	0	0
934	7	128	7	0	0	0	0	0	0	0	0
935	7	128	7	0	0	0	0	0	0	0	0
936	7	128	7	0	0	0	0	0	0	0	0
937	7	128	7	0	0	0	0	0	0	0	0
938	7	128	7	0	0	0	0	0	0	0	0
939	7	128	7	0	0	0	0	0	0	0	0
940	7	128	7	0	0	0	0	0	0	0	0
941	7	128	7	0	0	0	0	0	0	0	0
942	7	128	7	0	0	0	0	0	0	0	0
943	7	128	7	0	0	0	0	0	0	0	0
944	7	128	7	0	0	0	0	0	0	0	0
945	7	128	7	0	0	0	0	0	0	0	0
946	7	128	7	0	0	0	0	0	0	0	0
947	7	128	7	0	0	0	0	0	0	0	0
948	7	128	7	0	0	0	0	0	0	0	0
949	7	128	7	0	0	0	0	0	0	0	0
950	7	128	7	0	0	0	0	0	0	0	0
951	7	128	7	0	0	0	0	0	0	0	0
952	7	128	7	0	0	0	0	0	0	0	0
953	7	128	7	0	0	0	0	0	0	0	0
954	7	128	7	0	0	0	0	0	0	0	0
955	7	128	7	0	0	0	0	0	0	0	0
956	7	128	7	0	0	0	0	0	0	0	0
957	7	128	7	0	0	0	0	0	0	0	0
958	7	128	7	0	0	0	0	0	0	0	0
959	7	128	7	0	0	0	0	0	0	0	0
960	7	128	7	0	0	0	0	0	0	0	0
961	7	128	7	0	0	0	0	0	0	0	0
962	7	128	7	0	0	0	0	0	0	0	0
963	7	128	7	0	0	0	0	0	0	0	0
964	7	128	7	0	0	0	0	0	0	0	0
965	7	128	7	0	0	0	0	0	0	0	0
966	7	128	7	0	0	0	0	0	0	0	0
967	7	128	7	0	0	0	0	0	0	0	0
968	7	128	7	0	0	0	0	0	0	0	0
969	7	128	7	0	0	0	0	0	0	0	0
970	7	128	7	0	0	0	0	0	0	0	0
971	7	128	7	0	0	0	0	0	0	0	0
972	7	128	7	0	0	0	0	0	0	0	0
973	7	128	7	0	0	0	0	0	0	0	0
974	7	128	7	0	0	0	0	0	0	0	0
975	7	128	7	0	0	0	0	0	0	0	0
976	7	128	7	0	0	0	0	0	0	0	0
977	7	128	7	0	0	0	0	0	0	0	0
978	7	128	7	0	0	0	0	0	0	0	0
979	7	128	7	0	0	0	0	0	0	0	0
980	7	128	7	0	0	0	0	0	0	0	0
981	7	128	7	0	0	0	0	0	0	0	0
982	7	128	7	0	0	0	0	0	0	0	0
983	7	128	7	0	0	0	0	0	0	0	0
984	7	128	7	0	0	0	0	0	0	0	0
985	7	128	7	0	0	0	0	0	0	0	0
986	7	128	7	0	0	0	0	0	0	0	0
987	7	128	7	0	0	0	0	0	0	0	0
988	7	128	7	0	0	0	0	0	0	0	0
989	7	128	7	0	0	0	0	0	0	0	0
990	7	128	7	0	0	0	0	0	0	0	0
991	7	128	7	0	0	0	0	0	0	0	0
992	7	128	7	0	0	0	0	0	0	0	0
993	7	128	7	0	0	0	0	0	0	0	0
994	7	128	7	0	0	0	0	0	0	0	0
995	7	128	7	0	0	0	0	0	0	0	0
996	7	128	7	0	0	0	0	0	0	0	0
997	7	128	7	0	0	0	0	0	0	0	0
998	7	128	7	0	0	0	0	0	0	0	0
999	7	128	7	0	0	0	0	0	0	0	0
1000	7	128	7	0	0	0	0	0	0	0	0
1001	7	128	7	0	0	0	0	0	0	0	0
1002	7	128	7	0	0	0	0	0	0	0	0
1003	7	128	7	0	0	0	0	0	0	0	0
1004	7	128	7	0	0	0	0	0	0	0	0
1005	7	128	7	0	0	0	0	0	0	0	0
1006	7	128	7	0	0	0	0	0	0	0	0
1007	7	128	7	0	0	0	0	0	0	0	0
1008	7	128	7	0	0	0	0	0	0	0	0
1009	7	128	7	0	0	0	0	0	0	0	0
1010	7	128	7	0	0	0	0	0	0	0	0
1011	7	128	7	0	0	0	0	0	0	0	0
1012	7	128	7	0	0	0	0	0	0	0	0
1013	7	128	7	0	0	0	0	0	0	0	0
1014	7	128	7	0	0	0	0	0	0	0	0
1015	7	128	7	0	0	0	0	0	0	0	0
1016	7	128	7	0	0	0	0	0	0	0	0
1017	7	128	7	0	0	0	0	0	0	0	0
1018	7	128	7	0	0	0	0	0	0	0	0
1019	7	128	7	0	0	0	0	0	0	0	0
1020	7	128	7	0	0	0	0	0	0	0	0
1021	7	128	7	0	0	0	0	0	0	0	0
1022	7	128	7	0	0	0	0	0	0	0	0
1023	7	128	7	0	0	0	0	0	0	0	0
1024	7	128	7	0	0	0	0	0	0	0	0
1025	7	128	7	0	0	0	0	0	0	0	0
1026	7	128	7	0	0	0	0	0	0	0	0
1027	7	128	7	0	0	0	0	0	0	0	0
1028	7	128	7	0	0	0	0	0	0	0	0
1029	7	128	7	0	0	0	0	0	0	0	0
1030	7	128	7	0	0	0	0	0	0	0	0
1031	7	128	7	0	0	0	0	0	0	0	0
1032	7	128	7	0	0	0	0	0	0	0	0
1033	7	128	7	0	0	0	0	0	0	0	0
1034	7	128	7	0	0	0	0	0	0	0	0
1035	7	128	7	0	0	0	0	0	0	0	0
1036	7	128	7	0	0	0	0	0	0	0	0
1037	7	128	7	0	0	0	0	0	0	0	0
1038	7	128	7	0	0	0	0	0	0	0	0
1039	7	128	7	0	0	0	0	0	0	0	0
1040	7	128	7	0	0	0	0	0	0	0	0
1041	7	128	7	0	0	0	0	0	0	0	0
1042	7	128	7	0	0	0	0	0	0	0	0
1043	7	128	7	0	0	0	0	0	0	0	0
1044	7	128	7	0	0	0	0	0	0	0	0
1045	7	128	7	0	0	0	0	0	0	0	0
1046	7	128	7	0	0	0	0	0	0	0	0
1047	7	128	7	0	0	0	0	0	0	0	0
1048	7	128	7	0	0	0	0	0	0	0	0
1049	7	128	7	0	0	0	0	0	0	0	0
1050	7	128	7	0	0	0	0	0	0	0	0
1051	7	128	7	0	0	0	0	0	0	0	0
1052	7	128	7	0	0	0	0	0	0	0	0
1053	7	128	7	0	0	0	0	0	0	0	0
1054	7	128	7	0	0	0	0	0	0	0	0
1055	7	128	7	0	0	0	0	0	0	0	0
1056	7	128	7	0	0	0	0	0	0	0	0
1057	7	128	7	0	0	0	0	0	0	0	0
1058	7	128	7	0	0	0	0	0	0	0	0
1059	7	128	7	0	0	0	0	0	0	0	0
1060	7	128	7	0	0	0	0	0	0	0	0
1061	7	128	7	0	0	0	0	0	0	0	0
1062	7	128	7	0	0	0	0	0	0	0	0
1063	7	128	7	0	0	0	0	0	0	0	0
1064	7	128	7	0	0	0	0	0	0	0	0
1065	7	128	7	0	0	0	0	0	0	0	0
1066	7	128	7	0	0	0	0	0	0	0	0
1067	7	128	7	0	0	0	0	0	0	0	0
1068	7	128	7	0	0	0	0	0	0	0	0
1069	7	128	7	0	0	0	0	0	0	0	0
1070	7	128	7	0	0	0	0	0	0	0	0
1071	7	128	7	0	0	0	0	0	0	0	0
1072	7	128	7	0	0	0	0	0	0	0	0
1073	7	128	7	0	0	0	0	0	0	0	0
1074	7	128	7	0	0	0	0	0	0	0	0
1075	7	128	7	0	0	0	0	0	0	0	0
1076	7	128	7	0	0	0	0	0	0	0	0
1077	7	128	7	0	0	0	0	0	0	0	0
1078	7	128	7	0	0	0	0	0	0	0	0
1079	7	128	7	0	0	0	0	0	0	0	0
1080	7	128	7	0	0	0	0	0	0	0	0
1081	7	128	7	0	0	0	0	0	0	0	0
1082	7	128	7	0	0	0	0	0	0	0	0
1083	7	128	7	0	0	0	0	0	0	0	0
1084	7	128	7	0	0	0	0	0	0	0	0
1085	7	128	7	0	0	0	0	0	0	0	0
1086	7	128	7	0	0	0	0	0	0	0	0
1087	7	128	7	0	0	0	0	0	0	0	0
1088	7	128	7	0	0	0	0	0	0	0	0
1089	7	128	7	0	0	0	0	0	0	0	0
1090	7	128	7	0	0	0	0	0	0	0	0
1091	7	128	7	0	0	0	0	0	0	0	0
1092	7	128	7	0	0	0	0	0	0	0	0
1093	7	128	7	0	0	0	0	0	0	0	0
1094	7	128	7	0	0	0	0	0	0	0	0
1095	7	128	7	0	0	0	0	0	0	0	0
1096	7	128	7	0	0	0	0	0	0	0	0
1097	7	128	7	0	0	0	0	0	0	0	0
1098	7	128	7	0	0	0	0	0	0	0	0
1099	7	128	7	0	0	0	0	0	0	0	0
1100	7	128	7	0	0	0	0	0	0	0	0
1101	7	128	7	0	0	0	0	0	0	0	0
1102	7	128	7	0	0	0	0	0	0	0	0
1103	7	128	7	0	0	0	0	0	0	0	0
1104	7	128	7	0	0	0	0	0	0	0	0
1105	7	128	7	0	0	0	0	0	0	0	0
1106	7	128	7	0	0	0	0	0	0	0	0
1107	7	128	7	0	0	0	0	0	0	0	0
1108	7	128	7	0	0	0	0	0	0	0	0
1109	7	128	7	0	0	0	0	0	0	0	0
1110	7	128	7	0	0	0	0	0	0	0	0
1111	7	128	7	0	0	0	0	0	0	0	0
1112	7	128	7	0	0	0	0	0	0	0	0
1113	7	128	7	0	0	0	0	0	0	0	0
1114	7	128	7	0	0	0	0	0	0	0	0
1115	7	128	7	0	0	0	0	0	0	0	0
1116	7	128	7	0	0	0	0	0	0	0	0
1117	7	128	7	0	0	0	0	0	0	0	0
1118	7	128	7	0	0	0	0	0	0	0	0
1119	7	128	7	0	0	0	0	0	0	0	0
1120	7	128	7	0	0	0	0	0	0	0	0
1121	7	128	7	0	0	0	0	0	0	0	0
1122	7	128	7	0	0	0	0	0	0	0	0
1123	7	128	7	0	0	0	0	0	0	0	0
1124	7	128	7	0	0	0	0	0	0	0	0
1125	7	128	7	0	0	0	0	0	0	0	0
1126	7	128	7	0	0	0	0	0	0	0	0
1127	7	128	7	0	0	0	0	0	0	0	0
1128	7	128	7	0	0	0	0	0	0	0	0
1129	7	128	7	0	0	0	0	0	0	0	0
1130	7	128	7	0	0	0	0	0	0	0	0
1131	7	128	7	0	0	0	0	0	0	0	0
1132	7	128	7	0	0	0	0	0	0	0	0
1133	7	128	7	0	0	0	0	0	0	0	0
1134	7	128	7	0	0	0	0	0	0	0	0
1135	7	128	7	0	0	0	0	0	0	0	0
1136	7	128	7	0	0	0	0	0	0	0	0
1137	7	128	7	0	0	0	0	0	0	0	0
1138	7	128	7	0	0	0	0	0	0	0	0
1139	7	128	7	0	0	0	0	0	0	0	0
1140	7	128	7	0	0	0	0	0	0	0	0
1141	7	128	7	0	0	0	0	0	0	0	0
1142	7	128	7	0	0	0	0	0	0	0	0
1143	7	128	7	0	0	0	0	0	0	0	0
1144	7	128	7	0	0	0	0	0	0	0	0
1145	7	128	7	0	0	0	0	0	0	0	0
1146	7	128	7	0	0	0	0	0	0	0	0
1147	7	128	7	0	0	0	0	0	0	0	0
1148	7	128	7	0	0	0	0	0	0	0	0
1149	7	128	7	0	0	0	0	0	0	0	0
1150	7	128	7	0	0	0	0	0	0	0	0
1151	7	128	7	0	0	0	0	0	0	0	0
1152	7	128	7	0	0	0	0	0	0	0	0
1153	7	128	7	0	0	0	0	0	0	0	0
1154	7	128	7	0	0	0	0	0	0	0	0
1155	7	128	7	0	0	0	0	0	0	0	0
1156	7	128	7	0	0	0	0	0	0	0	0
1157	7	128	7	0	0	0	0	0	0	0	0
1158	7	128	7	0	0	0	0	0	0	0	0
1159	7	128	7	0	0	0	0	0	0	0	0
1160	7	128	7	0	0	0	0	0	0	0	0
1161	7	128	7	0	0	0	0	0	0	0	0
1162	7	128	7	0	0	0	0	0	0	0	0
1163	7	128	7	0	0	0	0	0	0	0	0
1164	7	128	7	0	0	0	0	0	0	0	0
1165	7	128	7	0	0	0	0	0	0	0	0
1166	7	128	7	0	0	0	0	0	0	0	0
1167	7	128	7	0	0	0	0	0	0	0	0
1168	7	128	7	0	0	0	0	0	0	0	0
1169	7	128	7	0	0	0	0	0	0	0	0
1170	7	128	7	0	0	0	0	0	0	0	0
1171	7	128	7	0	0	0	0	0	0	0	0
1172	7	128	7	0	0	0	0	0	0	0	0
1173	7	128	7	0	0	0	0	0	0	0	0
1174	7	128	7	0	0	0	0	0	0	0	0
1175	7	128	7	0	0	0	0	0	0	0	0
1176	7	128	7	0	0	0	0	0	0	0	0
1177	7	128	7	0	0	0	0	0	0	0	0
1178	7	128	7	0	0	0	0	0	0	0	0
1179	7	128	7	0	0	0	0	0	0	0	0
1180	7	128	7	0	0	0	0	0	0	0	0
1181	7	128	7	0	0	0	0	0	0	0	0
1182	7	128	7	0	0	0	0	0	0	0	0
1183	7	128	7	0	0	0	0	0	0	0	0
1184	4	128	6	0	0	0	0	0	0	0	0
1185	5	128	6	0	0	0	0	0	0	0	0
1186	6	64	6	0	0	0	0	0	0	0	0
1187	7	64	6	0	0	0	0	0	0	0	0
1188	7	64	6	0	0	0	0	0	0	0	0
1189	7	64	6	0	0	0	0	0	0	0	0
1190	7	64	6	0	0	0	0	0	0	0	0
1191	7	64	6	0	0	0	0	0	0	0	0
1192	7	64	6	0	0	0	0	0	0	0	0
1193	7	64	6	0	0	0	0	0	0	0	0
1194	7	64	6	0	0	0	0	0	0	0	0
1195	7	64	6	0	0	0	0	0	0	0	0
1196	7	64	6	0	0	0	0	0	0	0	0
1197	7	64	6	0	0	0	0	0	0	0	0
1198	7	64	6	0	0	0	0	0	0	0	0
1199	7	64	6	0	0	0	0	0	0	0	0
1200	7	64	6	0	0	0	0	0	0	0	0
1201	7	64	6	0	0	0	0	0	0	0	0
1202	7	64	6	0	0	0	0	0	0	0	0
1203	7	64	6	0	0	0	0	0	0	0	0
1204	7	64	6	0	0	0	0	0	0	0	0
1205	7	64	6	0	0	0	0	0	0	0	0
1206	7	64	6	0	0	0	0	0	0	0	0
1207	7	64	6	0	0	0	0	0	0	0	0
1208	7	64	6	0	0	0	0	0	0	0	0
1209	7	64	6	0	0	0	0	0	0	0	0
1210	7	64	6	0	0	0	0	0	0	0	0
1211	7	64	6	0	0	0	0	0	0	0	0
1212	7	64	6	0	0	0	0	0	0	0	0
1213	7	64	6	0	0	0	0	0	0	0	0
1214	7	64	6	0	0	0	0	0	0	0	0
1215	7	64	6	0	0	0	0	0	0	0	0
1216	7	64	6	0	0	0	0	0	0	0	0
1217	7	64	6	0	0	0	0	0	0	0	0
1218	7	64	6	0	0	0	0	0	0	0	0
1219	7	64	6	0	0	0	0	0	0	0	0
1220	7	64	6	0	0	0	0	0	0	0	0
1221	7	64	6	0	0	0	0	0	0	0	0
1222	7	64	6	0	0	0	0	0	0	0	0
1223	7	64	6	0	0	0	0	0	0	0	0
1224	7	64	6	0	0	0	0	0	0	0	0
1225	7	64	6	0	0	0	0	0	0	0	0
1226	7	64	6	0	0	0	0	0	0	0	0
1227	7	64	6	0	0	0	0	0	0	0	0
1228	7	64	6	0	0	0	0	0	0	0	0
1229	7	64	6	0	0	0	0	0	0	0	0
1230	7	64	6	0	0	0	0	0	0	0	0
1231	7	64	6	0	0	0	0	0	0	0	0
1232	7	64	6	0	0	0	0	0	0	0	0
1233	7	64	6	0	0	0	0	0	0	0	0
1234	7	64	6	0	0	0	0	0	0	0	0
1235	7	64	6	0	0	0	0	0	0	0	0
1236	7	64	6	0	0	0	0	0	0	0	0
1237	7	64	6	0	0	0	0	0	0	0	0
1238	7	64	6	0	0	0	0	0	0	0	0
1239	7	64	6	0	0	0	0	0	0	0	0
1240	7	64	6	0	0	0	0	0	0	0	0
1241	7	64	6	0	0	0	0	0	0	0	0
1242	7	64	6	0	0	0	0	0	0	0	0
1243	7	64	6	0	0	0	0	0	0	0	0
1244	7	64	6	0	0	0	0	0	0	0	0
1245	7	64	6	0	0	0	0	0	0	0	0
1246	7	64	6	0	0	0	0	0	0	0	0
1247	7	64	6	0	0	0	0	0	0	0	0
1248	7	64	6	0	0	0	0	0	0	0	0
1249	7	64	6	0	0	0	0	0	0	0	0
1250	7	64	6	0	0	0	0	0	0	0	0
1251	7	64	6	0	0	0	0	0	0	0	0
1252	7	64	6	0	0	0	0	0	0	0	0
1253	7	64	6	0	0	0	0	0	0	0	0
1254	7	64	6	0	0	0	0	0	0	0	0
1255	7	64	6	0	0	0	0	0	0	0	0
1256	7	64	6	0	0	0	0	0	0	0	0
1257	7	64	6	0	0	0	0	0	0	0	0
1258	7	64	6	0	0	0	0	0	0	0	0
1259	7	64	6	0	0	0	0	0	0	0	0
1260	7	64	6	0	0	0	0	0	0	0	0
1261	7	64	6	0	0	0	0	0	0	0	0
1262	7	64	6	0	0	0	0	0	0	0	0
1263	7	64	6	0	0	0	0	0	0	0	0
1264	7	64	6	0	0	0	0	0	0	0	0
1265	7	64	6	0	0	0	0	0	0	0	0
1266	7	64	6	0	0	0	0	0	0	0	0
1267	7	64	6	0	0	0	0	0	0	0	0
1268	7	64	6	0	0	0	0	0	0	0	0
1269	7	64	6	0	0	0	0	0	0	0	0
1270	7	64	6	0	0	0	0	0	0	0	0
1271	7	64	6	0	0	0	0	0	0	0	0
1272	7	64	6	0	0	0	0	0	0	0	0
1273	7	64	6	0	0	0	0	0	0	0	0
1274	7	64	6	0	0	0	0	0	0	0	0
1275	7	64	6	0	0	0	0	0	0	0	0
1276	7	64	6	0	0	0	0	0	0	0	0
1277	7	64	6	0	0	0	0	0	0	0	0
1278	7	64	6	0	0	0	0	0	0	0	0
1279	7	64	6	0	0	0	0	0	0	0	0
1280	7	64	6	0	0	0	0	0	0	0	0
1281	7	64	6	0	0	0	0	0	0	0	0
1282	7	64	6	0	0	0	0	0	0	0	0
1283	7	64	6	0	0	0	0	0	0	0	0
1284	7	64	6	0	0	0	0	0	0	0	0
1285	7	64	6	0	0	0	0	0	0	0	0
1286	7	64	6	0	0	0	0	0	0	0	0
1287	7	64	6	0	0	0	0	0	0	0	0
1288	7	64	6	0	0	0	0	0	0	0	0
1289	7	64	6	0	0	0	0	0	0	0	0
1290	7	64	6	0	0	0	0	0	0	0	0
1291	7	64	6	0	0	0	0	0	0	0	0
1292	7	64	6	0	0	0	0	0	0	0	0
1293	7	64	6	0	0	0	0	0	0	0	0
1294	7	64	6	0	0	0	0	0	0	0	0
1295	7	64	6	0	0	0	0	0	0	0	0
1296	7	64	6	0	0	0	0	0	0	0	0
1297	7	64	6	0	0	0	0	0	0	0	0
1298	7	64	6	0	0	0	0	0	0	0	0
1299	7	64	6	0	0	0	0	0	0	0	0
1300	7	64	6	0	0	0	0	0	0	0	0
1301	7	64	6	0	0	0	0	0	0	0	0
1302	7	64	6	0	0	0	0	0	0	0	0
1303	7	64	6	0	0	0	0	0	0	0	0
1304	7	64	6	0	0	0	0	0	0	0	0
1305	7	64	6	0	0	0	0	0	0	0	0
1306	7	64	6	0	0	0	0	0	0	0	0
1307	7	64	6	0	0	0	0	0	0	0	0
1308	7	64	6	0	0	0	0	0	0	0	0
1309	7	64	6	0	0	0	0	0	0	0	0
1310	7	64	6	0	0	0	0	0	0	0	0
1311	7	64	6	0	0	0	0	0	0	0	0
1312	7	64	6	0	0	0	0	0	0	0	0
1313	7	64	6	0	0	0	0	0	0	0	0
1314	7	64	6	0	0	0	0	0	0	0	0
1315	7	64	6	0	0	0	0	0	0	0	0
1316	7	64	6	0	0	0	0	0	0	0	0
1317	7	64	6	0	0	0	0	0	0	0	0
1318	7	64	6	0	0	0	0	0	0	0	0
1319	7	64	6	0	0	0	0	0	0	0	0
1320	7	64	6	0	0	0	0	0	0	0	0
1321	7	64	6	0	0	0	0	0	0	0	0
1322	7	64	6	0	0	0	0	0	0	0	0
1323	7	64	6	0	0	0	0	0	0	0	0
1324	7	64	6	0	0	0	0	0	0	0	0
1325	7	64	6	0	0	0	0	0	0	0	0
1326	7	64	6	0	0	0	0	0	0	0	0
1327	7	64	6	0	0	0	0	0	0	0	0
1328	7	64	6	0	0	0	0	0	0	0	0
1329	7	64	6	0	0	0	0	0	0	0	0
1330	7	64	6	0	0	0	0	0	0	0	0
1331	7	64	6	0	0	0	0	0	0	0	0
1332	7	64	6	0	0	0	0	0	0	0	0
1333	7	64	6	0	0	0	0	0	0	0	0
1334	7	64	6	0	0	0	0	0	0	0	0
1335	7	64	6	0	0	0	0	0	0	0	0
1336	7	64	6	0	0	0	0	0	0	0	0
1337	7	64	6	0	0	0	0	0	0	0	0
1338	7	64	6	0	0	0	0	0	0	0	0
1339	7	64	6	0	0	0	0	0	0	0	0
1340	7	64	6	0	0	0	0	0	0	0	0
1341	7	64	6	0	0	0	0	0	0	0	0
1342	7	64	6	0	0	0	0	0	0	0	0
1343	7	64	6	0	0	0	0	0	0	0	0
1344	7	64	6	0	0	0	0	0	0	0	0
1345	7	64	6	0	0	0	0	0	0	0	0
1346	7	64	6	0	0	0	0	0	0	0	0
1347	7	64	6	0	0	0	0	0	0	0	0
1348	7	64	6	0	0	0	0	0	0	0	0
1349	7	64	6	0	0	0	0	0	0	0	0
1350	7	64	6	0	0	0	0	0	0	0	0
1351	7	64	6	0	0	0	0	0	0	0	0
1352	7	64	6	0	0	0	0	0	0	0	0
1353	7	64	6	0	0	0	0	0	0	0	0
1354	7	64	6	0	0	0	0	0	0	0	0
1355	7	64	6	0	0	0	0	0	0	0	0
1356	7	64	6	0	0	0	0	0	0	0	0
1357	7	64	6	0	0	0	0	0	0	0	0
1358	7	64	6	0	0	0	0	0	0	0	0
1359	7	64	6	0	0	0	0	0	0	0	0
1360	7	64	6	0	0	0	0	0	0	0	0
1361	7	64	6	0	0	0	0	0	0	0	0
1362	7	64	6	0	0	0	0	0	0	0	0
1363	7	64	6	0	0	0	0	0	0	0	0
1364	7	64	6	0	0	0	0	0	0	0	0
1365	7	64	6	0	0	0	0	0	0	0	0
1366	7	64	6	0	0	0	0	0	0	0	0
1367	7	64	6	0	0	0	0	0	0	0	0
1368	7	64	6	0	0	0	0	0	0	0	0
1369	7	64	6	0	0	0	0	0	0	0	0
1370	7	64	6	0	0	0	0	0	0	0	0
1371	7	64	6	0	0	0	0	0	0	0	0
1372	7	64	6	0	0	0	0	0	0	0	0
1373	7	64	6	0	0	0	0	0	0	0	0
1374	7	64	6	0	0	0	0	0	0	0	0
1375	7	64	6	0	0	0	0	0	0	0	0
1376	7	64	6	0	0	0	0	0	0	0	0
1377	7	64	6	0	0	0	0	0	0	0	0
1378	7	64	6	0	0	0	0	0	0	0	0
1379	7	64	6	0	0	0	0	0	0	0	0
1380	7	64	6	0	0	0	0	0	0	0	0
1381	7	64	6	0	0	0	0	0	0	0	0
1382	7	64	6	0	0	0	0	0	0	0	0
1383	7	64	6	0	0	0	0	0	0	0	0
1384	7	64	6	0	0	0	0	0	0	0	0
1385	7	64	6	0	0	0	0	0	0	0	0
1386	7	64	6	0	0	0	0	0	0	0	0
1387	7	64	6	0	0	0	0	0	0	0	0
1388	7	64	6	0	0	0	0	0	0	0	0
1389	7	64	6	0	0	0	0	0	0	0	0
1390	7	64	6	0	0	0	0	0	0	0	0
1391	7	64	6	0	0	0	0	0	0	0	0
1392	7	64	6	0	0	0	0	0	0	0	0
1393	7	64	6	0	0	0	0	0	0	0	0
1394	7	64	6	0	0	0	0	0	0	0	0
1395	7	64	6	0	0	0	0	0	0	0	0
1396	7	64	6	0	0	0	0	0	0	0	0
1397	7	64	6	0	0	0	0	0	0	0	0
1398	7	64	6	0	0	0	0	0	0	0	0
1399	7	64	6	0	0	0	0	0	0	0	0
1400	7	64	6	0	0	0	0	0	0	0	0
1401	7	64	6	0	0	0	0	0	0	0	0
1402	7	64	6	0	0	0	0	0	0	0	0
1403	7	64	6	0	0	0	0	0	0	0	0
1404	7	64	6	0	0	0	0	0	0	0	0
1405	7	64	6	0	0	0	0	0	0	0	0
1406	7	64	6	0	0	0	0	0	0	0	0
1407	7	64	6	0	0	0	0	0	0	0	0
1408	7	64	6	0	0	0	0	0	0	0	0
1409	7	64	6	0	0	0	0	0	0	0	0
1410	7	64	6	0	0	0	0	0	0	0	0
1411	7	64	6	0	0	0	0	0	0	0	0
1412	7	64	6	0	0	0	0	0	0	0	0
1413	7	64	6	0	0	0	0	0	0	0	0
1414	7	64	6	0	0	0	0	0	0	0	0
1415	7	64	6	0	0	0	0	0	0	0	0
1416	7	64	6	0	0	0	0	0	0	0	0
1417	7	64	6	0	0	0	0	0	0	0	0
1418	7	64	6	0	0	0	0	0	0	0	0
1419	7	64	6	0	0	0	0	0	0	0	0
1420	7	64	6	0	0	0	0	0	0	0	0
1421	7	64	6	0	0	0	0	0	0	0	0
1422	7	64	6	0	0	0	0	0	0	0	0
1423	7	64	6	0	0	0	0	0	0	0	0
1424	7	64	6	0	0	0	0	0	0	0	0
1425	7	64	6	0	0	0	0	0	0	0	0
1426	7	64	6	0	0	0	0	0	0	0	0
1427	7	64	6	0	0	0	0	0	0	0	0
1428	7	64	6	0	0	0	0	0	0	0	0
1429	7	64	6	0	0	0	0	0	0	0	0
1430	7	64	6	0	0	0	0	0	0	0	0
1431	7	64	6	0	0	0	0	0	0	0	0
1432	7	64	6	0	0	0	0	0	0	0	0
1433	7	64	6	0	0	0	0	0	0	0	0
1434	7	64	6	0	0	0	0	0	0	0	0
1435	7	64	6	0	0	0	0	0	0	0	0
1436	7	64	6	0	0	0	0	0	0	0	0
1437	7	64	6	0	0	0	0	0	0	0	0
1438	7	64	6	0	0	0	0	0	0	0	0
1439	7	64	6	0	0	0	0	0	0	0	0
1440	7	64	6	0	0	0	0	0	0	0	0
1441	7	64	6	0	0	0	0	0	0	0	0
1442	7	64	6	0	0	0	0	0	0	0	0
1443	7	64	6	0	0	0	0	0	0	0	0
1444	7	64	6	0	0	0	0	0	0	0	0
1445	7	64	6	0	0	0	0	0	0	0	0
1446	7	64	6	0	0	0	0	0	0	0	0
1447	7	64	6	0	0	0	0	0	0	0	0
1448	7	64	6	0	0	0	0	0	0	0	0
1449	7	64	6	0	0	0	0	0	0	0	0
1450	7	64	6	0	0	0	0	0	0	0	0
1451	7	64	6	0	0	0	0	0	0	0	0
1452	7	64	6	0	0	0	0	0	0	0	0
1453	7	64	6	0	0	0	0	0	0	0	0
1454	7	64	6	0	0	0	0	0	0	0	0
1455	7	64	6	0	0	0	0	0	0	0	0
1456	7	64	6	0	0	0	0	0	0	0	0
1457	7	64	6	0	0	0	0	0	0	0	0
1458	7	64	6	0	0	0	0	0	0	0	0
1459	7	64	6	0	0	0	0	0	0	0	0
1460	7	64	6	0	0	0	0	0	0	0	0
1461	7	64	6	0	0	0	0	0	0	0	0
1462	7	64	6	0	0	0	0	0	0	0	0
1463	7	64	6	0	0	0	0	0	0	0	0
1464	7	64	6	0	0	0	0	0	0	0	0
1465	7	64	6	0	0	0	0	0	0	0	0
1466	7	64	6	0	0	0	0	0	0	0	0
1467	7	64	6	0	0	0	0	0	0	0	0
1468	7	64	6	0	0	0	0	0	0	0	0
1469	7	64	6	0	0	0	0	0	0	0	0
1470	7	64	6	0	0	0	0	0	0	0	0
1471	7	64	6	0	0	0	0	0	0	0	0
1472	7	64	6	0	0	0	0	0	0	0	0
1473	7	64	6	0	0	0	0	0	0	0	0
1474	7	64	6	0	0	0	0	0	0	0	0
1475	7	64	6	0	0	0	0	0	0	0	0
1476	7	64	6	0	0	0	0	0	0	0	0
1477	7	64	6	0	0	0	0	0	0	0	0
1478	7	64	6	0	0	0	0	0	0	0	0
1479	7	64	6	0	0	0	0	0	0	0	0
1480	7	64	6	0	0	0	0	0	0	0	0
1481	7	64	6	0	0	0	0	0	0	0	0
1482	7	64	6	0	0	0	0	0	0	0	0
1483	7	64	6	0	0	0	0	0	0	0	0
1484	7	64	6	0	0	0	0	0	0	0	0
1485	7	64	6	0	0	0	0	0	0	0	0
1486	7	64	6	0	0	0	0	0	0	0	0
1487	7	64	6	0	0	0	0	0	0	0	0
1488	7	64	6	0	0	0	0	0	0	0	0
1489	7	64	6	0	0	0	0	0	0	0	0
1490	7	64	6	0	0	0	0	0	0	0	0
1491	7	64	6	0	0	0	0	0	0	0	0
1492	7	64	6	0	0	0	0	0	0	0	0
1493	7	64	6	0	0	0	0	0	0	0	0
1494	7	64	6	0	0	0	0	0	0	0	0
1495	7	64	6	0	0	0	0	0	0	0	0
1496	7	64	6	0	0	0	0	0	0	0	0
1497	7	64	6	0	0	0	0	0	0	0	0
1498	7	64	6	0	0	0	0	0	0	0	0
1499	7	64	6	0	0	0	0	0	0	0	0
1500	7	64	6	0	0	0	0	0	0	0	0
1501	7	64	6	0	0	0	0	0	0	0	0
1502	7	64	6	0	0	0	0	0	0	0	0
1503	7	64	6	0	0	0	0	0	0	0	0
1504	7	64	6	0	0	0	0	0	0	0	0
1505	7	64	6	0	0	0	0	0	0	0	0
1506	7	64	6	0	0	0	0	0	0	0	0
1507	7	64	6	0	0	0	0	0	0	0	0
1508	7	64	6	0	0	0	0	0	0	0	0
1509	7	64	6	0	0	0	0	0	0	0	0
1510	7	64	6	0	0	0	0	0	0	0	0
1511	7	64	6	0	0	0	0	0	0	0	0
1512	7	64	6	0	0	0	0	0	0	0	0
1513	7	64	6	0	0	0	0	0	0	0	0
1514	7	64	6	0	0	0	0	0	0	0	0
1515	7	64	6	0	0	0	0	0	0	0	0
1516	7	64	6	0	0	0	0	0	0	0	0
1517	7	64	6	0	0	0	0	0	0	0	0
1518	7	64	6	0	0	0	0	0	0	0	0
1519	7	64	6	0	0	0	0	0	0	0	0
1520	7	64	6	0	0	0	0	0	0	0	0
1521	7	64	6	0	0	0	0	0	0	0	0
1522	7	64	6	0	0	0	0	0	0	0	0
1523	7	64	6	0	0	0	0	0	0	0	0
1524	7	64	6	0	0	0	0	0	0	0	0
1525	7	64	6	0	0	0	0	0	0	0	0
1526	7	64	6	0	0	0	0	0	0	0	0
1527	7	64	6	0	0	0	0	0	0	0	0
1528	7	64	6	0	0	0	0	0	0	0	0
1529	7	64	6	0	0	0	0	0	0	0	0
1530	7	64	6	0	0	0	0	0	0	0	0
1531	7	64	6	0	0	0	0	0	0	0	0
1532	7	64	6	0	0	0	0	0	0	0	0
1533	7	64	6	0	0	0	0	0	0	0	0
1534	7	64	6	0	0	0	0	0	0	0	0
1535	7	64	6	0	0	0	0	0	0	0	0
1536	7	64	6	0	0	0	0	0	0	0	0
1537	7	64	6	0	0	0	0	0	0	0	0
1538	7	64	6	0	0	0	0	0	0	0	0
1539	7	64	6	0	0	0	0	0	0	0	0
1540	7	64	6	0	0	0	0	0	0	0	0
1541	7	64	6	0	0	0	0	0	0	0	0
1542	7	64	6	0	0	0	0	0	0	0	0
1543	7	64	6	0	0	0	0	0	0	0	0
1544	7	64	6	0	0	0	0	0	0	0	0
1545	7	64	6	0	0	0	0	0	0	0	0
1546	7	64	6	0	0	0	0	0	0	0	0
1547	7	64	6	0	0	0	0	0	0	0	0
1548	7	64	6	0	0	0	0	0	0	0	0
1549	7	64	6	0	0	0	0	0	0	0	0
1550	7	64	6	0	0	0	0	0	0	0	0
1551	7	64	6	0	0	0	0	0	0	0	0
1552	7	64	6	0	0	0	0	0	0	0	0
1553	7	64	6	0	0	0	0	0	0	0	0
1554	7	64	6	0	0	0	0	0	0	0	0
1555	7	64	6	0	0	0	0	0	0	0	0
1556	7	64	6	0	0	0	0	0	0	0	0
1557	7	64	6	0	0	0	0	0	0	0	0
1558	7	64	6	0	0	0	0	0	0	0	0
1559	7	64	6	0	0	0	0	0	0	0	0
1560	7	64	6	0	0	0	0	0	0	0	0
1561	7	64	6	0	0	0	0	0	0	0	0
1562	7	64	6	0	0	0	0	0	0	0	0
1563	7	64	6	0	0	0	0	0	0	0	0
1564	7	64	6	0	0	0	0	0	0	0	0
1565	7	64	6	0	0	0	0	0	0	0	0
1566	7	64	6	0	0	0	0	0	0	0	0
1567	7	64	6	0	0	0	0	0	0	0	0
1568	7	64	6	0	0	0	0	0	0	0	0
1569	7	64	6	0	0	0	0	0	0	0	0
1570	7	64	6	0	0	0	0	0	0	0	0
1571	7	64	6	0	0	0	0	0	0	0	0
1572	7	64	6	0	0	0	0	0	0	0	0
1573	7	64	6	0	0	0	0	0	0	0	0
1574	7	64	6	0	0	0	0	0	0	0	0
1575	7	64	6	0	0	0	0	0	0	0	0
1576	7	64	6	0	0	0	0	0	0	0	0
1577	7	64	6	0	0	0	0	0	0	0	0
1578	7	64	6	0	0	0	0	0	0	0	0
1579	7	64	6	0	0	0	0	0	0	0	0
1580	7	64	6	0	0	0	0	0	0	0	0
1581	7	64	6	0	0	0	0	0	0	0	0
1582	7	64	6	0	0	0	0	0	0	0	0
1583	7	64	6	0	0	0	0	0	0	0	0
1584	7	64	6	0	0	0	0	0	0	0	0
1585	7	64	6	0	0	0	0	0	0	0	0
1586	7	64	6	0	0	0	0	0	0	0	0
1587	7	64	6	0	0	0	0	0	0	0	0
1588	7	64	6	0	0	0	0	0	0	0	0
1589	7	64	6	0	0	0	0	0	0	0	0
1590	7	64	6	0	0	0	0	0	0	0	0
1591	7	64	6	0	0	0	0	0	0	0	0
1592	7	64	6	0	0	0	0	0	0	0	0
1593	7	64	6	0	0	0	0	0	0	0	0
1594	7	64	6	0	0	0	0	0	0	0	0
1595	7	64	6	0	0	0	0	0	0	0	0
1596	7	64	6	0	0	0	0	0	0	0	0
1597	7	64	6	0	0	0	0	0	0	0	0
1598	7	64	6	0	0	0	0	0	0	0	0
1599	7	64	6	0	0	0	0	0	0	0	0
1600	7	64	6	0	0	0	0	0	0	0	0
1601	7	64	6	0	0	0	0	0	0	0	0
1602	7	64	6	0	0	0	0	0	0	0	0
1603	7	64	6	0	0	0	0	0	0	0	0
1604	7	64	6	0	0	0	0	0	0	0	0
1605	7	64	6	0	0	0	0	0	0	0	0
1606	7	64	6	0	0	0	0	0	0	0	0
1607	7	64	6	0	0	0	0	0	0	0	0
1608	7	64	6	0	0	0	0	0	0	0	0
1609	7	64	6	0	0	0	0	0	0	0	0
1610	7	64	6	0	0	0	0	0	0	0	0
1611	7	64	6	0	0	0	0	0	0	0	0
1612	7	64	6	0	0	0	0	0	0	0	0
1613	7	64	6	0	0	0	0	0	0	0	0
1614	7	64	6	0	0	0	0	0	0	0	0
1615	7	64	6	0	0	0	0	0	0	0	0
1616	7	64	6	0	0	0	0	0	0	0	0
1617	7	64	6	0	0	0	0	0	0	0	0
1618	4	64	5	0	0	0	0	0	0	0	0
1619	5	65	5	0	0	0	0	0	0	0	0
1620	6	160	5	0	0	0	0	0	0	0	0
1621	7	160	5	0	0	0	0	0	0	0	0
1622	7	160	5	0	0	0	0	0	0	0	0
1623	7	160	5	0	0	0	0	0	0	0	0
1624	7	160	5	0	0	0	0	0	0	0	0
1625	7	160	5	0	0	0	0	0	0	0	0
1626	7	160	5	0	0	0	0	0	0	0	0
1627	7	160	5	0	0	0	0	0	0	0	0
1628	7	160	5	0	0	0	0	0	0	0	0
1629	7	160	5	0	0	0	0	0	0	0	0
1630	7	160	5	0	0	0	0	0	0	0	0
1631	7	160	5	0	0	0	0	0	0	0	0
1632	7	160	5	0	0	0	0	0	0	0	0
1633	7	160	5	0	0	0	0	0	0	0	0
1634	7	160	5	0	0	0	0	0	0	0	0
1635	7	160	5	0	0	0	0	0	0	0	0
1636	7	160	5	0	0	0	0	0	0	0	0
1637	7	160	5	0	0	0	0	0	0	0	0
1638	7	160	5	0	0	0	0	0	0	0	0
1639	7	160	5	0	0	0	0	0	0	0	0
1640	7	160	5	0	0	0	0	0	0	0	0
1641	7	160	5	0	0	0	0	0	0	0	0
1642	7	160	5	0	0	0	0	0	0	0	0
1643	7	160	5	0	0	0	0	0	0	0	0
1644	7	160	5	0	0	0	0	0	0	0	0
1645	7	160	5	0	0	0	0	0	0	0	0
1646	7	160	5	0	0	0	0	0	0	0	0
1647	7	160	5	0	0	0	0	0	0	0	0
1648	7	160	5	0	0	0	0	0	0	0	0
1649	7	160	5	0	0	0	0	0	0	0	0
1650	7	160	5	0	0	0	0	0	0	0	0
1651	7	160	5	0	0	0	0	0	0	0	0
1652	7	160	5	0	0	0	0	0	0	0	0
1653	7	160	5	0	0	0	0	0	0	0	0
1654	7	160	5	0	0	0	0	0	0	0	0
1655	7	160	5	0	0	0	0	0	0	0	0
1656	7	160	5	0	0	0	0	0	0	0	0
1657	7	160	5	0	0	0	0	0	0	0	0
1658	7	160	5	0	0	0	0	0	0	0	0
1659	7	160	5	0	0	0	0	0	0	0	0
1660	7	160	5	0	0	0	0	0	0	0	0
1661	7	160	5	0	0	0	0	0	0	0	0
1662	7	160	5	0	0	0	0	0	0	0	0
1663	7	160	5	0	0	0	0	0	0	0	0
1664	7	160	5	0	0	0	0	0	0	0	0
1665	7	160	5	0	0	0	0	0	0	0	0
1666	7	160	5	0	0	0	0	0	0	0	0
1667	7	160	5	0	0	0	0	0	0	0	0
1668	7	160	5	0	0	0	0	0	0	0	0
1669	7	160	5	0	0	0	0	0	0	0	0
1670	7	160	5	0	0	0	0	0	0	0	0
1671	7	160	5	0	0	0	0	0	0	0	0
1672	7	160	5	0	0	0	0	0	0	0	0
1673	7	160	5	0	0	0	0	0	0	0	0
1674	7	160	5	0	0	0	0	0	0	0	0
1675	7	160	5	0	0	0	0	0	0	0	0
1676	7	160	5	0	0	0	0	0	0	0	0
1677	7	160	5	0	0	0	0	0	0	0	0
1678	7	160	5	0	0	0	0	0	0	0	0
1679	7	160	5	0	0	0	0	0	0	0	0
1680	7	160	5	0	0	0	0	0	0	0	0
1681	7	160	5	0	0	0	0	0	0	0	0
1682	7	160	5	0	0	0	0	0	0	0	0
1683	7	160	5	0	0	0	0	0	0	0	0
1684	7	160	5	0	0	0	0	0	0	0	0
1685	7	160	5	0	0	0	0	0	0	0	0
1686	7	160	5	0	0	0	0	0	0	0	0
1687	7	160	5	0	0	0	0	0	0	0	0
1688	7	160	5	0	0	0	0	0	0	0	0
1689	7	160	5	0	0	0	0	0	0	0	0
1690	7	160	5	0	0	0	0	0	0	0	0
1691	7	160	5	0	0	0	0	0	0	0	0
1692	7	160	5	0	0	0	0	0	0	0	0
1693	7	160	5	0	0	0	0	0	0	0	0
1694	7	160	5	0	0	0	0	0	0	0	0
1695	7	160	5	0	0	0	0	0	0	0	0
1696	7	160	5	0	0	0	0	0	0	0	0
1697	7	160	5	0	0	0	0	0	0	0	0
1698	7	160	5	0	0	0	0	0	0	0	0
1699	7	160	5	0	0	0	0	0	0	0	0
1700	7	160	5	0	0	0	0	0	0	0	0
1701	7	160	5	0	0	0	0	0	0	0	0
1702	7	160	5	0	0	0	0	0	0	0	0
1703	7	160	5	0	0	0	0	0	0	0	0
1704	7	160	5	0	0	0	0	0	0	0	0
1705	7	160	5	0	0	0	0	0	0	0	0
1706	7	160	5	0	0	0	0	0	0	0	0
1707	7	160	5	0	0	0	0	0	0	0	0
1708	7	160	5	0	0	0	0	0	0	0	0
1709	7	160	5	0	0	0	0	0	0	0	0
1710	7	160	5	0	0	0	0	0	0	0	0
1711	7	160	5	0	0	0	0	0	0	0	0
1712	7	160	5	0	0	0	0	0	0	0	0
1713	7	160	5	0	0	0	0	0	0	0	0
1714	7	160	5	0	0	0	0	0	0	0	0
1715	7	160	5	0	0	0	0	0	0	0	0
1716	7	160	5	0	0	0	0	0	0	0	0
1717	7	160	5	0	0	0	0	0	0	0	0
1718	7	160	5	0	0	0	0	0	0	0	0
1719	7	160	5	0	0	0	0	0	0	0	0
1720	7	160	5	0	0	0	0	0	0	0	0
1721	7	160	5	0	0	0	0	0	0	0	0
1722	7	160	5	0	0	0	0	0	0	0	0
1723	7	160	5	0	0	0	0	0	0	0	0
1724	7	160	5	0	0	0	0	0	0	0	0
1725	7	160	5	0	0	0	0	0	0	0	0
1726	7	160	5	0	0	0	0	0	0	0	0
1727	7	160	5	0	0	0	0	0	0	0	0
1728	7	160	5	0	0	0	0	0	0	0	0
1729	7	160	5	0	0	0	0	0	0	0	0
1730	7	160	5	0	0	0	0	0	0	0	0
1731	7	160	5	0	0	0	0	0	0	0	0
1732	7	160	5	0	0	0	0	0	0	0	0
1733	7	160	5	0	0	0	0	0	0	0	0
1734	7	160	5	0	0	0	0	0	0	0	0
1735	7	160	5	0	0	0	0	0	0	0	0
1736	7	160	5	0	0	0	0	0	0	0	0
1737	7	160	5	0	0	0	0	0	0	0	0
1738	7	160	5	0	0	0	0	0	0	0	0
1739	7	160	5	0	0	0	0	0	0	0	0
1740	7	160	5	0	0	0	0	0	0	0	0
1741	7	160	5	0	0	0	0	0	0	0	0
1742	7	160	5	0	0	0	0	0	0	0	0
1743	7	160	5	0	0	0	0	0	0	0	0
1744	7	160	5	0	0	0	0	0	0	0	0
1745	7	160	5	0	0	0	0	0	0	0	0
1746	7	160	5	0	0	0	0	0	0	0	0
1747	7	160	5	0	0	0	0	0	0	0	0
1748	7	160	5	0	0	0	0	0	0	0	0
1749	7	160	5	0	0	0	0	0	0	0	0
1750	7	160	5	0	0	0	0	0	0	0	0
1751	7	160	5	0	0	0	0	0	0	0	0
1752	7	160	5	0	0	0	0	0	0	0	0
1753	7	160	5	0	0	0	0	0	0	0	0
1754	7	160	5	0	0	0	0	0	0	0	0
1755	7	160	5	0	0	0	0	0	0	0	0
1756	7	160	5	0	0	0	0	0	0	0	0
1757	7	160	5	0	0	0	0	0	0	0	0
1758	7	160	5	0	0	0	0	0	0	0	0
1759	7	160	5	0	0	0	0	0	0	0	0
1760	7	160	5	0	0	0	0	0	0	0	0
1761	7	160	5	0	0	0	0	0	0	0	0
1762	7	160	5	0	0	0	0	0	0	0	0
1763	7	160	5	0	0	0	0	0	0	0	0
1764	7	160	5	0	0	0	0	0	0	0	0
1765	7	160	5	0	0	0	0	0	0	0	0
1766	7	160	5	0	0	0	0	0	0	0	0
1767	7	160	5	0	0	0	0	0	0	0	0
1768	7	160	5	0	0	0	0	0	0	0	0
1769	7	160	5	0	0	0	0	0	0	0	0
1770	7	160	5	0	0	0	0	0	0	0	0
1771	7	160	5	0	0	0	0	0	0	0	0
1772	7	160	5	0	0	0	0	0	0	0	0
1773	7	160	5	0	0	0	0	0	0	0	0
1774	7	160	5	0	0	0	0	0	0	0	0
1775	7	160	5	0	0	0	0	0	0	0	0
1776	7	160	5	0	0	0	0	0	0	0	0
1777	7	160	5	0	0	0	0	0	0	0	0
1778	7	160	5	0	0	0	0	0	0	0	0
1779	7	160	5	0	0	0	0	0	0	0	0
1780	7	160	5	0	0	0	0	0	0	0	0
1781	7	160	5	0	0	0	0	0	0	0	0
1782	7	160	5	0	0	0	0	0	0	0	0
1783	7	160	5	0	0	0	0	0	0	0	0
1784	7	160	5	0	0	0	0	0	0	0	0
1785	7	160	5	0	0	0	0	0	0	0	0
1786	7	160	5	0	0	0	0	0	0	0	0
1787	7	160	5	0	0	0	0	0	0	0	0
1788	7	160	5	0	0	0	0	0	0	0	0
1789	7	160	5	0	0	0	0	0	0	0	0
1790	7	160	5	0	0	0	0	0	0	0	0
1791	7	160	5	0	0	0	0	0	0	0	0
1792	7	160	5	0	0	0	0	0	0	0	0
1793	7	160	5	0	0	0	0	0	0	0	0
1794	7	160	5	0	0	0	0	0	0	0	0
1795	7	160	5	0	0	0	0	0	0	0	0
1796	7	160	5	0	0	0	0	0	0	0	0
1797	7	160	5	0	0	0	0	0	0	0	0
1798	7	160	5	0	0	0	0	0	0	0	0
1799	7	160	5	0	0	0	0	0	0	0	0
1800	7	160	5	0	0	0	0	0	0	0	0
1801	7	160	5	0	0	0	0	0	0	0	0
1802	7	160	5	0	0	0	0	0	0	0	0
1803	7	160	5	0	0	0	0	0	0	0	0
1804	7	160	5	0	0	0	0	0	0	0	0
1805	7	160	5	0	0	0	0	0	0	0	0
1806	7	160	5	0	0	0	0	0	0	0	0
1807	7	160	5	0	0	0	0	0	0	0	0
1808	7	160	5	0	0	0	0	0	0	0	0
1809	7	160	5	0	0	0	0	0	0	0	0
1810	7	160	5	0	0	0	0	0	0	0	0
1811	7	160	5	0	0	0	0	0	0	0	0
1812	7	160	5	0	0	0	0	0	0	0	0
1813	7	160	5	0	0	0	0	0	0	0	0
1814	7	160	5	0	0	0	0	0	0	0	0
1815	7	160	5	0	0	0	0	0	0	0	0
1816	7	160	5	0	0	0	0	0	0	0	0
1817	7	160	5	0	0	0	0	0	0	0	0
1818	7	160	5	0	0	0	0	0	0	0	0
1819	7	160	5	0	0	0	0	0	0	0	0
1820	7	160	5	0	0	0	0	0	0	0	0
1821	7	160	5	0	0	0	0	0	0	0	0
1822	7	160	5	0	0	0	0	0	0	0	0
1823	7	160	5	0	0	0	0	0	0	0	0
1824	7	160	5	0	0	0	0	0	0	0	0
1825	7	160	5	0	0	0	0	0	0	0	0
1826	7	160	5	0	0	0	0	0	0	0	0
1827	7	160	5	0	0	0	0	0	0	0	0
1828	7	160	5	0	0	0	0	0	0	0	0
1829	7	160	5	0	0	0	0	0	0	0	0
1830	7	160	5	0	0	0	0	0	0	0	0
1831	7	160	5	0	0	0	0	0	0	0	0
1832	7	160	5	0	0	0	0	0	0	0	0
1833	7	160	5	0	0	0	0	0	0	0	0
1834	7	160	5	0	0	0	0	0	0	0	0
1835	7	160	5	0	0	0	0	0	0	0	0
1836	7	160	5	0	0	0	0	0	0	0	0
1837	7	160	5	0	0	0	0	0	0	0	0
1838	7	160	5	0	0	0	0	0	0	0	0
1839	7	160	5	0	0	0	0	0	0	0	0
1840	7	160	5	0	0	0	0	0	0	0	0
1841	7	160	5	0	0	0	0	0	0	0	0
1842	7	160	5	0	0	0	0	0	0	0	0
1843	7	160	5	0	0	0	0	0	0	0	0
1844	7	160	5	0	0	0	0	0	0	0	0
1845	7	160	5	0	0	0	0	0	0	0	0
1846	7	160	5	0	0	0	0	0	0	0	0
1847	7	160	5	0	0	0	0	0	0	0	0
1848	7	160	5	0	0	0	0	0	0	0	0
1849	7	160	5	0	0	0	0	0	0	0	0
1850	7	160	5	0	0	0	0	0	0	0	0
1851	7	160	5	0	0	0	0	0	0	0	0
1852	7	160	5	0	0	0	0	0	0	0	0
1853	7	160	5	0	0	0	0	0	0	0	0
1854	7	160	5	0	0	0	0	0	0	0	0
1855	7	160	5	0	0	0	0	0	0	0	0
1856	7	160	5	0	0	0	0	0	0	0	0
1857	7	160	5	0	0	0	0	0	0	0	0
1858	7	160	5	0	0	0	0	0	0	0	0
1859	7	160	5	0	0	0	0	0	0	0	0
1860	7	160	5	0	0	0	0	0	0	0	0
1861	7	160	5	0	0	0	0	0	0	0	0
1862	7	160	5	0	0	0	0	0	0	0	0
1863	7	160	5	0	0	0	0	0	0	0	0
1864	7	160	5	0	0	0	0	0	0	0	0
1865	7	160	5	0	0	0	0	0	0	0	0
1866	7	160	5	0	0	0	0	0	0	0	0
1867	7	160	5	0	0	0	0	0	0	0	0
1868	7	160	5	0	0	0	0	0	0	0	0
1869	7	160	5	0	0	0	0	0	0	0	0
1870	7	160	5	0	0	0	0	0	0	0	0
1871	7	160	5	0	0	0	0	0	0	0	0
1872	7	160	5	0	0	0	0	0	0	0	0
1873	7	160	5	0	0	0	0	0	0	0	0
1874	7	160	5	0	0	0	0	0	0	0	0
1875	7	160	5	0	0	0	0	0	0	0	0
1876	7	160	5	0	0	0	0	0	0	0	0
1877	7	160	5	0	0	0	0	0	0	0	0
1878	7	160	5	0	0	0	0	0	0	0	0
1879	7	160	5	0	0	0	0	0	0	0	0
1880	7	160	5	0	0	0	0	0	0	0	0
1881	7	160	5	0	0	0	0	0	0	0	0
1882	7	160	5	0	0	0	0	0	0	0	0
1883	7	160	5	0	0	0	0	0	0	0	0
1884	7	160	5	0	0	0	0	0	0	0	0
1885	7	160	5	0	0	0	0	0	0	0	0
1886	7	160	5	0	0	0	0	0	0	0	0
1887	7	160	5	0	0	0	0	0	0	0	0
1888	7	160	5	0	0	0	0	0	0	0	0
1889	7	160	5	0	0	0	0	0	0	0	0
1890	7	160	5	0	0	0	0	0	0	0	0
1891	7	160	5	0	0	0	0	0	0	0	0
1892	7	160	5	0	0	0	0	0	0	0	0
1893	7	160	5	0	0	0	0	0	0	0	0
1894	7	160	5	0	0	0	0	0	0	0	0
1895	7	160	5	0	0	0	0	0	0	0	0
1896	7	160	5	0	0	0	0	0	0	0	0
1897	7	160	5	0	0	0	0	0	0	0	0
1898	7	160	5	0	0	0	0	0	0	0	0
1899	7	160	5	0	0	0	0	0	0	0	0
1900	7	160	5	0	0	0	0	0	0	0	0
1901	7	160	5	0	0	0	0	0	0	0	0
1902	7	160	5	0	0	0	0	0	0	0	0
1903	7	160	5	0	0	0	0	0	0	0	0
1904	7	160	5	0	0	0	0	0	0	0	0
1905	7	160	5	0	0	0	0	0	0	0	0
1906	7	160	5	0	0	0	0	0	0	0	0
1907	7	160	5	0	0	0	0	0	0	0	0
1908	7	160	5	0	0	0	0	0	0	0	0
1909	7	160	5	0	0	0	0	0	0	0	0
1910	7	160	5	0	0	0	0	0	0	0	0
1911	7	160	5	0	0	0	0	0	0	0	0
1912	7	160	5	0	0	0	0	0	0	0	0
1913	7	160	5	0	0	0	0	0	0	0	0
1914	7	160	5	0	0	0	0	0	0	0	0
1915	7	160	5	0	0	0	0	0	0	0	0
1916	7	160	5	0	0	0	0	0	0	0	0
1917	7	160	5	0	0	0	0	0	0	0	0
1918	7	160	5	0	0	0	0	0	0	0	0
1919	7	160	5	0	0	0	0	0	0	0	0
1920	7	160	5	0	0	0	0	0	0	0	0
1921	7	160	5	0	0	0	0	0	0	0	0
1922	7	160	5	0	0	0	0	0	0	0	0
1923	7	160	5	0	0	0	0	0	0	0	0
1924	7	160	5	0	0	0	0	0	0	0	0
1925	7	160	5	0	0	0	0	0	0	0	0
1926	7	160	5	0	0	0	0	0	0	0	0
1927	7	160	5	0	0	0	0	0	0	0	0
1928	7	160	5	0	0	0	0	0	0	0	0
1929	7	160	5	0	0	0	0	0	0	0	0
1930	7	160	5	0	0	0	0	0	0	0	0
1931	7	160	5	0	0	0	0	0	0	0	0
1932	7	160	5	0	0	0	0	0	0	0	0
1933	7	160	5	0	0	0	0	0	0	0	0
1934	7	160	5	0	0	0	0	0	0	0	0
1935	7	160	5	0	0	0	0	0	0	0	0
1936	7	160	5	0	0	0	0	0	0	0	0
1937	7	160	5	0	0	0	0	0	0	0	0
1938	7	160	5	0	0	0	0	0	0	0	0
1939	7	160	5	0	0	0	0	0	0	0	0
1940	7	160	5	0	0	0	0	0	0	0	0
1941	7	160	5	0	0	0	0	0	0	0	0
1942	7	160	5	0	0	0	0	0	0	0	0
1943	7	160	5	0	0	0	0	0	0	0	0
1944	7	160	5	0	0	0	0	0	0	0	0
1945	7	160	5	0	0	0	0	0	0	0	0
1946	7	160	5	0	0	0	0	0	0	0	0
1947	7	160	5	0	0	0	0	0	0	0	0
1948	7	160	5	0	0	0	0	0	0	0	0
1949	7	160	5	0	0	0	0	0	0	0	0
1950	7	160	5	0	0	0	0	0	0	0	0
1951	7	160	5	0	0	0	0	0	0	0	0
1952	7	160	5	0	0	0	0	0	0	0	0
1953	7	160	5	0	0	0	0	0	0	0	0
1954	7	160	5	0	0	0	0	0	0	0	0
1955	7	160	5	0	0	0	0	0	0	0	0
1956	7	160	5	0	0	0	0	0	0	0	0
1957	7	160	5	0	0	0	0	0	0	0	0
1958	7	160	5	0	0	0	0	0	0	0	0
1959	7	160	5	0	0	0	0	0	0	0	0
1960	7	160	5	0	0	0	0	0	0	0	0
1961	7	160	5	0	0	0	0	0	0	0	0
1962	7	160	5	0	0	0	0	0	0	0	0
1963	7	160	5	0	0	0	0	0	0	0	0
1964	7	160	5	0	0	0	0	0	0	0	0
1965	7	160	5	0	0	0	0	0	0	0	0
1966	7	160	5	0	0	0	0	0	0	0	0
1967	7	160	5	0	0	0	0	0	0	0	0
1968	7	160	5	0	0	0	0	0	0	0	0
1969	7	160	5	0	0	0	0	0	0	0	0
1970	7	160	5	0	0	0	0	0	0	0	0
1971	7	160	5	0	0	0	0	0	0	0	0
1972	7	160	5	0	0	0	0	0	0	0	0
1973	7	160	5	0	0	0	0	0	0	0	0
1974	7	160	5	0	0	0	0	0	0	0	0
1975	7	160	5	0	0	0	0	0	0	0	0
1976	7	160	5	0	0	0	0	0	0	0	0
1977	7	160	5	0	0	0	0	0	0	0	0
1978	7	160	5	0	0	0	0	0	0	0	0
1979	7	160	5	0	0	0	0	0	0	0	0
1980	7	160	5	0	0	0	0	0	0	0	0
1981	7	160	5	0	0	0	0	0	0	0	0
1982	7	160	5	0	0	0	0	0	0	0	0
1983	7	160	5	0	0	0	0	0	0	0	0
1984	7	160	5	0	0	0	0	0	0	0	0
1985	7	160	5	0	0	0	0	0	0	0	0
1986	7	160	5	0	0	0	0	0	0	0	0
1987	7	160	5	0	0	0	0	0	0	0	0
1988	7	160	5	0	0	0	0	0	0	0	0
1989	7	160	5	0	0	0	0	0	0	0	0
1990	7	160	5	0	0	0	0	0	0	0	0
1991	7	160	5	0	0	0	0	0	0	0	0
1992	7	160	5	0	0	0	0	0	0	0	0
1993	7	160	5	0	0	0	0	0	0	0	0
1994	7	160	5	0	0	0	0	0	0	0	0
1995	7	160	5	0	0	0	0	0	0	0	0
1996	7	160	5	0	0	0	0	0	0	0	0
1997	7	160	5	0	0	0	0	0	0	0	0
1998	7	160	5	0	0	0	0	0	0	0	0
1999	7	160	5	0	0	0	0	0	0	0	0
2000	7	160	5	0	0	0	0	0	0	0	0
2001	7	160	5	0	0	0	0	0	0	0	0
2002	7	160	5	0	0	0	0	0	0	0	0
2003	7	160	5	0	0	0	0	0	0	0	0
2004	7	160	5	0	0	0	0	0	0	0	0
2005	7	160	5	0	0	0	0	0	0	0	0
2006	7	160	5	0	0	0	0	0	0	0	0
2007	7	160	5	0	0	0	0	0	0	0	0
2008	7	160	5	0	0	0	0	0	0	0	0
2009	7	160	5	0	0	0	0	0	0	0	0
2010	7	160	5	0	0	0	0	0	0	0	0
2011	7	160	5	0	0	0	0	0	0	0	0
2012	7	160	5	0	0	0	0	0	0	0	0
2013	7	160	5	0	0	0	0	0	0	0	0
2014	7	160	5	0	0	0	0	0	0	0	0
2015	7	160	5	0	0	0	0	0	0	0	0
2016	7	160	5	0	0	0	0	0	0	0	0
2017	7	160	5	0	0	0	0	0	0	0	0
2018	7	160	5	0	0	0	0	0	0	0	0
2019	7	160	5	0	0	0	0	0	0	0	0
2020	7	160	5	0	0	0	0	0	0	0	0
2021	7	160	5	0	0	0	0	0	0	0	0
2022	7	160	5	0	0	0	0	0	0	0	0
2023	7	160	5	0	0	0	0	0	0	0	0
2024	7	160	5	0	0	0	0	0	0	0	0
2025	7	160	5	0	0	0	0	0	0	0	0
2026	7	160	5	0	0	0	0	0	0	0	0
2027	7	160	5	0	0	0	0	0	0	0	0
2028	7	160	5	0	0	0	0	0	0	0	0
2029	7	160	5	0	0	0	0	0	0	0	0
2030	7	160	5	0	0	0	0	0	0	0	0
2031	7	160	5	0	0	0	0	0	0	0	0
2032	7	160	5	0	0	0	0	0	0	0	0
2033	7	160	5	0	0	0	0	0	0	0	0
2034	7	160	5	0	0	0	0	0	0	0	0
2035	7	160	5	0	0	0	0	0	0	0	0
2036	7	160	5	0	0	0	0	0	0	0	0
2037	7	160	5	0	0	0	0	0	0	0	0
2038	7	160	5	0	0	0	0	0	0	0	0
2039	7	160	5	0	0	0	0	0	0	0	0
2040	7	160	5	0	0	0	0	0	0	0	0
2041	7	160	5	0	0	0	0	0	0	0	0
2042	7	160	5	0	0	0	0	0	0	0	0
2043	7	160	5	0	0	0	0	0	0	0	0
2044	7	160	5	0	0	0	0	0	0	0	0
2045	7	160	5	0	0	0	0	0	0	0	0
2046	7	160	5	0	0	0	0	0	0	0	0
2047	7	160	5	0	0	0	0	0	0	0	0
2048	7	160	5	0	0	0	0	0	0	0	0
2049	7	160	5	0	0	0	0	0	0	0	0
2050	7	160	5	0	0	0	0	0	0	0	0
2051	7	160	5	0	0	0	0	0	0	0	0
2052	4	160	4	0	0	0	0	0	0	0	0
2053	5	160	4	0	0	0	0	0	0	0	0
2054	6	80	4	0	0	0	0	0	0	0	0
2055	7	80	4	0	0	0	0	0	0	0	0
2056	7	80	4	0	0	0	0	0	0	0	0
2057	7	80	4	0	0	0	0	0	0	0	0
2058	7	80	4	0	0	0	0	0	0	0	0
2059	7	80	4	0	0	0	0	0	0	0	0
2060	7	80	4	0	0	0	0	0	0	0	0
2061	7	80	4	0	0	0	0	0	0	0	0
2062	7	80	4	0	0	0	0	0	0	0	0
2063	7	80	4	0	0	0	0	0	0	0	0
2064	7	80	4	0	0	0	0	0	0	0	0
2065	7	80	4	0	0	0	0	0	0	0	0
2066	7	80	4	0	0	0	0	0	0	0	0
2067	7	80	4	0	0	0	0	0	0	0	0
2068	7	80	4	0	0	0	0	0	0	0	0
2069	7	80	4	0	0	0	0	0	0	0	0
2070	7	80	4	0	0	0	0	0	0	0	0
2071	7	80	4	0	0	0	0	0	0	0	0
2072	7	80	4	0	0	0	0	0	0	0	0
2073	7	80	4	0	0	0	0	0	0	0	0
2074	7	80	4	0	0	0	0	0	0	0	0
2075	7	80	4	0	0	0	0	0	0	0	0
2076	7	80	4	0	0	0	0	0	0	0	0
2077	7	80	4	0	0	0	0	0	0	0	0
2078	7	80	4	0	0	0	0	0	0	0	0
2079	7	80	4	0	0	0	0	0	0	0	0
2080	7	80	4	0	0	0	0	0	0	0	0
2081	7	80	4	0	0	0	0	0	0	0	0
2082	7	80	4	0	0	0	0	0	0	0	0
2083	7	80	4	0	0	0	0	0	0	0	0
2084	7	80	4	0	0	0	0	0	0	0	0
2085	7	80	4	0	0	0	0	0	0	0	0
2086	7	80	4	0	0	0	0	0	0	0	0
2087	7	80	4	0	0	0	0	0	0	0	0
2088	7	80	4	0	0	0	0	0	0	0	0
2089	7	80	4	0	0	0	0	0	0	0	0
2090	7	80	4	0	0	0	0	0	0	0	0
2091	7	80	4	0	0	0	0	0	0	0	0
2092	7	80	4	0	0	0	0	0	0	0	0
2093	7	80	4	0	0	0	0	0	0	0	0
2094	7	80	4	0	0	0	0	0	0	0	0
2095	7	80	4	0	0	0	0	0	0	0	0
2096	7	80	4	0	0	0	0	0	0	0	0
2097	7	80	4	0	0	0	0	0	0	0	0
2098	7	80	4	0	0	0	0	0	0	0	0
2099	7	80	4	0	0	0	0	0	0	0	0
2100	7	80	4	0	0	0	0	0	0	0	0
2101	7	80	4	0	0	0	0	0	0	0	0
2102	7	80	4	0	0	0	0	0	0	0	0
2103	7	80	4	0	0	0	0	0	0	0	0
2104	7	80	4	0	0	0	0	0	0	0	0
2105	7	80	4	0	0	0	0	0	0	0	0
2106	7	80	4	0	0	0	0	0	0	0	0
2107	7	80	4	0	0	0	0	0	0	0	0
2108	7	80	4	0	0	0	0	0	0	0	0
2109	7	80	4	0	0	0	0	0	0	0	0
2110	7	80	4	0	0	0	0	0	0	0	0
2111	7	80	4	0	0	0	0	0	0	0	0
2112	7	80	4	0	0	0	0	0	0	0	0
2113	7	80	4	0	0	0	0	0	0	0	0
2114	7	80	4	0	0	0	0	0	0	0	0
2115	7	80	4	0	0	0	0	0	0	0	0
2116	7	80	4	0	0	0	0	0	0	0	0
2117	7	80	4	0	0	0	0	0	0	0	0
2118	7	80	4	0	0	0	0	0	0	0	0
2119	7	80	4	0	0	0	0	0	0	0	0
2120	7	80	4	0	0	0	0	0	0	0	0
2121	7	80	4	0	0	0	0	0	0	0	0
2122	7	80	4	0	0	0	0	0	0	0	0
2123	7	80	4	0	0	0	0	0	0	0	0
2124	7	80	4	0	0	0	0	0	0	0	0
2125	7	80	4	0	0	0	0	0	0	0	0
2126	7	80	4	0	0	0	0	0	0	0	0
2127	7	80	4	0	0	0	0	0	0	0	0
2128	7	80	4	0	0	0	0	0	0	0	0
2129	7	80	4	0	0	0	0	0	0	0	0
2130	7	80	4	0	0	0	0	0	0	0	0
2131	7	80	4	0	0	0	0	0	0	0	0
2132	7	80	4	0	0	0	0	0	0	0	0
2133	7	80	4	0	0	0	0	0	0	0	0
2134	7	80	4	0	0	0	0	0	0	0	0
2135	7	80	4	0	0	0	0	0	0	0	0
2136	7	80	4	0	0	0	0	0	0	0	0
2137	7	80	4	0	0	0	0	0	0	0	0
2138	7	80	4	0	0	0	0	0	0	0	0
2139	7	80	4	0	0	0	0	0	0	0	0
2140	7	80	4	0	0	0	0	0	0	0	0
2141	7	80	4	0	0	0	0	0	0	0	0
2142	7	80	4	0	0	0	0	0	0	0	0
2143	7	80	4	0	0	0	0	0	0	0	0
2144	7	80	4	0	0	0	0	0	0	0	0
2145	7	80	4	0	0	0	0	0	0	0	0
2146	7	80	4	0	0	0	0	0	0	0	0
2147	7	80	4	0	0	0	0	0	0	0	0
2148	7	80	4	0	0	0	0	0	0	0	0
2149	7	80	4	0	0	0	0	0	0	0	0
2150	7	80	4	0	0	0	0	0	0	0	0
2151	7	80	4	0	0	0	0	0	0	0	0
2152	7	80	4	0	0	0	0	0	0	0	0
2153	7	80	4	0	0	0	0	0	0	0	0
2154	7	80	4	0	0	0	0	0	0	0	0
2155	7	80	4	0	0	0	0	0	0	0	0
2156	7	80	4	0	0	0	0	0	0	0	0
2157	7	80	4	0	0	0	0	0	0	0	0
2158	7	80	4	0	0	0	0	0	0	0	0
2159	7	80	4	0	0	0	0	0	0	0	0
2160	7	80	4	0	0	0	0	0	0	0	0
2161	7	80	4	0	0	0	0	0	0	0	0
2162	7	80	4	0	0	0	0	0	0	0	0
2163	7	80	4	0	0	0	0	0	0	0	0
2164	7	80	4	0	0	0	0	0	0	0	0
2165	7	80	4	0	0	0	0	0	0	0	0
2166	7	80	4	0	0	0	0	0	0	0	0
2167	7	80	4	0	0	0	0	0	0	0	0
2168	7	80	4	0	0	0	0	0	0	0	0
2169	7	80	4	0	0	0	0	0	0	0	0
2170	7	80	4	0	0	0	0	0	0	0	0
2171	7	80	4	0	0	0	0	0	0	0	0
2172	7	80	4	0	0	0	0	0	0	0	0
2173	7	80	4	0	0	0	0	0	0	0	0
2174	7	80	4	0	0	0	0	0	0	0	0
2175	7	80	4	0	0	0	0	0	0	0	0
2176	7	80	4	0	0	0	0	0	0	0	0
2177	7	80	4	0	0	0	0	0	0	0	0
2178	7	80	4	0	0	0	0	0	0	0	0
2179	7	80	4	0	0	0	0	0	0	0	0
2180	7	80	4	0	0	0	0	0	0	0	0
2181	7	80	4	0	0	0	0	0	0	0	0
2182	7	80	4	0	0	0	0	0	0	0	0
2183	7	80	4	0	0	0	0	0	0	0	0
2184	7	80	4	0	0	0	0	0	0	0	0
2185	7	80	4	0	0	0	0	0	0	0	0
2186	7	80	4	0	0	0	0	0	0	0	0
2187	7	80	4	0	0	0	0	0	0	0	0
2188	7	80	4	0	0	0	0	0	0	0	0
2189	7	80	4	0	0	0	0	0	0	0	0
2190	7	80	4	0	0	0	0	0	0	0	0
2191	7	80	4	0	0	0	0	0	0	0	0
2192	7	80	4	0	0	0	0	0	0	0	0
2193	7	80	4	0	0	0	0	0	0	0	0
2194	7	80	4	0	0	0	0	0	0	0	0
2195	7	80	4	0	0	0	0	0	0	0	0
2196	7	80	4	0	0	0	0	0	0	0	0
2197	7	80	4	0	0	0	0	0	0	0	0
2198	7	80	4	0	0	0	0	0	0	0	0
2199	7	80	4	0	0	0	0	0	0	0	0
2200	7	80	4	0	0	0	0	0	0	0	0
2201	7	80	4	0	0	0	0	0	0	0	0
2202	7	80	4	0	0	0	0	0	0	0	0
2203	7	80	4	0	0	0	0	0	0	0	0
2204	7	80	4	0	0	0	0	0	0	0	0
2205	7	80	4	0	0	0	0	0	0	0	0
2206	7	80	4	0	0	0	0	0	0	0	0
2207	7	80	4	0	0	0	0	0	0	0	0
2208	7	80	4	0	0	0	0	0	0	0	0
2209	7	80	4	0	0	0	0	0	0	0	0
2210	7	80	4	0	0	0	0	0	0	0	0
2211	7	80	4	0	0	0	0	0	0	0	0
2212	7	80	4	0	0	0	0	0	0	0	0
2213	7	80	4	0	0	0	0	0	0	0	0
2214	7	80	4	0	0	0	0	0	0	0	0
2215	7	80	4	0	0	0	0	0	0	0	0
2216	7	80	4	0	0	0	0	0	0	0	0
2217	7	80	4	0	0	0	0	0	0	0	0
2218	7	80	4	0	0	0	0	0	0	0	0
2219	7	80	4	0	0	0	0	0	0	0	0
2220	7	80	4	0	0	0	0	0	0	0	0
2221	7	80	4	0	0	0	0	0	0	0	0
2222	7	80	4	0	0	0	0	0	0	0	0
2223	7	80	4	0	0	0	0	0	0	0	0
2224	7	80	4	0	0	0	0	0	0	0	0
2225	7	80	4	0	0	0	0	0	0	0	0
2226	7	80	4	0	0	0	0	0	0	0	0
2227	7	80	4	0	0	0	0	0	0	0	0
2228	7	80	4	0	0	0	0	0	0	0	0
2229	7	80	4	0	0	0	0	0	0	0	0
2230	7	80	4	0	0	0	0	0	0	0	0
2231	7	80	4	0	0	0	0	0	0	0	0
2232	7	80	4	0	0	0	0	0	0	0	0
2233	7	80	4	0	0	0	0	0	0	0	0
2234	7	80	4	0	0	0	0	0	0	0	0
2235	7	80	4	0	0	0	0	0	0	0	0
2236	7	80	4	0	0	0	0	0	0	0	0
2237	7	80	4	0	0	0	0	0	0	0	0
2238	7	80	4	0	0	0	0	0	0	0	0
2239	7	80	4	0	0	0	0	0	0	0	0
2240	7	80	4	0	0	0	0	0	0	0	0
2241	7	80	4	0	0	0	0	0	0	0	0
2242	7	80	4	0	0	0	0	0	0	0	0
2243	7	80	4	0	0	0	0	0	0	0	0
2244	7	80	4	0	0	0	0	0	0	0	0
2245	7	80	4	0	0	0	0	0	0	0	0
2246	7	80	4	0	0	0	0	0	0	0	0
2247	7	80	4	0	0	0	0	0	0	0	0
2248	7	80	4	0	0	0	0	0	0	0	0
2249	7	80	4	0	0	0	0	0	0	0	0
2250	7	80	4	0	0	0	0	0	0	0	0
2251	7	80	4	0	0	0	0	0	0	0	0
2252	7	80	4	0	0	0	0	0	0	0	0
2253	7	80	4	0	0	0	0	0	0	0	0
2254	7	80	4	0	0	0	0	0	0	0	0
2255	7	80	4	0	0	0	0	0	0	0	0
2256	7	80	4	0	0	0	0	0	0	0	0
2257	7	80	4	0	0	0	0	0	0	0	0
2258	7	80	4	0	0	0	0	0	0	0	0
2259	7	80	4	0	0	0	0	0	0	0	0
2260	7	80	4	0	0	0	0	0	0	0	0
2261	7	80	4	0	0	0	0	0	0	0	0
2262	7	80	4	0	0	0	0	0	0	0	0
2263	7	80	4	0	0	0	0	0	0	0	0
2264	7	80	4	0	0	0	0	0	0	0	0
2265	7	80	4	0	0	0	0	0	0	0	0
2266	7	80	4	0	0	0	0	0	0	0	0
2267	7	80	4	0	0	0	0	0	0	0	0
2268	7	80	4	0	0	0	0	0	0	0	0
2269	7	80	4	0	0	0	0	0	0	0	0
2270	7	80	4	0	0	0	0	0	0	0	0
2271	7	80	4	0	0	0	0	0	0	0	0
2272	7	80	4	0	0	0	0	0	0	0	0
2273	7	80	4	0	0	0	0	0	0	0	0
2274	7	80	4	0	0	0	0	0	0	0	0
2275	7	80	4	0	0	0	0	0	0	0	0
2276	7	80	4	0	0	0	0	0	0	0	0
2277	7	80	4	0	0	0	0	0	0	0	0
2278	7	80	4	0	0	0	0	0	0	0	0
2279	7	80	4	0	0	0	0	0	0	0	0
2280	7	80	4	0	0	0	0	0	0	0	0
2281	7	80	4	0	0	0	0	0	0	0	0
2282	7	80	4	0	0	0	0	0	0	0	0
2283	7	80	4	0	0	0	0	0	0	0	0
2284	7	80	4	0	0	0	0	0	0	0	0
2285	7	80	4	0	0	0	0	0	0	0	0
2286	7	80	4	0	0	0	0	0	0	0	0
2287	7	80	4	0	0	0	0	0	0	0	0
2288	7	80	4	0	0	0	0	0	0	0	0
2289	7	80	4	0	0	0	0	0	0	0	0
2290	7	80	4	0	0	0	0	0	0	0	0
2291	7	80	4	0	0	0	0	0	0	0	0
2292	7	80	4	0	0	0	0	0	0	0	0
2293	7	80	4	0	0	0	0	0	0	0	0
2294	7	80	4	0	0	0	0	0	0	0	0
2295	7	80	4	0	0	0	0	0	0	0	0
2296	7	80	4	0	0	0	0	0	0	0	0
2297	7	80	4	0	0	0	0	0	0	0	0
2298	7	80	4	0	0	0	0	0	0	0	0
2299	7	80	4	0	0	0	0	0	0	0	0
2300	7	80	4	0	0	0	0	0	0	0	0
2301	7	80	4	0	0	0	0	0	0	0	0
2302	7	80	4	0	0	0	0	0	0	0	0
2303	7	80	4	0	0	0	0	0	0	0	0
2304	7	80	4	0	0	0	0	0	0	0	0
2305	7	80	4	0	0	0	0	0	0	0	0
2306	7	80	4	0	0	0	0	0	0	0	0
2307	7	80	4	0	0	0	0	0	0	0	0
2308	7	80	4	0	0	0	0	0	0	0	0
2309	7	80	4	0	0	0	0	0	0	0	0
2310	7	80	4	0	0	0	0	0	0	0	0
2311	7	80	4	0	0	0	0	0	0	0	0
2312	7	80	4	0	0	0	0	0	0	0	0
2313	7	80	4	0	0	0	0	0	0	0	0
2314	7	80	4	0	0	0	0	0	0	0	0
2315	7	80	4	0	0	0	0	0	0	0	0
2316	7	80	4	0	0	0	0	0	0	0	0
2317	7	80	4	0	0	0	0	0	0	0	0
2318	7	80	4	0	0	0	0	0	0	0	0
2319	7	80	4	0	0	0	0	0	0	0	0
2320	7	80	4	0	0	0	0	0	0	0	0
2321	7	80	4	0	0	0	0	0	0	0	0
2322	7	80	4	0	0	0	0	0	0	0	0
2323	7	80	4	0	0	0	0	0	0	0	0
2324	7	80	4	0	0	0	0	0	0	0	0
2325	7	80	4	0	0	0	0	0	0	0	0
2326	7	80	4	0	0	0	0	0	0	0	0
2327	7	80	4	0	0	0	0	0	0	0	0
2328	7	80	4	0	0	0	0	0	0	0	0
2329	7	80	4	0	0	0	0	0	0	0	0
2330	7	80	4	0	0	0	0	0	0	0	0
2331	7	80	4	0	0	0	0	0	0	0	0
2332	7	80	4	0	0	0	0	0	0	0	0
2333	7	80	4	0	0	0	0	0	0	0	0
2334	7	80	4	0	0	0	0	0	0	0	0
2335	7	80	4	0	0	0	0	0	0	0	0
2336	7	80	4	0	0	0	0	0	0	0	0
2337	7	80	4	0	0	0	0	0	0	0	0
2338	7	80	4	0	0	0	0	0	0	0	0
2339	7	80	4	0	0	0	0	0	0	0	0
2340	7	80	4	0	0	0	0	0	0	0	0
2341	7	80	4	0	0	0	0	0	0	0	0
2342	7	80	4	0	0	0	0	0	0	0	0
2343	7	80	4	0	0	0	0	0	0	0	0
2344	7	80	4	0	0	0	0	0	0	0	0
2345	7	80	4	0	0	0	0	0	0	0	0
2346	7	80	4	0	0	0	0	0	0	0	0
2347	7	80	4	0	0	0	0	0	0	0	0
2348	7	80	4	0	0	0	0	0	0	0	0
2349	7	80	4	0	0	0	0	0	0	0	0
2350	7	80	4	0	0	0	0	0	0	0	0
2351	7	80	4	0	0	0	0	0	0	0	0
2352	7	80	4	0	0	0	0	0	0	0	0
2353	7	80	4	0	0	0	0	0	0	0	0
2354	7	80	4	0	0	0	0	0	0	0	0
2355	7	80	4	0	0	0	0	0	0	0	0
2356	7	80	4	0	0	0	0	0	0	0	0
2357	7	80	4	0	0	0	0	0	0	0	0
2358	7	80	4	0	0	0	0	0	0	0	0
2359	7	80	4	0	0	0	0	0	0	0	0
2360	7	80	4	0	0	0	0	0	0	0	0
2361	7	80	4	0	0	0	0	0	0	0	0
2362	7	80	4	0	0	0	0	0	0	0	0
2363	7	80	4	0	0	0	0	0	0	0	0
2364	7	80	4	0	0	0	0	0	0	0	0
2365	7	80	4	0	0	0	0	0	0	0	0
2366	7	80	4	0	0	0	0	0	0	0	0
2367	7	80	4	0	0	0	0	0	0	0	0
2368	7	80	4	0	0	0	0	0	0	0	0
2369	7	80	4	0	0	0	0	0	0	0	0
2370	7	80	4	0	0	0	0	0	0	0	0
2371	7	80	4	0	0	0	0	0	0	0	0
2372	7	80	4	0	0	0	0	0	0	0	0
2373	7	80	4	0	0	0	0	0	0	0	0
2374	7	80	4	0	0	0	0	0	0	0	0
2375	7	80	4	0	0	0	0	0	0	0	0
2376	7	80	4	0	0	0	0	0	0	0	0
2377	7	80	4	0	0	0	0	0	0	0	0
2378	7	80	4	0	0	0	0	0	0	0	0
2379	7	80	4	0	0	0	0	0	0	0	0
2380	7	80	4	0	0	0	0	0	0	0	0
2381	7	80	4	0	0	0	0	0	0	0	0
2382	7	80	4	0	0	0	0	0	0	0	0
2383	7	80	4	0	0	0	0	0	0	0	0
2384	7	80	4	0	0	0	0	0	0	0	0
2385	7	80	4	0	0	0	0	0	0	0	0
2386	7	80	4	0	0	0	0	0	0	0	0
2387	7	80	4	0	0	0	0	0	0	0	0
2388	7	80	4	0	0	0	0	0	0	0	0
2389	7	80	4	0	0	0	0	0	0	0	0
2390	7	80	4	0	0	0	0	0	0	0	0
2391	7	80	4	0	0	0	0	0	0	0	0
2392	7	80	4	0	0	0	0	0	0	0	0
2393	7	80	4	0	0	0	0	0	0	0	0
2394	7	80	4	0	0	0	0	0	0	0	0
2395	7	80	4	0	0	0	0	0	0	0	0
2396	7	80	4	0	0	0	0	0	0	0	0
2397	7	80	4	0	0	0	0	0	0	0	0
2398	7	80	4	0	0	0	0	0	0	0	0
2399	7	80	4	0	0	0	0	0	0	0	0
2400	7	80	4	0	0	0	0	0	0	0	0
2401	7	80	4	0	0	0	0	0	0	0	0
2402	7	80	4	0	0	0	0	0	0	0	0
2403	7	80	4	0	0	0	0	0	0	0	0
2404	7	80	4	0	0	0	0	0	0	0	0
2405	7	80	4	0	0	0	0	0	0	0	0
2406	7	80	4	0	0	0	0	0	0	0	0
2407	7	80	4	0	0	0	0	0	0	0	0
2408	7	80	4	0	0	0	0	0	0	0	0
2409	7	80	4	0	0	0	0	0	0	0	0
2410	7	80	4	0	0	0	0	0	0	0	0
2411	7	80	4	0	0	0	0	0	0	0	0
2412	7	80	4	0	0	0	0	0	0	0	0
2413	7	80	4	0	0	0	0	0	0	0	0
2414	7	80	4	0	0	0	0	0	0	0	0
2415	7	80	4	0	0	0	0	0	0	0	0
2416	7	80	4	0	0	0	0	0	0	0	0
2417	7	80	4	0	0	0	0	0	0	0	0
2418	7	80	4	0	0	0	0	0	0	0	0
2419	7	80	4	0	0	0	0	0	0	0	0
2420	7	80	4	0	0	0	0	0	0	0	0
2421	7	80	4	0	0	0	0	0	0	0	0
2422	7	80	4	0	0	0	0	0	0	0	0
2423	7	80	4	0	0	0	0	0	0	0	0
2424	7	80	4	0	0	0	0	0	0	0	0
2425	7	80	4	0	0	0	0	0	0	0	0
2426	7	80	4	0	0	0	0	0	0	0	0
2427	7	80	4	0	0	0	0	0	0	0	0
2428	7	80	4	0	0	0	0	0	0	0	0
2429	7	80	4	0	0	0	0	0	0	0	0
2430	7	80	4	0	0	0	0	0	0	0	0
2431	7	80	4	0	0	0	0	0	0	0	0
2432	7	80	4	0	0	0	0	0	0	0	0
2433	7	80	4	0	0	0	0	0	0	0	0
2434	7	80	4	0	0	0	0	0	0	0	0
2435	7	80	4	0	0	0	0	0	0	0	0
2436	7	80	4	0	0	0	0	0	0	0	0
2437	7	80	4	0	0	0	0	0	0	0	0
2438	7	80	4	0	0	0	0	0	0	0	0
2439	7	80	4	0	0	0	0	0	0	0	0
2440	7	80	4	0	0	0	0	0	0	0	0
2441	7	80	4	0	0	0	0	0	0	0	0
2442	7	80	4	0	0	0	0	0	0	0	0
2443	7	80	4	0	0	0	0	0	0	0	0
2444	7	80	4	0	0	0	0	0	0	0	0
2445	7	80	4	0	0	0	0	0	0	0	0
2446	7	80	4	0	0	0	0	0	0	0	0
2447	7	80	4	0	0	0	0	0	0	0	0
2448	7	80	4	0	0	0	0	0	0	0	0
2449	7	80	4	0	0	0	0	0	0	0	0
2450	7	80	4	0	0	0	0	0	0	0	0
2451	7	80	4	0	0	0	0	0	0	0	0
2452	7	80	4	0	0	0	0	0	0	0	0
2453	7	80	4	0	0	0	0	0	0	0	0
2454	7	80	4	0	0	0	0	0	0	0	0
2455	7	80	4	0	0	0	0	0	0	0	0
2456	7	80	4	0	0	0	0	0	0	0	0
2457	7	80	4	0	0	0	0	0	0	0	0
2458	7	80	4	0	0	0	0	0	0	0	0
2459	7	80	4	0	0	0	0	0	0	0	0
2460	7	80	4	0	0	0	0	0	0	0	0
2461	7	80	4	0	0	0	0	0	0	0	0
2462	7	80	4	0	0	0	0	0	0	0	0
2463	7	80	4	0	0	0	0	0	0	0	0
2464	7	80	4	0	0	0	0	0	0	0	0
2465	7	80	4	0	0	0	0	0	0	0	0
2466	7	80	4	0	0	0	0	0	0	0	0
2467	7	80	4	0	0	0	0	0	0	0	0
2468	7	80	4	0	0	0	0	0	0	0	0
2469	7	80	4	0	0	0	0	0	0	0	0
2470	7	80	4	0	0	0	0	0	0	0	0
2471	7	80	4	0	0	0	0	0	0	0	0
2472	7	80	4	0	0	0	0	0	0	0	0
2473	7	80	4	0	0	0	0	0	0	0	0
2474	7	80	4	0	0	0	0	0	0	0	0
2475	7	80	4	0	0	0	0	0	0	0	0
2476	7	80	4	0	0	0	0	0	0	0	0
2477	7	80	4	0	0	0	0	0	0	0	0
2478	7	80	4	0	0	0	0	0	0	0	0
2479	7	80	4	0	0	0	0	0	0	0	0
2480	7	80	4	0	0	0	0	0	0	0	0
2481	7	80	4	0	0	0	0	0	0	0	0
2482	7	80	4	0	0	0	0	0	0	0	0
2483	7	80	4	0	0	0	0	0	0	0	0
2484	7	80	4	0	0	0	0	0	0	0	0
2485	7	80	4	0	0	0	0	0	0	0	0
2486	4	80	3	0	0	0	0	0	0	0	0
2487	5	80	3	0	0	0	0	0	0	0	0
2488	6	40	3	0	0	0	0	0	0	0	0
2489	7	40	3	0	0	0	0	0	0	0	0
2490	7	40	3	0	0	0	0	0	0	0	0
2491	7	40	3	0	0	0	0	0	0	0	0
2492	7	40	3	0	0	0	0	0	0	0	0
2493	7	40	3	0	0	0	0	0	0	0	0
2494	7	40	3	0	0	0	0	0	0	0	0
2495	7	40	3	0	0	0	0	0	0	0	0
2496	7	40	3	0	0	0	0	0	0	0	0
2497	7	40	3	0	0	0	0	0	0	0	0
2498	7	40	3	0	0	0	0	0	0	0	0
2499	7	40	3	0	0	0	0	0	0	0	0
2500	7	40	3	0	0	0	0	0	0	0	0
2501	7	40	3	0	0	0	0	0	0	0	0
2502	7	40	3	0	0	0	0	0	0	0	0
2503	7	40	3	0	0	0	0	0	0	0	0
2504	7	40	3	0	0	0	0	0	0	0	0
2505	7	40	3	0	0	0	0	0	0	0	0
2506	7	40	3	0	0	0	0	0	0	0	0
2507	7	40	3	0	0	0	0	0	0	0	0
2508	7	40	3	0	0	0	0	0	0	0	0
2509	7	40	3	0	0	0	0	0	0	0	0
2510	7	40	3	0	0	0	0	0	0	0	0
2511	7	40	3	0	0	0	0	0	0	0	0
2512	7	40	3	0	0	0	0	0	0	0	0
2513	7	40	3	0	0	0	0	0	0	0	0
2514	7	40	3	0	0	0	0	0	0	0	0
2515	7	40	3	0	0	0	0	0	0	0	0
2516	7	40	3	0	0	0	0	0	0	0	0
2517	7	40	3	0	0	0	0	0	0	0	0
2518	7	40	3	0	0	0	0	0	0	0	0
2519	7	40	3	0	0	0	0	0	0	0	0
2520	7	40	3	0	0	0	0	0	0	0	0
2521	7	40	3	0	0	0	0	0	0	0	0
2522	7	40	3	0	0	0	0	0	0	0	0
2523	7	40	3	0	0	0	0	0	0	0	0
2524	7	40	3	0	0	0	0	0	0	0	0
2525	7	40	3	0	0	0	0	0	0	0	0
2526	7	40	3	0	0	0	0	0	0	0	0
2527	7	40	3	0	0	0	0	0	0	0	0
2528	7	40	3	0	0	0	0	0	0	0	0
2529	7	40	3	0	0	0	0	0	0	0	0
2530	7	40	3	0	0	0	0	0	0	0	0
2531	7	40	3	0	0	0	0	0	0	0	0
2532	7	40	3	0	0	0	0	0	0	0	0
2533	7	40	3	0	0	0	0	0	0	0	0
2534	7	40	3	0	0	0	0	0	0	0	0
2535	7	40	3	0	0	0	0	0	0	0	0
2536	7	40	3	0	0	0	0	0	0	0	0
2537	7	40	3	0	0	0	0	0	0	0	0
2538	7	40	3	0	0	0	0	0	0	0	0
2539	7	40	3	0	0	0	0	0	0	0	0
2540	7	40	3	0	0	0	0	0	0	0	0
2541	7	40	3	0	0	0	0	0	0	0	0
2542	7	40	3	0	0	0	0	0	0	0	0
2543	7	40	3	0	0	0	0	0	0	0	0
2544	7	40	3	0	0	0	0	0	0	0	0
2545	7	40	3	0	0	0	0	0	0	0	0
2546	7	40	3	0	0	0	0	0	0	0	0
2547	7	40	3	0	0	0	0	0	0	0	0
2548	7	40	3	0	0	0	0	0	0	0	0
2549	7	40	3	0	0	0	0	0	0	0	0
2550	7	40	3	0	0	0	0	0	0	0	0
2551	7	40	3	0	0	0	0	0	0	0	0
2552	7	40	3	0	0	0	0	0	0	0	0
2553	7	40	3	0	0	0	0	0	0	0	0
2554	7	40	3	0	0	0	0	0	0	0	0
2555	7	40	3	0	0	0	0	0	0	0	0
2556	7	40	3	0	0	0	0	0	0	0	0
2557	7	40	3	0	0	0	0	0	0	0	0
2558	7	40	3	0	0	0	0	0	0	0	0
2559	7	40	3	0	0	0	0	0	0	0	0
2560	7	40	3	0	0	0	0	0	0	0	0
2561	7	40	3	0	0	0	0	0	0	0	0
2562	7	40	3	0	0	0	0	0	0	0	0
2563	7	40	3	0	0	0	0	0	0	0	0
2564	7	40	3	0	0	0	0	0	0	0	0
2565	7	40	3	0	0	0	0	0	0	0	0
2566	7	40	3	0	0	0	0	0	0	0	0
2567	7	40	3	0	0	0	0	0	0	0	0
2568	7	40	3	0	0	0	0	0	0	0	0
2569	7	40	3	0	0	0	0	0	0	0	0
2570	7	40	3	0	0	0	0	0	0	0	0
2571	7	40	3	0	0	0	0	0	0	0	0
2572	7	40	3	0	0	0	0	0	0	0	0
2573	7	40	3	0	0	0	0	0	0	0	0
2574	7	40	3	0	0	0	0	0	0	0	0
2575	7	40	3	0	0	0	0	0	0	0	0
2576	7	40	3	0	0	0	0	0	0	0	0
2577	7	40	3	0	0	0	0	0	0	0	0
2578	7	40	3	0	0	0	0	0	0	0	0
2579	7	40	3	0	0	0	0	0	0	0	0
2580	7	40	3	0	0	0	0	0	0	0	0
2581	7	40	3	0	0	0	0	0	0	0	0
2582	7	40	3	0	0	0	0	0	0	0	0
2583	7	40	3	0	0	0	0	0	0	0	0
2584	7	40	3	0	0	0	0	0	0	0	0
2585	7	40	3	0	0	0	0	0	0	0	0
2586	7	40	3	0	0	0	0	0	0	0	0
2587	7	40	3	0	0	0	0	0	0	0	0
2588	7	40	3	0	0	0	0	0	0	0	0
2589	7	40	3	0	0	0	0	0	0	0	0
2590	7	40	3	0	0	0	0	0	0	0	0
2591	7	40	3	0	0	0	0	0	0	0	0
2592	7	40	3	0	0	0	0	0	0	0	0
2593	7	40	3	0	0	0	0	0	0	0	0
2594	7	40	3	0	0	0	0	0	0	0	0
2595	7	40	3	0	0	0	0	0	0	0	0
2596	7	40	3	0	0	0	0	0	0	0	0
2597	7	40	3	0	0	0	0	0	0	0	0
2598	7	40	3	0	0	0	0	0	0	0	0
2599	7	40	3	0	0	0	0	0	0	0	0
2600	7	40	3	0	0	0	0	0	0	0	0
2601	7	40	3	0	0	0	0	0	0	0	0
2602	7	40	3	0	0	0	0	0	0	0	0
2603	7	40	3	0	0	0	0	0	0	0	0
2604	7	40	3	0	0	0	0	0	0	0	0
2605	7	40	3	0	0	0	0	0	0	0	0
2606	7	40	3	0	0	0	0	0	0	0	0
2607	7	40	3	0	0	0	0	0	0	0	0
2608	7	40	3	0	0	0	0	0	0	0	0
2609	7	40	3	0	0	0	0	0	0	0	0
2610	7	40	3	0	0	0	0	0	0	0	0
2611	7	40	3	0	0	0	0	0	0	0	0
2612	7	40	3	0	0	0	0	0	0	0	0
2613	7	40	3	0	0	0	0	0	0	0	0
2614	7	40	3	0	0	0	0	0	0	0	0
2615	7	40	3	0	0	0	0	0	0	0	0
2616	7	40	3	0	0	0	0	0	0	0	0
2617	7	40	3	0	0	0	0	0	0	0	0
2618	7	40	3	0	0	0	0	0	0	0	0
2619	7	40	3	0	0	0	0	0	0	0	0
2620	7	40	3	0	0	0	0	0	0	0	0
2621	7	40	3	0	0	0	0	0	0	0	0
2622	7	40	3	0	0	0	0	0	0	0	0
2623	7	40	3	0	0	0	0	0	0	0	0
2624	7	40	3	0	0	0	0	0	0	0	0
2625	7	40	3	0	0	0	0	0	0	0	0
2626	7	40	3	0	0	0	0	0	0	0	0
2627	7	40	3	0	0	0	0	0	0	0	0
2628	7	40	3	0	0	0	0	0	0	0	0
2629	7	40	3	0	0	0	0	0	0	0	0
2630	7	40	3	0	0	0	0	0	0	0	0
2631	7	40	3	0	0	0	0	0	0	0	0
2632	7	40	3	0	0	0	0	0	0	0	0
2633	7	40	3	0	0	0	0	0	0	0	0
2634	7	40	3	0	0	0	0	0	0	0	0
2635	7	40	3	0	0	0	0	0	0	0	0
2636	7	40	3	0	0	0	0	0	0	0	0
2637	7	40	3	0	0	0	0	0	0	0	0
2638	7	40	3	0	0	0	0	0	0	0	0
2639	7	40	3	0	0	0	0	0	0	0	0
2640	7	40	3	0	0	0	0	0	0	0	0
2641	7	40	3	0	0	0	0	0	0	0	0
2642	7	40	3	0	0	0	0	0	0	0	0
2643	7	40	3	0	0	0	0	0	0	0	0
2644	7	40	3	0	0	0	0	0	0	0	0
2645	7	40	3	0	0	0	0	0	0	0	0
2646	7	40	3	0	0	0	0	0	0	0	0
2647	7	40	3	0	0	0	0	0	0	0	0
2648	7	40	3	0	0	0	0	0	0	0	0
2649	7	40	3	0	0	0	0	0	0	0	0
2650	7	40	3	0	0	0	0	0	0	0	0
2651	7	40	3	0	0	0	0	0	0	0	0
2652	7	40	3	0	0	0	0	0	0	0	0
2653	7	40	3	0	0	0	0	0	0	0	0
2654	7	40	3	0	0	0	0	0	0	0	0
2655	7	40	3	0	0	0	0	0	0	0	0
2656	7	40	3	0	0	0	0	0	0	0	0
2657	7	40	3	0	0	0	0	0	0	0	0
2658	7	40	3	0	0	0	0	0	0	0	0
2659	7	40	3	0	0	0	0	0	0	0	0
2660	7	40	3	0	0	0	0	0	0	0	0
2661	7	40	3	0	0	0	0	0	0	0	0
2662	7	40	3	0	0	0	0	0	0	0	0
2663	7	40	3	0	0	0	0	0	0	0	0
2664	7	40	3	0	0	0	0	0	0	0	0
2665	7	40	3	0	0	0	0	0	0	0	0
2666	7	40	3	0	0	0	0	0	0	0	0
2667	7	40	3	0	0	0	0	0	0	0	0
2668	7	40	3	0	0	0	0	0	0	0	0
2669	7	40	3	0	0	0	0	0	0	0	0
2670	7	40	3	0	0	0	0	0	0	0	0
2671	7	40	3	0	0	0	0	0	0	0	0
2672	7	40	3	0	0	0	0	0	0	0	0
2673	7	40	3	0	0	0	0	0	0	0	0
2674	7	40	3	0	0	0	0	0	0	0	0
2675	7	40	3	0	0	0	0	0	0	0	0
2676	7	40	3	0	0	0	0	0	0	0	0
2677	7	40	3	0	0	0	0	0	0	0	0
2678	7	40	3	0	0	0	0	0	0	0	0
2679	7	40	3	0	0	0	0	0	0	0	0
2680	7	40	3	0	0	0	0	0	0	0	0
2681	7	40	3	0	0	0	0	0	0	0	0
2682	7	40	3	0	0	0	0	0	0	0	0
2683	7	40	3	0	0	0	0	0	0	0	0
2684	7	40	3	0	0	0	0	0	0	0	0
2685	7	40	3	0	0	0	0	0	0	0	0
2686	7	40	3	0	0	0	0	0	0	0	0
2687	7	40	3	0	0	0	0	0	0	0	0
2688	7	40	3	0	0	0	0	0	0	0	0
2689	7	40	3	0	0	0	0	0	0	0	0
2690	7	40	3	0	0	0	0	0	0	0	0
2691	7	40	3	0	0	0	0	0	0	0	0
2692	7	40	3	0	0	0	0	0	0	0	0
2693	7	40	3	0	0	0	0	0	0	0	0
2694	7	40	3	0	0	0	0	0	0	0	0
2695	7	40	3	0	0	0	0	0	0	0	0
2696	7	40	3	0	0	0	0	0	0	0	0
2697	7	40	3	0	0	0	0	0	0	0	0
2698	7	40	3	0	0	0	0	0	0	0	0
2699	7	40	3	0	0	0	0	0	0	0	0
2700	7	40	3	0	0	0	0	0	0	0	0
2701	7	40	3	0	0	0	0	0	0	0	0
2702	7	40	3	0	0	0	0	0	0	0	0
2703	7	40	3	0	0	0	0	0	0	0	0
2704	7	40	3	0	0	0	0	0	0	0	0
2705	7	40	3	0	0	0	0	0	0	0	0
2706	7	40	3	0	0	0	0	0	0	0	0
2707	7	40	3	0	0	0	0	0	0	0	0
2708	7	40	3	0	0	0	0	0	0	0	0
2709	7	40	3	0	0	0	0	0	0	0	0
2710	7	40	3	0	0	0	0	0	0	0	0
2711	7	40	3	0	0	0	0	0	0	0	0
2712	7	40	3	0	0	0	0	0	0	0	0
2713	7	40	3	0	0	0	0	0	0	0	0
2714	7	40	3	0	0	0	0	0	0	0	0
2715	7	40	3	0	0	0	0	0	0	0	0
2716	7	40	3	0	0	0	0	0	0	0	0
2717	7	40	3	0	0	0	0	0	0	0	0
2718	7	40	3	0	0	0	0	0	0	0	0
2719	7	40	3	0	0	0	0	0	0	0	0
2720	7	40	3	0	0	0	0	0	0	0	0
2721	7	40	3	0	0	0	0	0	0	0	0
2722	7	40	3	0	0	0	0	0	0	0	0
2723	7	40	3	0	0	0	0	0	0	0	0
2724	7	40	3	0	0	0	0	0	0	0	0
2725	7	40	3	0	0	0	0	0	0	0	0
2726	7	40	3	0	0	0	0	0	0	0	0
2727	7	40	3	0	0	0	0	0	0	0	0
2728	7	40	3	0	0	0	0	0	0	0	0
2729	7	40	3	0	0	0	0	0	0	0	0
2730	7	40	3	0	0	0	0	0	0	0	0
2731	7	40	3	0	0	0	0	0	0	0	0
2732	7	40	3	0	0	0	0	0	0	0	0
2733	7	40	3	0	0	0	0	0	0	0	0
2734	7	40	3	0	0	0	0	0	0	0	0
2735	7	40	3	0	0	0	0	0	0	0	0
2736	7	40	3	0	0	0	0	0	0	0	0
2737	7	40	3	0	0	0	0	0	0	0	0
2738	7	40	3	0	0	0	0	0	0	0	0
2739	7	40	3	0	0	0	0	0	0	0	0
2740	7	40	3	0	0	0	0	0	0	0	0
2741	7	40	3	0	0	0	0	0	0	0	0
2742	7	40	3	0	0	0	0	0	0	0	0
2743	7	40	3	0	0	0	0	0	0	0	0
2744	7	40	3	0	0	0	0	0	0	0	0
2745	7	40	3	0	0	0	0	0	0	0	0
2746	7	40	3	0	0	0	0	0	0	0	0
2747	7	40	3	0	0	0	0	0	0	0	0
2748	7	40	3	0	0	0	0	0	0	0	0
2749	7	40	3	0	0	0	0	0	0	0	0
2750	7	40	3	0	0	0	0	0	0	0	0
2751	7	40	3	0	0	0	0	0	0	0	0
2752	7	40	3	0	0	0	0	0	0	0	0
2753	7	40	3	0	0	0	0	0	0	0	0
2754	7	40	3	0	0	0	0	0	0	0	0
2755	7	40	3	0	0	0	0	0	0	0	0
2756	7	40	3	0	0	0	0	0	0	0	0
2757	7	40	3	0	0	0	0	0	0	0	0
2758	7	40	3	0	0	0	0	0	0	0	0
2759	7	40	3	0	0	0	0	0	0	0	0
2760	7	40	3	0	0	0	0	0	0	0	0
2761	7	40	3	0	0	0	0	0	0	0	0
2762	7	40	3	0	0	0	0	0	0	0	0
2763	7	40	3	0	0	0	0	0	0	0	0
2764	7	40	3	0	0	0	0	0	0	0	0
2765	7	40	3	0	0	0	0	0	0	0	0
2766	7	40	3	0	0	0	0	0	0	0	0
2767	7	40	3	0	0	0	0	0	0	0	0
2768	7	40	3	0	0	0	0	0	0	0	0
2769	7	40	3	0	0	0	0	0	0	0	0
2770	7	40	3	0	0	0	0	0	0	0	0
2771	7	40	3	0	0	0	0	0	0	0	0
2772	7	40	3	0	0	0	0	0	0	0	0
2773	7	40	3	0	0	0	0	0	0	0	0
2774	7	40	3	0	0	0	0	0	0	0	0
2775	7	40	3	0	0	0	0	0	0	0	0
2776	7	40	3	0	0	0	0	0	0	0	0
2777	7	40	3	0	0	0	0	0	0	0	0
2778	7	40	3	0	0	0	0	0	0	0	0
2779	7	40	3	0	0	0	0	0	0	0	0
2780	7	40	3	0	0	0	0	0	0	0	0
2781	7	40	3	0	0	0	0	0	0	0	0
2782	7	40	3	0	0	0	0	0	0	0	0
2783	7	40	3	0	0	0	0	0	0	0	0
2784	7	40	3	0	0	0	0	0	0	0	0
2785	7	40	3	0	0	0	0	0	0	0	0
2786	7	40	3	0	0	0	0	0	0	0	0
2787	7	40	3	0	0	0	0	0	0	0	0
2788	7	40	3	0	0	0	0	0	0	0	0
2789	7	40	3	0	0	0	0	0	0	0	0
2790	7	40	3	0	0	0	0	0	0	0	0
2791	7	40	3	0	0	0	0	0	0	0	0
2792	7	40	3	0	0	0	0	0	0	0	0
2793	7	40	3	0	0	0	0	0	0	0	0
2794	7	40	3	0	0	0	0	0	0	0	0
2795	7	40	3	0	0	0	0	0	0	0	0
2796	7	40	3	0	0	0	0	0	0	0	0
2797	7	40	3	0	0	0	0	0	0	0	0
2798	7	40	3	0	0	0	0	0	0	0	0
2799	7	40	3	0	0	0	0	0	0	0	0
2800	7	40	3	0	0	0	0	0	0	0	0
2801	7	40	3	0	0	0	0	0	0	0	0
2802	7	40	3	0	0	0	0	0	0	0	0
2803	7	40	3	0	0	0	0	0	0	0	0
2804	7	40	3	0	0	0	0	0	0	0	0
2805	7	40	3	0	0	0	0	0	0	0	0
2806	7	40	3	0	0	0	0	0	0	0	0
2807	7	40	3	0	0	0	0	0	0	0	0
2808	7	40	3	0	0	0	0	0	0	0	0
2809	7	40	3	0	0	0	0	0	0	0	0
2810	7	40	3	0	0	0	0	0	0	0	0
2811	7	40	3	0	0	0	0	0	0	0	0
2812	7	40	3	0	0	0	0	0	0	0	0
2813	7	40	3	0	0	0	0	0	0	0	0
2814	7	40	3	0	0	0	0	0	0	0	0
2815	7	40	3	0	0	0	0	0	0	0	0
2816	7	40	3	0	0	0	0	0	0	0	0
2817	7	40	3	0	0	0	0	0	0	0	0
2818	7	40	3	0	0	0	0	0	0	0	0
2819	7	40	3	0	0	0	0	0	0	0	0
2820	7	40	3	0	0	0	0	0	0	0	0
2821	7	40	3	0	0	0	0	0	0	0	0
2822	7	40	3	0	0	0	0	0	0	0	0
2823	7	40	3	0	0	0	0	0	0	0	0
2824	7	40	3	0	0	0	0	0	0	0	0
2825	7	40	3	0	0	0	0	0	0	0	0
2826	7	40	3	0	0	0	0	0	0	0	0
2827	7	40	3	0	0	0	0	0	0	0	0
2828	7	40	3	0	0	0	0	0	0	0	0
2829	7	40	3	0	0	0	0	0	0	0	0
2830	7	40	3	0	0	0	0	0	0	0	0
2831	7	40	3	0	0	0	0	0	0	0	0
2832	7	40	3	0	0	0	0	0	0	0	0
2833	7	40	3	0	0	0	0	0	0	0	0
2834	7	40	3	0	0	0	0	0	0	0	0
2835	7	40	3	0	0	0	0	0	0	0	0
2836	7	40	3	0	0	0	0	0	0	0	0
2837	7	40	3	0	0	0	0	0	0	0	0
2838	7	40	3	0	0	0	0	0	0	0	0
2839	7	40	3	0	0	0	0	0	0	0	0
2840	7	40	3	0	0	0	0	0	0	0	0
2841	7	40	3	0	0	0	0	0	0	0	0
2842	7	40	3	0	0	0	0	0	0	0	0
2843	7	40	3	0	0	0	0	0	0	0	0
2844	7	40	3	0	0	0	0	0	0	0	0
2845	7	40	3	0	0	0	0	0	0	0	0
2846	7	40	3	0	0	0	0	0	0	0	0
2847	7	40	3	0	0	0	0	0	0	0	0
2848	7	40	3	0	0	0	0	0	0	0	0
2849	7	40	3	0	0	0	0	0	0	0	0
2850	7	40	3	0	0	0	0	0	0	0	0
2851	7	40	3	0	0	0	0	0	0	0	0
2852	7	40	3	0	0	0	0	0	0	0	0
2853	7	40	3	0	0	0	0	0	0	0	0
2854	7	40	3	0	0	0	0	0	0	0	0
2855	7	40	3	0	0	0	0	0	0	0	0
2856	7	40	3	0	0	0	0	0	0	0	0
2857	7	40	3	0	0	0	0	0	0	0	0
2858	7	40	3	0	0	0	0	0	0	0	0
2859	7	40	3	0	0	0	0	0	0	0	0
2860	7	40	3	0	0	0	0	0	0	0	0
2861	7	40	3	0	0	0	0	0	0	0	0
2862	7	40	3	0	0	0	0	0	0	0	0
2863	7	40	3	0	0	0	0	0	0	0	0
2864	7	40	3	0	0	0	0	0	0	0	0
2865	7	40	3	0	0	0	0	0	0	0	0
2866	7	40	3	0	0	0	0	0	0	0	0
2867	7	40	3	0	0	0	0	0	0	0	0
2868	7	40	3	0	0	0	0	0	0	0	0
2869	7	40	3	0	0	0	0	0	0	0	0
2870	7	40	3	0	0	0	0	0	0	0	0
2871	7	40	3	0	0	0	0	0	0	0	0
2872	7	40	3	0	0	0	0	0	0	0	0
2873	7	40	3	0	0	0	0	0	0	0	0
2874	7	40	3	0	0	0	0	0	0	0	0
2875	7	40	3	0	0	0	0	0	0	0	0
2876	7	40	3	0	0	0	0	0	0	0	0
2877	7	40	3	0	0	0	0	0	0	0	0
2878	7	40	3	0	0	0	0	0	0	0	0
2879	7	40	3	0	0	0	0	0	0	0	0
2880	7	40	3	0	0	0	0	0	0	0	0
2881	7	40	3	0	0	0	0	0	0	0	0
2882	7	40	3	0	0	0	0	0	0	0	0
2883	7	40	3	0	0	0	0	0	0	0	0
2884	7	40	3	0	0	0	0	0	0	0	0
2885	7	40	3	0	0	0	0	0	0	0	0
2886	7	40	3	0	0	0	0	0	0	0	0
2887	7	40	3	0	0	0	0	0	0	0	0
2888	7	40	3	0	0	0	0	0	0	0	0
2889	7	40	3	0	0	0	0	0	0	0	0
2890	7	40	3	0	0	0	0	0	0	0	0
2891	7	40	3	0	0	0	0	0	0	0	0
2892	7	40	3	0	0	0	0	0	0	0	0
2893	7	40	3	0	0	0	0	0	0	0	0
2894	7	40	3	0	0	0	0	0	0	0	0
2895	7	40	3	0	0	0	0	0	0	0	0
2896	7	40	3	0	0	0	0	0	0	0	0
2897	7	40	3	0	0	0	0	0	0	0	0
2898	7	40	3	0	0	0	0	0	0	0	0
2899	7	40	3	0	0	0	0	0	0	0	0
2900	7	40	3	0	0	0	0	0	0	0	0
2901	7	40	3	0	0	0	0	0	0	0	0
2902	7	40	3	0	0	0	0	0	0	0	0
2903	7	40	3	0	0	0	0	0	0	0	0
2904	7	40	3	0	0	0	0	0	0	0	0
2905	7	40	3	0	0	0	0	0	0	0	0
2906	7	40	3	0	0	0	0	0	0	0	0
2907	7	40	3	0	0	0	0	0	0	0	0
2908	7	40	3	0	0	0	0	0	0	0	0
2909	7	40	3	0	0	0	0	0	0	0	0
2910	7	40	3	0	0	0	0	0	0	0	0
2911	7	40	3	0	0	0	0	0	0	0	0
2912	7	40	3	0	0	0	0	0	0	0	0
2913	7	40	3	0	0	0	0	0	0	0	0
2914	7	40	3	0	0	0	0	0	0	0	0
2915	7	40	3	0	0	0	0	0	0	0	0
2916	7	40	3	0	0	0	0	0	0	0	0
2917	7	40	3	0	0	0	0	0	0	0	0
2918	7	40	3	0	0	0	0	0	0	0	0
2919	7	40	3	0	0	0	0	0	0	0	0
2920	4	40	2	0	0	0	0	0	0	0	0
2921	5	41	2	0	0	0	0	0	0	0	0
2922	6	148	2	0	0	0	0	0	0	0	0
2923	7	148	2	0	0	0	0	0	0	0	0
2924	7	148	2	0	0	0	0	0	0	0	0
2925	7	148	2	0	0	0	0	0	0	0	0
2926	7	148	2	0	0	0	0	0	0	0	0
2927	7	148	2	0	0	0	0	0	0	0	0
2928	7	148	2	0	0	0	0	0	0	0	0
2929	7	148	2	0	0	0	0	0	0	0	0
2930	7	148	2	0	0	0	0	0	0	0	0
2931	7	148	2	0	0	0	0	0	0	0	0
2932	7	148	2	0	0	0	0	0	0	0	0
2933	7	148	2	0	0	0	0	0	0	0	0
2934	7	148	2	0	0	0	0	0	0	0	0
2935	7	148	2	0	0	0	0	0	0	0	0
2936	7	148	2	0	0	0	0	0	0	0	0
2937	7	148	2	0	0	0	0	0	0	0	0
2938	7	148	2	0	0	0	0	0	0	0	0
2939	7	148	2	0	0	0	0	0	0	0	0
2940	7	148	2	0	0	0	0	0	0	0	0
2941	7	148	2	0	0	0	0	0	0	0	0
2942	7	148	2	0	0	0	0	0	0	0	0
2943	7	148	2	0	0	0	0	0	0	0	0
2944	7	148	2	0	0	0	0	0	0	0	0
2945	7	148	2	0	0	0	0	0	0	0	0
2946	7	148	2	0	0	0	0	0	0	0	0
2947	7	148	2	0	0	0	0	0	0	0	0
2948	7	148	2	0	0	0	0	0	0	0	0
2949	7	148	2	0	0	0	0	0	0	0	0
2950	7	148	2	0	0	0	0	0	0	0	0
2951	7	148	2	0	0	0	0	0	0	0	0
2952	7	148	2	0	0	0	0	0	0	0	0
2953	7	148	2	0	0	0	0	0	0	0	0
2954	7	148	2	0	0	0	0	0	0	0	0
2955	7	148	2	0	0	0	0	0	0	0	0
2956	7	148	2	0	0	0	0	0	0	0	0
2957	7	148	2	0	0	0	0	0	0	0	0
2958	7	148	2	0	0	0	0	0	0	0	0
2959	7	148	2	0	0	0	0	0	0	0	0
2960	7	148	2	0	0	0	0	0	0	0	0
2961	7	148	2	0	0	0	0	0	0	0	0
2962	7	148	2	0	0	0	0	0	0	0	0
2963	7	148	2	0	0	0	0	0	0	0	0
2964	7	148	2	0	0	0	0	0	0	0	0
2965	7	148	2	0	0	0	0	0	0	0	0
2966	7	148	2	0	0	0	0	0	0	0	0
2967	7	148	2	0	0	0	0	0	0	0	0
2968	7	148	2	0	0	0	0	0	0	0	0
2969	7	148	2	0	0	0	0	0	0	0	0
2970	7	148	2	0	0	0	0	0	0	0	0
2971	7	148	2	0	0	0	0	0	0	0	0
2972	7	148	2	0	0	0	0	0	0	0	0
2973	7	148	2	0	0	0	0	0	0	0	0
2974	7	148	2	0	0	0	0	0	0	0	0
2975	7	148	2	0	0	0	0	0	0	0	0
2976	7	148	2	0	0	0	0	0	0	0	0
2977	7	148	2	0	0	0	0	0	0	0	0
2978	7	148	2	0	0	0	0	0	0	0	0
2979	7	148	2	0	0	0	0	0	0	0	0
2980	7	148	2	0	0	0	0	0	0	0	0
2981	7	148	2	0	0	0	0	0	0	0	0
2982	7	148	2	0	0	0	0	0	0	0	0
2983	7	148	2	0	0	0	0	0	0	0	0
2984	7	148	2	0	0	0	0	0	0	0	0
2985	7	148	2	0	0	0	0	0	0	0	0
2986	7	148	2	0	0	0	0	0	0	0	0
2987	7	148	2	0	0	0	0	0	0	0	0
2988	7	148	2	0	0	0	0	0	0	0	0
2989	7	148	2	0	0	0	0	0	0	0	0
2990	7	148	2	0	0	0	0	0	0	0	0
2991	7	148	2	0	0	0	0	0	0	0	0
2992	7	148	2	0	0	0	0	0	0	0	0
2993	7	148	2	0	0	0	0	0	0	0	0
2994	7	148	2	0	0	0	0	0	0	0	0
2995	7	148	2	0	0	0	0	0	0	0	0
2996	7	148	2	0	0	0	0	0	0	0	0
2997	7	148	2	0	0	0	0	0	0	0	0
2998	7	148	2	0	0	0	0	0	0	0	0
2999	7	148	2	0	0	0	0	0	0	0	0
3000	7	148	2	0	0	0	0	0	0	0	0
3001	7	148	2	0	0	0	0	0	0	0	0
3002	7	148	2	0	0	0	0	0	0	0	0
3003	7	148	2	0	0	0	0	0	0	0	0
3004	7	148	2	0	0	0	0	0	0	0	0
3005	7	148	2	0	0	0	0	0	0	0	0
3006	7	148	2	0	0	0	0	0	0	0	0
3007	7	148	2	0	0	0	0	0	0	0	0
3008	7	148	2	0	0	0	0	0	0	0	0
3009	7	148	2	0	0	0	0	0	0	0	0
3010	7	148	2	0	0	0	0	0	0	0	0
3011	7	148	2	0	0	0	0	0	0	0	0
3012	7	148	2	0	0	0	0	0	0	0	0
3013	7	148	2	0	0	0	0	0	0	0	0
3014	7	148	2	0	0	0	0	0	0	0	0
3015	7	148	2	0	0	0	0	0	0	0	0
3016	7	148	2	0	0	0	0	0	0	0	0
3017	7	148	2	0	0	0	0	0	0	0	0
3018	7	148	2	0	0	0	0	0	0	0	0
3019	7	148	2	0	0	0	0	0	0	0	0
3020	7	148	2	0	0	0	0	0	0	0	0
3021	7	148	2	0	0	0	0	0	0	0	0
3022	7	148	2	0	0	0	0	0	0	0	0
3023	7	148	2	0	0	0	0	0	0	0	0
3024	7	148	2	0	0	0	0	0	0	0	0
3025	7	148	2	0	0	0	0	0	0	0	0
3026	7	148	2	0	0	0	0	0	0	0	0
3027	7	148	2	0	0	0	0	0	0	0	0
3028	7	148	2	0	0	0	0	0	0	0	0
3029	7	148	2	0	0	0	0	0	0	0	0
3030	7	148	2	0	0	0	0	0	0	0	0
3031	7	148	2	0	0	0	0	0	0	0	0
3032	7	148	2	0	0	0	0	0	0	0	0
3033	7	148	2	0	0	0	0	0	0	0	0
3034	7	148	2	0	0	0	0	0	0	0	0
3035	7	148	2	0	0	0	0	0	0	0	0
3036	7	148	2	0	0	0	0	0	0	0	0
3037	7	148	2	0	0	0	0	0	0	0	0
3038	7	148	2	0	0	0	0	0	0	0	0
3039	7	148	2	0	0	0	0	0	0	0	0
3040	7	148	2	0	0	0	0	0	0	0	0
3041	7	148	2	0	0	0	0	0	0	0	0
3042	7	148	2	0	0	0	0	0	0	0	0
3043	7	148	2	0	0	0	0	0	0	0	0
3044	7	148	2	0	0	0	0	0	0	0	0
3045	7	148	2	0	0	0	0	0	0	0	0
3046	7	148	2	0	0	0	0	0	0	0	0
3047	7	148	2	0	0	0	0	0	0	0	0
3048	7	148	2	0	0	0	0	0	0	0	0
3049	7	148	2	0	0	0	0	0	0	0	0
3050	7	148	2	0	0	0	0	0	0	0	0
3051	7	148	2	0	0	0	0	0	0	0	0
3052	7	148	2	0	0	0	0	0	0	0	0
3053	7	148	2	0	0	0	0	0	0	0	0
3054	7	148	2	0	0	0	0	0	0	0	0
3055	7	148	2	0	0	0	0	0	0	0	0
3056	7	148	2	0	0	0	0	0	0	0	0
3057	7	148	2	0	0	0	0	0	0	0	0
3058	7	148	2	0	0	0	0	0	0	0	0
3059	7	148	2	0	0	0	0	0	0	0	0
3060	7	148	2	0	0	0	0	0	0	0	0
3061	7	148	2	0	0	0	0	0	0	0	0
3062	7	148	2	0	0	0	0	0	0	0	0
3063	7	148	2	0	0	0	0	0	0	0	0
3064	7	148	2	0	0	0	0	0	0	0	0
3065	7	148	2	0	0	0	0	0	0	0	0
3066	7	148	2	0	0	0	0	0	0	0	0
3067	7	148	2	0	0	0	0	0	0	0	0
3068	7	148	2	0	0	0	0	0	0	0	0
3069	7	148	2	0	0	0	0	0	0	0	0
3070	7	148	2	0	0	0	0	0	0	0	0
3071	7	148	2	0	0	0	0	0	0	0	0
3072	7	148	2	0	0	0	0	0	0	0	0
3073	7	148	2	0	0	0	0	0	0	0	0
3074	7	148	2	0	0	0	0	0	0	0	0
3075	7	148	2	0	0	0	0	0	0	0	0
3076	7	148	2	0	0	0	0	0	0	0	0
3077	7	148	2	0	0	0	0	0	0	0	0
3078	7	148	2	0	0	0	0	0	0	0	0
3079	7	148	2	0	0	0	0	0	0	0	0
3080	7	148	2	0	0	0	0	0	0	0	0
3081	7	148	2	0	0	0	0	0	0	0	0
3082	7	148	2	0	0	0	0	0	0	0	0
3083	7	148	2	0	0	0	0	0	0	0	0
3084	7	148	2	0	0	0	0	0	0	0	0
3085	7	148	2	0	0	0	0	0	0	0	0
3086	7	148	2	0	0	0	0	0	0	0	0
3087	7	148	2	0	0	0	0	0	0	0	0
3088	7	148	2	0	0	0	0	0	0	0	0
3089	7	148	2	0	0	0	0	0	0	0	0
3090	7	148	2	0	0	0	0	0	0	0	0
3091	7	148	2	0	0	0	0	0	0	0	0
3092	7	148	2	0	0	0	0	0	0	0	0
3093	7	148	2	0	0	0	0	0	0	0	0
3094	7	148	2	0	0	0	0	0	0	0	0
3095	7	148	2	0	0	0	0	0	0	0	0
3096	7	148	2	0	0	0	0	0	0	0	0
3097	7	148	2	0	0	0	0	0	0	0	0
3098	7	148	2	0	0	0	0	0	0	0	0
3099	7	148	2	0	0	0	0	0	0	0	0
3100	7	148	2	0	0	0	0	0	0	0	0
3101	7	148	2	0	0	0	0	0	0	0	0
3102	7	148	2	0	0	0	0	0	0	0	0
3103	7	148	2	0	0	0	0	0	0	0	0
3104	7	148	2	0	0	0	0	0	0	0	0
3105	7	148	2	0	0	0	0	0	0	0	0
3106	7	148	2	0	0	0	0	0	0	0	0
3107	7	148	2	0	0	0	0	0	0	0	0
3108	7	148	2	0	0	0	0	0	0	0	0
3109	7	148	2	0	0	0	0	0	0	0	0
3110	7	148	2	0	0	0	0	0	0	0	0
3111	7	148	2	0	0	0	0	0	0	0	0
3112	7	148	2	0	0	0	0	0	0	0	0
3113	7	148	2	0	0	0	0	0	0	0	0
3114	7	148	2	0	0	0	0	0	0	0	0
3115	7	148	2	0	0	0	0	0	0	0	0
3116	7	148	2	0	0	0	0	0	0	0	0
3117	7	148	2	0	0	0	0	0	0	0	0
3118	7	148	2	0	0	0	0	0	0	0	0
3119	7	148	2	0	0	0	0	0	0	0	0
3120	7	148	2	0	0	0	0	0	0	0	0
3121	7	148	2	0	0	0	0	0	0	0	0
3122	7	148	2	0	0	0	0	0	0	0	0
3123	7	148	2	0	0	0	0	0	0	0	0
3124	7	148	2	0	0	0	0	0	0	0	0
3125	7	148	2	0	0	0	0	0	0	0	0
3126	7	148	2	0	0	0	0	0	0	0	0
3127	7	148	2	0	0	0	0	0	0	0	0
3128	7	148	2	0	0	0	0	0	0	0	0
3129	7	148	2	0	0	0	0	0	0	0	0
3130	7	148	2	0	0	0	0	0	0	0	0
3131	7	148	2	0	0	0	0	0	0	0	0
3132	7	148	2	0	0	0	0	0	0	0	0
3133	7	148	2	0	0	0	0	0	0	0	0
3134	7	148	2	0	0	0	0	0	0	0	0
3135	7	148	2	0	0	0	0	0	0	0	0
3136	7	148	2	0	0	0	0	0	0	0	0
3137	7	148	2	0	0	0	0	0	0	0	0
3138	7	148	2	0	0	0	0	0	0	0	0
3139	7	148	2	0	0	0	0	0	0	0	0
3140	7	148	2	0	0	0	0	0	0	0	0
3141	7	148	2	0	0	0	0	0	0	0	0
3142	7	148	2	0	0	0	0	0	0	0	0
3143	7	148	2	0	0	0	0	0	0	0	0
3144	7	148	2	0	0	0	0	0	0	0	0
3145	7	148	2	0	0	0	0	0	0	0	0
3146	7	148	2	0	0	0	0	0	0	0	0
3147	7	148	2	0	0	0	0	0	0	0	0
3148	7	148	2	0	0	0	0	0	0	0	0
3149	7	148	2	0	0	0	0	0	0	0	0
3150	7	148	2	0	0	0	0	0	0	0	0
3151	7	148	2	0	0	0	0	0	0	0	0
3152	7	148	2	0	0	0	0	0	0	0	0
3153	7	148	2	0	0	0	0	0	0	0	0
3154	7	148	2	0	0	0	0	0	0	0	0
3155	7	148	2	0	0	0	0	0	0	0	0
3156	7	148	2	0	0	0	0	0	0	0	0
3157	7	148	2	0	0	0	0	0	0	0	0
3158	7	148	2	0	0	0	0	0	0	0	0
3159	7	148	2	0	0	0	0	0	0	0	0
3160	7	148	2	0	0	0	0	0	0	0	0
3161	7	148	2	0	0	0	0	0	0	0	0
3162	7	148	2	0	0	0	0	0	0	0	0
3163	7	148	2	0	0	0	0	0	0	0	0
3164	7	148	2	0	0	0	0	0	0	0	0
3165	7	148	2	0	0	0	0	0	0	0	0
3166	7	148	2	0	0	0	0	0	0	0	0
3167	7	148	2	0	0	0	0	0	0	0	0
3168	7	148	2	0	0	0	0	0	0	0	0
3169	7	148	2	0	0	0	0	0	0	0	0
3170	7	148	2	0	0	0	0	0	0	0	0
3171	7	148	2	0	0	0	0	0	0	0	0
3172	7	148	2	0	0	0	0	0	0	0	0
3173	7	148	2	0	0	0	0	0	0	0	0
3174	7	148	2	0	0	0	0	0	0	0	0
3175	7	148	2	0	0	0	0	0	0	0	0
3176	7	148	2	0	0	0	0	0	0	0	0
3177	7	148	2	0	0	0	0	0	0	0	0
3178	7	148	2	0	0	0	0	0	0	0	0
3179	7	148	2	0	0	0	0	0	0	0	0
3180	7	148	2	0	0	0	0	0	0	0	0
3181	7	148	2	0	0	0	0	0	0	0	0
3182	7	148	2	0	0	0	0	0	0	0	0
3183	7	148	2	0	0	0	0	0	0	0	0
3184	7	148	2	0	0	0	0	0	0	0	0
3185	7	148	2	0	0	0	0	0	0	0	0
3186	7	148	2	0	0	0	0	0	0	0	0
3187	7	148	2	0	0	0	0	0	0	0	0
3188	7	148	2	0	0	0	0	0	0	0	0
3189	7	148	2	0	0	0	0	0	0	0	0
3190	7	148	2	0	0	0	0	0	0	0	0
3191	7	148	2	0	0	0	0	0	0	0	0
3192	7	148	2	0	0	0	0	0	0	0	0
3193	7	148	2	0	0	0	0	0	0	0	0
3194	7	148	2	0	0	0	0	0	0	0	0
3195	7	148	2	0	0	0	0	0	0	0	0
3196	7	148	2	0	0	0	0	0	0	0	0
3197	7	148	2	0	0	0	0	0	0	0	0
3198	7	148	2	0	0	0	0	0	0	0	0
3199	7	148	2	0	0	0	0	0	0	0	0
3200	7	148	2	0	0	0	0	0	0	0	0
3201	7	148	2	0	0	0	0	0	0	0	0
3202	7	148	2	0	0	0	0	0	0	0	0
3203	7	148	2	0	0	0	0	0	0	0	0
3204	7	148	2	0	0	0	0	0	0	0	0
3205	7	148	2	0	0	0	0	0	0	0	0
3206	7	148	2	0	0	0	0	0	0	0	0
3207	7	148	2	0	0	0	0	0	0	0	0
3208	7	148	2	0	0	0	0	0	0	0	0
3209	7	148	2	0	0	0	0	0	0	0	0
3210	7	148	2	0	0	0	0	0	0	0	0
3211	7	148	2	0	0	0	0	0	0	0	0
3212	7	148	2	0	0	0	0	0	0	0	0
3213	7	148	2	0	0	0	0	0	0	0	0
3214	7	148	2	0	0	0	0	0	0	0	0
3215	7	148	2	0	0	0	0	0	0	0	0
3216	7	148	2	0	0	0	0	0	0	0	0
3217	7	148	2	0	0	0	0	0	0	0	0
3218	7	148	2	0	0	0	0	0	0	0	0
3219	7	148	2	0	0	0	0	0	0	0	0
3220	7	148	2	0	0	0	0	0	0	0	0
3221	7	148	2	0	0	0	0	0	0	0	0
3222	7	148	2	0	0	0	0	0	0	0	0
3223	7	148	2	0	0	0	0	0	0	0	0
3224	7	148	2	0	0	0	0	0	0	0	0
3225	7	148	2	0	0	0	0	0	0	0	0
3226	7	148	2	0	0	0	0	0	0	0	0
3227	7	148	2	0	0	0	0	0	0	0	0
3228	7	148	2	0	0	0	0	0	0	0	0
3229	7	148	2	0	0	0	0	0	0	0	0
3230	7	148	2	0	0	0	0	0	0	0	0
3231	7	148	2	0	0	0	0	0	0	0	0
3232	7	148	2	0	0	0	0	0	0	0	0
3233	7	148	2	0	0	0	0	0	0	0	0
3234	7	148	2	0	0	0	0	0	0	0	0
3235	7	148	2	0	0	0	0	0	0	0	0
3236	7	148	2	0	0	0	0	0	0	0	0
3237	7	148	2	0	0	0	0	0	0	0	0
3238	7	148	2	0	0	0	0	0	0	0	0
3239	7	148	2	0	0	0	0	0	0	0	0
3240	7	148	2	0	0	0	0	0	0	0	0
3241	7	148	2	0	0	0	0	0	0	0	0
3242	7	148	2	0	0	0	0	0	0	0	0
3243	7	148	2	0	0	0	0	0	0	0	0
3244	7	148	2	0	0	0	0	0	0	0	0
3245	7	148	2	0	0	0	0	0	0	0	0
3246	7	148	2	0	0	0	0	0	0	0	0
3247	7	148	2	0	0	0	0	0	0	0	0
3248	7	148	2	0	0	0	0	0	0	0	0
3249	7	148	2	0	0	0	0	0	0	0	0
3250	7	148	2	0	0	0	0	0	0	0	0
3251	7	148	2	0	0	0	0	0	0	0	0
3252	7	148	2	0	0	0	0	0	0	0	0
3253	7	148	2	0	0	0	0	0	0	0	0
3254	7	148	2	0	0	0	0	0	0	0	0
3255	7	148	2	0	0	0	0	0	0	0	0
3256	7	148	2	0	0	0	0	0	0	0	0
3257	7	148	2	0	0	0	0	0	0	0	0
3258	7	148	2	0	0	0	0	0	0	0	0
3259	7	148	2	0	0	0	0	0	0	0	0
3260	7	148	2	0	0	0	0	0	0	0	0
3261	7	148	2	0	0	0	0	0	0	0	0
3262	7	148	2	0	0	0	0	0	0	0	0
3263	7	148	2	0	0	0	0	0	0	0	0
3264	7	148	2	0	0	0	0	0	0	0	0
3265	7	148	2	0	0	0	0	0	0	0	0
3266	7	148	2	0	0	0	0	0	0	0	0
3267	7	148	2	0	0	0	0	0	0	0	0
3268	7	148	2	0	0	0	0	0	0	0	0
3269	7	148	2	0	0	0	0	0	0	0	0
3270	7	148	2	0	0	0	0	0	0	0	0
3271	7	148	2	0	0	0	0	0	0	0	0
3272	7	148	2	0	0	0	0	0	0	0	0
3273	7	148	2	0	0	0	0	0	0	0	0
3274	7	148	2	0	0	0	0	0	0	0	0
3275	7	148	2	0	0	0	0	0	0	0	0
3276	7	148	2	0	0	0	0	0	0	0	0
3277	7	148	2	0	0	0	0	0	0	0	0
3278	7	148	2	0	0	0	0	0	0	0	0
3279	7	148	2	0	0	0	0	0	0	0	0
3280	7	148	2	0	0	0	0	0	0	0	0
3281	7	148	2	0	0	0	0	0	0	0	0
3282	7	148	2	0	0	0	0	0	0	0	0
3283	7	148	2	0	0	0	0	0	0	0	0
3284	7	148	2	0	0	0	0	0	0	0	0
3285	7	148	2	0	0	0	0	0	0	0	0
3286	7	148	2	0	0	0	0	0	0	0	0
3287	7	148	2	0	0	0	0	0	0	0	0
3288	7	148	2	0	0	0	0	0	0	0	0
3289	7	148	2	0	0	0	0	0	0	0	0
3290	7	148	2	0	0	0	0	0	0	0	0
3291	7	148	2	0	0	0	0	0	0	0	0
3292	7	148	2	0	0	0	0	0	0	0	0
3293	7	148	2	0	0	0	0	0	0	0	0
3294	7	148	2	0	0	0	0	0	0	0	0
3295	7	148	2	0	0	0	0	0	0	0	0
3296	7	148	2	0	0	0	0	0	0	0	0
3297	7	148	2	0	0	0	0	0	0	0	0
3298	7	148	2	0	0	0	0	0	0	0	0
3299	7	148	2	0	0	0	0	0	0	0	0
3300	7	148	2	0	0	0	0	0	0	0	0
3301	7	148	2	0	0	0	0	0	0	0	0
3302	7	148	2	0	0	0	0	0	0	0	0
3303	7	148	2	0	0	0	0	0	0	0	0
3304	7	148	2	0	0	0	0	0	0	0	0
3305	7	148	2	0	0	0	0	0	0	0	0
3306	7	148	2	0	0	0	0	0	0	0	0
3307	7	148	2	0	0	0	0	0	0	0	0
3308	7	148	2	0	0	0	0	0	0	0	0
3309	7	148	2	0	0	0	0	0	0	0	0
3310	7	148	2	0	0	0	0	0	0	0	0
3311	7	148	2	0	0	0	0	0	0	0	0
3312	7	148	2	0	0	0	0	0	0	0	0
3313	7	148	2	0	0	0	0	0	0	0	0
3314	7	148	2	0	0	0	0	0	0	0	0
3315	7	148	2	0	0	0	0	0	0	0	0
3316	7	148	2	0	0	0	0	0	0	0	0
3317	7	148	2	0	0	0	0	0	0	0	0
3318	7	148	2	0	0	0	0	0	0	0	0
3319	7	148	2	0	0	0	0	0	0	0	0
3320	7	148	2	0	0	0	0	0	0	0	0
3321	7	148	2	0	0	0	0	0	0	0	0
3322	7	148	2	0	0	0	0	0	0	0	0
3323	7	148	2	0	0	0	0	0	0	0	0
3324	7	148	2	0	0	0	0	0	0	0	0
3325	7	148	2	0	0	0	0	0	0	0	0
3326	7	148	2	0	0	0	0	0	0	0	0
3327	7	148	2	0	0	0	0	0	0	0	0
3328	7	148	2	0	0	0	0	0	0	0	0
3329	7	148	2	0	0	0	0	0	0	0	0
3330	7	148	2	0	0	0	0	0	0	0	0
3331	7	148	2	0	0	0	0	0	0	0	0
3332	7	148	2	0	0	0	0	0	0	0	0
3333	7	148	2	0	0	0	0	0	0	0	0
3334	7	148	2	0	0	0	0	0	0	0	0
3335	7	148	2	0	0	0	0	0	0	0	0
3336	7	148	2	0	0	0	0	0	0	0	0
3337	7	148	2	0	0	0	0	0	0	0	0
3338	7	148	2	0	0	0	0	0	0	0	0
3339	7	148	2	0	0	0	0	0	0	0	0
3340	7	148	2	0	0	0	0	0	0	0	0
3341	7	148	2	0	0	0	0	0	0	0	0
3342	7	148	2	0	0	0	0	0	0	0	0
3343	7	148	2	0	0	0	0	0	0	0	0
3344	7	148	2	0	0	0	0	0	0	0	0
3345	7	148	2	0	0	0	0	0	0	0	0
3346	7	148	2	0	0	0	0	0	0	0	0
3347	7	148	2	0	0	0	0	0	0	0	0
3348	7	148	2	0	0	0	0	0	0	0	0
3349	7	148	2	0	0	0	0	0	0	0	0
3350	7	148	2	0	0	0	0	0	0	0	0
3351	7	148	2	0	0	0	0	0	0	0	0
3352	7	148	2	0	0	0	0	0	0	0	0
3353	7	148	2	0	0	0	0	0	0	0	0
3354	4	148	1	0	0	0	0	0	0	0	0
3355	5	148	1	0	0	0	0	0	0	0	0
3356	6	74	1	0	0	0	0	0	0	0	0
3357	7	74	1	0	0	0	0	0	0	0	0
3358	7	74	1	0	0	0	0	0	0	0	0
3359	7	74	1	0	0	0	0	0	0	0	0
3360	7	74	1	0	0	0	0	0	0	0	0
3361	7	74	1	0	0	0	0	0	0	0	0
3362	7	74	1	0	0	0	0	0	0	0	0
3363	7	74	1	0	0	0	0	0	0	0	0
3364	7	74	1	0	0	0	0	0	0	0	0
3365	7	74	1	0	0	0	0	0	0	0	0
3366	7	74	1	0	0	0	0	0	0	0	0
3367	7	74	1	0	0	0	0	0	0	0	0
3368	7	74	1	0	0	0	0	0	0	0	0
3369	7	74	1	0	0	0	0	0	0	0	0
3370	7	74	1	0	0	0	0	0	0	0	0
3371	7	74	1	0	0	0	0	0	0	0	0
3372	7	74	1	0	0	0	0	0	0	0	0
3373	7	74	1	0	0	0	0	0	0	0	0
3374	7	74	1	0	0	0	0	0	0	0	0
3375	7	74	1	0	0	0	0	0	0	0	0
3376	7	74	1	0	0	0	0	0	0	0	0
3377	7	74	1	0	0	0	0	0	0	0	0
3378	7	74	1	0	0	0	0	0	0	0	0
3379	7	74	1	0	0	0	0	0	0	0	0
3380	7	74	1	0	0	0	0	0	0	0	0
3381	7	74	1	0	0	0	0	0	0	0	0
3382	7	74	1	0	0	0	0	0	0	0	0
3383	7	74	1	0	0	0	0	0	0	0	0
3384	7	74	1	0	0	0	0	0	0	0	0
3385	7	74	1	0	0	0	0	0	0	0	0
3386	7	74	1	0	0	0	0	0	0	0	0
3387	7	74	1	0	0	0	0	0	0	0	0
3388	7	74	1	0	0	0	0	0	0	0	0
3389	7	74	1	0	0	0	0	0	0	0	0
3390	7	74	1	0	0	0	0	0	0	0	0
3391	7	74	1	0	0	0	0	0	0	0	0
3392	7	74	1	0	0	0	0	0	0	0	0
3393	7	74	1	0	0	0	0	0	0	0	0
3394	7	74	1	0	0	0	0	0	0	0	0
3395	7	74	1	0	0	0	0	0	0	0	0
3396	7	74	1	0	0	0	0	0	0	0	0
3397	7	74	1	0	0	0	0	0	0	0	0
3398	7	74	1	0	0	0	0	0	0	0	0
3399	7	74	1	0	0	0	0	0	0	0	0
3400	7	74	1	0	0	0	0	0	0	0	0
3401	7	74	1	0	0	0	0	0	0	0	0
3402	7	74	1	0	0	0	0	0	0	0	0
3403	7	74	1	0	0	0	0	0	0	0	0
3404	7	74	1	0	0	0	0	0	0	0	0
3405	7	74	1	0	0	0	0	0	0	0	0
3406	7	74	1	0	0	0	0	0	0	0	0
3407	7	74	1	0	0	0	0	0	0	0	0
3408	7	74	1	0	0	0	0	0	0	0	0
3409	7	74	1	0	0	0	0	0	0	0	0
3410	7	74	1	0	0	0	0	0	0	0	0
3411	7	74	1	0	0	0	0	0	0	0	0
3412	7	74	1	0	0	0	0	0	0	0	0
3413	7	74	1	0	0	0	0	0	0	0	0
3414	7	74	1	0	0	0	0	0	0	0	0
3415	7	74	1	0	0	0	0	0	0	0	0
3416	7	74	1	0	0	0	0	0	0	0	0
3417	7	74	1	0	0	0	0	0	0	0	0
3418	7	74	1	0	0	0	0	0	0	0	0
3419	7	74	1	0	0	0	0	0	0	0	0
3420	7	74	1	0	0	0	0	0	0	0	0
3421	7	74	1	0	0	0	0	0	0	0	0
3422	7	74	1	0	0	0	0	0	0	0	0
3423	7	74	1	0	0	0	0	0	0	0	0
3424	7	74	1	0	0	0	0	0	0	0	0
3425	7	74	1	0	0	0	0	0	0	0	0
3426	7	74	1	0	0	0	0	0	0	0	0
3427	7	74	1	0	0	0	0	0	0	0	0
3428	7	74	1	0	0	0	0	0	0	0	0
3429	7	74	1	0	0	0	0	0	0	0	0
3430	7	74	1	0	0	0	0	0	0	0	0
3431	7	74	1	0	0	0	0	0	0	0	0
3432	7	74	1	0	0	0	0	0	0	0	0
3433	7	74	1	0	0	0	0	0	0	0	0
3434	7	74	1	0	0	0	0	0	0	0	0
3435	7	74	1	0	0	0	0	0	0	0	0
3436	7	74	1	0	0	0	0	0	0	0	0
3437	7	74	1	0	0	0	0	0	0	0	0
3438	7	74	1	0	0	0	0	0	0	0	0
3439	7	74	1	0	0	0	0	0	0	0	0
3440	7	74	1	0	0	0	0	0	0	0	0
3441	7	74	1	0	0	0	0	0	0	0	0
3442	7	74	1	0	0	0	0	0	0	0	0
3443	7	74	1	0	0	0	0	0	0	0	0
3444	7	74	1	0	0	0	0	0	0	0	0
3445	7	74	1	0	0	0	0	0	0	0	0
3446	7	74	1	0	0	0	0	0	0	0	0
3447	7	74	1	0	0	0	0	0	0	0	0
3448	7	74	1	0	0	0	0	0	0	0	0
3449	7	74	1	0	0	0	0	0	0	0	0
3450	7	74	1	0	0	0	0	0	0	0	0
3451	7	74	1	0	0	0	0	0	0	0	0
3452	7	74	1	0	0	0	0	0	0	0	0
3453	7	74	1	0	0	0	0	0	0	0	0
3454	7	74	1	0	0	0	0	0	0	0	0
3455	7	74	1	0	0	0	0	0	0	0	0
3456	7	74	1	0	0	0	0	0	0	0	0
3457	7	74	1	0	0	0	0	0	0	0	0
3458	7	74	1	0	0	0	0	0	0	0	0
3459	7	74	1	0	0	0	0	0	0	0	0
3460	7	74	1	0	0	0	0	0	0	0	0
3461	7	74	1	0	0	0	0	0	0	0	0
3462	7	74	1	0	0	0	0	0	0	0	0
3463	7	74	1	0	0	0	0	0	0	0	0
3464	7	74	1	0	0	0	0	0	0	0	0
3465	7	74	1	0	0	0	0	0	0	0	0
3466	7	74	1	0	0	0	0	0	0	0	0
3467	7	74	1	0	0	0	0	0	0	0	0
3468	7	74	1	0	0	0	0	0	0	0	0
3469	7	74	1	0	0	0	0	0	0	0	0
3470	7	74	1	0	0	0	0	0	0	0	0
3471	7	74	1	0	0	0	0	0	0	0	0
3472	7	74	1	0	0	0	0	0	0	0	0
3473	7	74	1	0	0	0	0	0	0	0	0
3474	7	74	1	0	0	0	0	0	0	0	0
3475	7	74	1	0	0	0	0	0	0	0	0
3476	7	74	1	0	0	0	0	0	0	0	0
3477	7	74	1	0	0	0	0	0	0	0	0
3478	7	74	1	0	0	0	0	0	0	0	0
3479	7	74	1	0	0	0	0	0	0	0	0
3480	7	74	1	0	0	0	0	0	0	0	0
3481	7	74	1	0	0	0	0	0	0	0	0
3482	7	74	1	0	0	0	0	0	0	0	0
3483	7	74	1	0	0	0	0	0	0	0	0
3484	7	74	1	0	0	0	0	0	0	0	0
3485	7	74	1	0	0	0	0	0	0	0	0
3486	7	74	1	0	0	0	0	0	0	0	0
3487	7	74	1	0	0	0	0	0	0	0	0
3488	7	74	1	0	0	0	0	0	0	0	0
3489	7	74	1	0	0	0	0	0	0	0	0
3490	7	74	1	0	0	0	0	0	0	0	0
3491	7	74	1	0	0	0	0	0	0	0	0
3492	7	74	1	0	0	0	0	0	0	0	0
3493	7	74	1	0	0	0	0	0	0	0	0
3494	7	74	1	0	0	0	0	0	0	0	0
3495	7	74	1	0	0	0	0	0	0	0	0
3496	7	74	1	0	0	0	0	0	0	0	0
3497	7	74	1	0	0	0	0	0	0	0	0
3498	7	74	1	0	0	0	0	0	0	0	0
3499	7	74	1	0	0	0	0	0	0	0	0
3500	7	74	1	0	0	0	0	0	0	0	0
3501	7	74	1	0	0	0	0	0	0	0	0
3502	7	74	1	0	0	0	0	0	0	0	0
3503	7	74	1	0	0	0	0	0	0	0	0
3504	7	74	1	0	0	0	0	0	0	0	0
3505	7	74	1	0	0	0	0	0	0	0	0
3506	7	74	1	0	0	0	0	0	0	0	0
3507	7	74	1	0	0	0	0	0	0	0	0
3508	7	74	1	0	0	0	0	0	0	0	0
3509	7	74	1	0	0	0	0	0	0	0	0
3510	7	74	1	0	0	0	0	0	0	0	0
3511	7	74	1	0	0	0	0	0	0	0	0
3512	7	74	1	0	0	0	0	0	0	0	0
3513	7	74	1	0	0	0	0	0	0	0	0
3514	7	74	1	0	0	0	0	0	0	0	0
3515	7	74	1	0	0	0	0	0	0	0	0
3516	7	74	1	0	0	0	0	0	0	0	0
3517	7	74	1	0	0	0	0	0	0	0	0
3518	7	74	1	0	0	0	0	0	0	0	0
3519	7	74	1	0	0	0	0	0	0	0	0
3520	7	74	1	0	0	0	0	0	0	0	0
3521	7	74	1	0	0	0	0	0	0	0	0
3522	7	74	1	0	0	0	0	0	0	0	0
3523	7	74	1	0	0	0	0	0	0	0	0
3524	7	74	1	0	0	0	0	0	0	0	0
3525	7	74	1	0	0	0	0	0	0	0	0
3526	7	74	1	0	0	0	0	0	0	0	0
3527	7	74	1	0	0	0	0	0	0	0	0
3528	7	74	1	0	0	0	0	0	0	0	0
3529	7	74	1	0	0	0	0	0	0	0	0
3530	7	74	1	0	0	0	0	0	0	0	0
3531	7	74	1	0	0	0	0	0	0	0	0
3532	7	74	1	0	0	0	0	0	0	0	0
3533	7	74	1	0	0	0	0	0	0	0	0
3534	7	74	1	0	0	0	0	0	0	0	0
3535	7	74	1	0	0	0	0	0	0	0	0
3536	7	74	1	0	0	0	0	0	0	0	0
3537	7	74	1	0	0	0	0	0	0	0	0
3538	7	74	1	0	0	0	0	0	0	0	0
3539	7	74	1	0	0	0	0	0	0	0	0
3540	7	74	1	0	0	0	0	0	0	0	0
3541	7	74	1	0	0	0	0	0	0	0	0
3542	7	74	1	0	0	0	0	0	0	0	0
3543	7	74	1	0	0	0	0	0	0	0	0
3544	7	74	1	0	0	0	0	0	0	0	0
3545	7	74	1	0	0	0	0	0	0	0	0
3546	7	74	1	0	0	0	0	0	0	0	0
3547	7	74	1	0	0	0	0	0	0	0	0
3548	7	74	1	0	0	0	0	0	0	0	0
3549	7	74	1	0	0	0	0	0	0	0	0
3550	7	74	1	0	0	0	0	0	0	0	0
3551	7	74	1	0	0	0	0	0	0	0	0
3552	7	74	1	0	0	0	0	0	0	0	0
3553	7	74	1	0	0	0	0	0	0	0	0
3554	7	74	1	0	0	0	0	0	0	0	0
3555	7	74	1	0	0	0	0	0	0	0	0
3556	7	74	1	0	0	0	0	0	0	0	0
3557	7	74	1	0	0	0	0	0	0	0	0
3558	7	74	1	0	0	0	0	0	0	0	0
3559	7	74	1	0	0	0	0	0	0	0	0
3560	7	74	1	0	0	0	0	0	0	0	0
3561	7	74	1	0	0	0	0	0	0	0	0
3562	7	74	1	0	0	0	0	0	0	0	0
3563	7	74	1	0	0	0	0	0	0	0	0
3564	7	74	1	0	0	0	0	0	0	0	0
3565	7	74	1	0	0	0	0	0	0	0	0
3566	7	74	1	0	0	0	0	0	0	0	0
3567	7	74	1	0	0	0	0	0	0	0	0
3568	7	74	1	0	0	0	0	0	0	0	0
3569	7	74	1	0	0	0	0	0	0	0	0
3570	7	74	1	0	0	0	0	0	0	0	0
3571	7	74	1	0	0	0	0	0	0	0	0
3572	7	74	1	0	0	0	0	0	0	0	0
3573	7	74	1	0	0	0	0	0	0	0	0
3574	7	74	1	0	0	0	0	0	0	0	0
3575	7	74	1	0	0	0	0	0	0	0	0
3576	7	74	1	0	0	0	0	0	0	0	0
3577	7	74	1	0	0	0	0	0	0	0	0
3578	7	74	1	0	0	0	0	0	0	0	0
3579	7	74	1	0	0	0	0	0	0	0	0
3580	7	74	1	0	0	0	0	0	0	0	0
3581	7	74	1	0	0	0	0	0	0	0	0
3582	7	74	1	0	0	0	0	0	0	0	0
3583	7	74	1	0	0	0	0	0	0	0	0
3584	7	74	1	0	0	0	0	0	0	0	0
3585	7	74	1	0	0	0	0	0	0	0	0
3586	7	74	1	0	0	0	0	0	0	0	0
3587	7	74	1	0	0	0	0	0	0	0	0
3588	7	74	1	0	0	0	0	0	0	0	0
3589	7	74	1	0	0	0	0	0	0	0	0
3590	7	74	1	0	0	0	0	0	0	0	0
3591	7	74	1	0	0	0	0	0	0	0	0
3592	7	74	1	0	0	0	0	0	0	0	0
3593	7	74	1	0	0	0	0	0	0	0	0
3594	7	74	1	0	0	0	0	0	0	0	0
3595	7	74	1	0	0	0	0	0	0	0	0
3596	7	74	1	0	0	0	0	0	0	0	0
3597	7	74	1	0	0	0	0	0	0	0	0
3598	7	74	1	0	0	0	0	0	0	0	0
3599	7	74	1	0	0	0	0	0	0	0	0
3600	7	74	1	0	0	0	0	0	0	0	0
3601	7	74	1	0	0	0	0	0	0	0	0
3602	7	74	1	0	0	0	0	0	0	0	0
3603	7	74	1	0	0	0	0	0	0	0	0
3604	7	74	1	0	0	0	0	0	0	0	0
3605	7	74	1	0	0	0	0	0	0	0	0
3606	7	74	1	0	0	0	0	0	0	0	0
3607	7	74	1	0	0	0	0	0	0	0	0
3608	7	74	1	0	0	0	0	0	0	0	0
3609	7	74	1	0	0	0	0	0	0	0	0
3610	7	74	1	0	0	0	0	0	0	0	0
3611	7	74	1	0	0	0	0	0	0	0	0
3612	7	74	1	0	0	0	0	0	0	0	0
3613	7	74	1	0	0	0	0	0	0	0	0
3614	7	74	1	0	0	0	0	0	0	0	0
3615	7	74	1	0	0	0	0	0	0	0	0
3616	7	74	1	0	0	0	0	0	0	0	0
3617	7	74	1	0	0	0	0	0	0	0	0
3618	7	74	1	0	0	0	0	0	0	0	0
3619	7	74	1	0	0	0	0	0	0	0	0
3620	7	74	1	0	0	0	0	0	0	0	0
3621	7	74	1	0	0	0	0	0	0	0	0
3622	7	74	1	0	0	0	0	0	0	0	0
3623	7	74	1	0	0	0	0	0	0	0	0
3624	7	74	1	0	0	0	0	0	0	0	0
3625	7	74	1	0	0	0	0	0	0	0	0
3626	7	74	1	0	0	0	0	0	0	0	0
3627	7	74	1	0	0	0	0	0	0	0	0
3628	7	74	1	0	0	0	0	0	0	0	0
3629	7	74	1	0	0	0	0	0	0	0	0
3630	7	74	1	0	0	0	0	0	0	0	0
3631	7	74	1	0	0	0	0	0	0	0	0
3632	7	74	1	0	0	0	0	0	0	0	0
3633	7	74	1	0	0	0	0	0	0	0	0
3634	7	74	1	0	0	0	0	0	0	0	0
3635	7	74	1	0	0	0	0	0	0	0	0
3636	7	74	1	0	0	0	0	0	0	0	0
3637	7	74	1	0	0	0	0	0	0	0	0
3638	7	74	1	0	0	0	0	0	0	0	0
3639	7	74	1	0	0	0	0	0	0	0	0
3640	7	74	1	0	0	0	0	0	0	0	0
3641	7	74	1	0	0	0	0	0	0	0	0
3642	7	74	1	0	0	0	0	0	0	0	0
3643	7	74	1	0	0	0	0	0	0	0	0
3644	7	74	1	0	0	0	0	0	0	0	0
3645	7	74	1	0	0	0	0	0	0	0	0
3646	7	74	1	0	0	0	0	0	0	0	0
3647	7	74	1	0	0	0	0	0	0	0	0
3648	7	74	1	0	0	0	0	0	0	0	0
3649	7	74	1	0	0	0	0	0	0	0	0
3650	7	74	1	0	0	0	0	0	0	0	0
3651	7	74	1	0	0	0	0	0	0	0	0
3652	7	74	1	0	0	0	0	0	0	0	0
3653	7	74	1	0	0	0	0	0	0	0	0
3654	7	74	1	0	0	0	0	0	0	0	0
3655	7	74	1	0	0	0	0	0	0	0	0
3656	7	74	1	0	0	0	0	0	0	0	0
3657	7	74	1	0	0	0	0	0	0	0	0
3658	7	74	1	0	0	0	0	0	0	0	0
3659	7	74	1	0	0	0	0	0	0	0	0
3660	7	74	1	0	0	0	0	0	0	0	0
3661	7	74	1	0	0	0	0	0	0	0	0
3662	7	74	1	0	0	0	0	0	0	0	0
3663	7	74	1	0	0	0	0	0	0	0	0
3664	7	74	1	0	0	0	0	0	0	0	0
3665	7	74	1	0	0	0	0	0	0	0	0
3666	7	74	1	0	0	0	0	0	0	0	0
3667	7	74	1	0	0	0	0	0	0	0	0
3668	7	74	1	0	0	0	0	0	0	0	0
3669	7	74	1	0	0	0	0	0	0	0	0
3670	7	74	1	0	0	0	0	0	0	0	0
3671	7	74	1	0	0	0	0	0	0	0	0
3672	7	74	1	0	0	0	0	0	0	0	0
3673	7	74	1	0	0	0	0	0	0	0	0
3674	7	74	1	0	0	0	0	0	0	0	0
3675	7	74	1	0	0	0	0	0	0	0	0
3676	7	74	1	0	0	0	0	0	0	0	0
3677	7	74	1	0	0	0	0	0	0	0	0
3678	7	74	1	0	0	0	0	0	0	0	0
3679	7	74	1	0	0	0	0	0	0	0	0
3680	7	74	1	0	0	0	0	0	0	0	0
3681	7	74	1	0	0	0	0	0	0	0	0
3682	7	74	1	0	0	0	0	0	0	0	0
3683	7	74	1	0	0	0	0	0	0	0	0
3684	7	74	1	0	0	0	0	0	0	0	0
3685	7	74	1	0	0	0	0	0	0	0	0
3686	7	74	1	0	0	0	0	0	0	0	0
3687	7	74	1	0	0	0	0	0	0	0	0
3688	7	74	1	0	0	0	0	0	0	0	0
3689	7	74	1	0	0	0	0	0	0	0	0
3690	7	74	1	0	0	0	0	0	0	0	0
3691	7	74	1	0	0	0	0	0	0	0	0
3692	7	74	1	0	0	0	0	0	0	0	0
3693	7	74	1	0	0	0	0	0	0	0	0
3694	7	74	1	0	0	0	0	0	0	0	0
3695	7	74	1	0	0	0	0	0	0	0	0
3696	7	74	1	0	0	0	0	0	0	0	0
3697	7	74	1	0	0	0	0	0	0	0	0
3698	7	74	1	0	0	0	0	0	0	0	0
3699	7	74	1	0	0	0	0	0	0	0	0
3700	7	74	1	0	0	0	0	0	0	0	0
3701	7	74	1	0	0	0	0	0	0	0	0
3702	7	74	1	0	0	0	0	0	0	0	0
3703	7	74	1	0	0	0	0	0	0	0	0
3704	7	74	1	0	0	0	0	0	0	0	0
3705	7	74	1	0	0	0	0	0	0	0	0
3706	7	74	1	0	0	0	0	0	0	0	0
3707	7	74	1	0	0	0	0	0	0	0	0
3708	7	74	1	0	0	0	0	0	0	0	0
3709	7	74	1	0	0	0	0	0	0	0	0
3710	7	74	1	0	0	0	0	0	0	0	0
3711	7	74	1	0	0	0	0	0	0	0	0
3712	7	74	1	0	0	0	0	0	0	0	0
3713	7	74	1	0	0	0	0	0	0	0	0
3714	7	74	1	0	0	0	0	0	0	0	0
3715	7	74	1	0	0	0	0	0	0	0	0
3716	7	74	1	0	0	0	0	0	0	0	0
3717	7	74	1	0	0	0	0	0	0	0	0
3718	7	74	1	0	0	0	0	0	0	0	0
3719	7	74	1	0	0	0	0	0	0	0	0
3720	7	74	1	0	0	0	0	0	0	0	0
3721	7	74	1	0	0	0	0	0	0	0	0
3722	7	74	1	0	0	0	0	0	0	0	0
3723	7	74	1	0	0	0	0	0	0	0	0
3724	7	74	1	0	0	0	0	0	0	0	0
3725	7	74	1	0	0	0	0	0	0	0	0
3726	7	74	1	0	0	0	0	0	0	0	0
3727	7	74	1	0	0	0	0	0	0	0	0
3728	7	74	1	0	0	0	0	0	0	0	0
3729	7	74	1	0	0	0	0	0	0	0	0
3730	7	74	1	0	0	0	0	0	0	0	0
3731	7	74	1	0	0	0	0	0	0	0	0
3732	7	74	1	0	0	0	0	0	0	0	0
3733	7	74	1	0	0	0	0	0	0	0	0
3734	7	74	1	0	0	0	0	0	0	0	0
3735	7	74	1	0	0	0	0	0	0	0	0
3736	7	74	1	0	0	0	0	0	0	0	0
3737	7	74	1	0	0	0	0	0	0	0	0
3738	7	74	1	0	0	0	0	0	0	0	0
3739	7	74	1	0	0	0	0	0	0	0	0
3740	7	74	1	0	0	0	0	0	0	0	0
3741	7	74	1	0	0	0	0	0	0	0	0
3742	7	74	1	0	0	0	0	0	0	0	0
3743	7	74	1	0	0	0	0	0	0	0	0
3744	7	74	1	0	0	0	0	0	0	0	0
3745	7	74	1	0	0	0	0	0	0	0	0
3746	7	74	1	0	0	0	0	0	0	0	0
3747	7	74	1	0	0	0	0	0	0	0	0
3748	7	74	1	0	0	0	0	0	0	0	0
3749	7	74	1	0	0	0	0	0	0	0	0
3750	7	74	1	0	0	0	0	0	0	0	0
3751	7	74	1	0	0	0	0	0	0	0	0
3752	7	74	1	0	0	0	0	0	0	0	0
3753	7	74	1	0	0	0	0	0	0	0	0
3754	7	74	1	0	0	0	0	0	0	0	0
3755	7	74	1	0	0	0	0	0	0	0	0
3756	7	74	1	0	0	0	0	0	0	0	0
3757	7	74	1	0	0	0	0	0	0	0	0
3758	7	74	1	0	0	0	0	0	0	0	0
3759	7	74	1	0	0	0	0	0	0	0	0
3760	7	74	1	0	0	0	0	0	0	0	0
3761	7	74	1	0	0	0	0	0	0	0	0
3762	7	74	1	0	0	0	0	0	0	0	0
3763	7	74	1	0	0	0	0	0	0	0	0
3764	7	74	1	0	0	0	0	0	0	0	0
3765	7	74	1	0	0	0	0	0	0	0	0
3766	7	74	1	0	0	0	0	0	0	0	0
3767	7	74	1	0	0	0	0	0	0	0	0
3768	7	74	1	0	0	0	0	0	0	0	0
3769	7	74	1	0	0	0	0	0	0	0	0
3770	7	74	1	0	0	0	0	0	0	0	0
3771	7	74	1	0	0	0	0	0	0	0	0
3772	7	74	1	0	0	0	0	0	0	0	0
3773	7	74	1	0	0	0	0	0	0	0	0
3774	7	74	1	0	0	0	0	0	0	0	0
3775	7	74	1	0	0	0	0	0	0	0	0
3776	7	74	1	0	0	0	0	0	0	0	0
3777	7	74	1	0	0	0	0	0	0	0	0
3778	7	74	1	0	0	0	0	0	0	0	0
3779	7	74	1	0	0	0	0	0	0	0	0
3780	7	74	1	0	0	0	0	0	0	0	0
3781	7	74	1	0	0	0	0	0	0	0	0
3782	7	74	1	0	0	0	0	0	0	0	0
3783	7	74	1	0	0	0	0	0	0	0	0
3784	7	74	1	0	0	0	0	0	0	0	0
3785	7	74	1	0	0	0	0	0	0	0	0
3786	7	74	1	0	0	0	0	0	0	0	0
3787	7	74	1	0	0	0	0	0	0	0	0
3788	4	74	0	0	0	0	0	0	0	0	0
3789	5	75	0	0	0	0	0	0	0	0	0
3790	6	165	0	0	0	0	0	0	0	0	0
3791	7	165	0	0	0	0	0	0	0	0	0
3792	7	165	0	0	0	0	0	0	0	0	0
3793	7	165	0	0	0	0	0	0	0	0	0
3794	7	165	0	0	0	0	0	0	0	0	0
3795	7	165	0	0	0	0	0	0	0	0	0
3796	7	165	0	0	0	0	0	0	0	0	0
3797	7	165	0	0	0	0	0	0	0	0	0
3798	7	165	0	0	0	0	0	0	0	0	0
3799	7	165	0	0	0	0	0	0	0	0	0
3800	7	165	0	0	0	0	0	0	0	0	0
3801	7	165	0	0	0	0	0	0	0	0	0
3802	7	165	0	0	0	0	0	0	0	0	0
3803	7	165	0	0	0	0	0	0	0	0	0
3804	7	165	0	0	0	0	0	0	0	0	0
3805	7	165	0	0	0	0	0	0	0	0	0
3806	7	165	0	0	0	0	0	0	0	0	0
3807	7	165	0	0	0	0	0	0	0	0	0
3808	7	165	0	0	0	0	0	0	0	0	0
3809	7	165	0	0	0	0	0	0	0	0	0
3810	7	165	0	0	0	0	0	0	0	0	0
3811	7	165	0	0	0	0	0	0	0	0	0
3812	7	165	0	0	0	0	0	0	0	0	0
3813	7	165	0	0	0	0	0	0	0	0	0
3814	7	165	0	0	0	0	0	0	0	0	0
3815	7	165	0	0	0	0	0	0	0	0	0
3816	7	165	0	0	0	0	0	0	0	0	0
3817	7	165	0	0	0	0	0	0	0	0	0
3818	7	165	0	0	0	0	0	0	0	0	0
3819	7	165	0	0	0	0	0	0	0	0	0
3820	7	165	0	0	0	0	0	0	0	0	0
3821	7	165	0	0	0	0	0	0	0	0	0
3822	7	165	0	0	0	0	0	0	0	0	0
3823	7	165	0	0	0	0	0	0	0	0	0
3824	7	165	0	0	0	0	0	0	0	0	0
3825	7	165	0	0	0	0	0	0	0	0	0
3826	7	165	0	0	0	0	0	0	0	0	0
3827	7	165	0	0	0	0	0	0	0	0	0
3828	7	165	0	0	0	0	0	0	0	0	0
3829	7	165	0	0	0	0	0	0	0	0	0
3830	7	165	0	0	0	0	0	0	0	0	0
3831	7	165	0	0	0	0	0	0	0	0	0
3832	7	165	0	0	0	0	0	0	0	0	0
3833	7	165	0	0	0	0	0	0	0	0	0
3834	7	165	0	0	0	0	0	0	0	0	0
3835	7	165	0	0	0	0	0	0	0	0	0
3836	7	165	0	0	0	0	0	0	0	0	0
3837	7	165	0	0	0	0	0	0	0	0	0
3838	7	165	0	0	0	0	0	0	0	0	0
3839	7	165	0	0	0	0	0	0	0	0	0
3840	7	165	0	0	0	0	0	0	0	0	0
3841	7	165	0	0	0	0	0	0	0	0	0
3842	7	165	0	0	0	0	0	0	0	0	0
3843	7	165	0	0	0	0	0	0	0	0	0
3844	7	165	0	0	0	0	0	0	0	0	0
3845	7	165	0	0	0	0	0	0	0	0	0
3846	7	165	0	0	0	0	0	0	0	0	0
3847	7	165	0	0	0	0	0	0	0	0	0
3848	7	165	0	0	0	0	0	0	0	0	0
3849	7	165	0	0	0	0	0	0	0	0	0
3850	7	165	0	0	0	0	0	0	0	0	0
3851	7	165	0	0	0	0	0	0	0	0	0
3852	7	165	0	0	0	0	0	0	0	0	0
3853	7	165	0	0	0	0	0	0	0	0	0
3854	7	165	0	0	0	0	0	0	0	0	0
3855	7	165	0	0	0	0	0	0	0	0	0
3856	7	165	0	0	0	0	0	0	0	0	0
3857	7	165	0	0	0	0	0	0	0	0	0
3858	7	165	0	0	0	0	0	0	0	0	0
3859	7	165	0	0	0	0	0	0	0	0	0
3860	7	165	0	0	0	0	0	0	0	0	0
3861	7	165	0	0	0	0	0	0	0	0	0
3862	7	165	0	0	0	0	0	0	0	0	0
3863	7	165	0	0	0	0	0	0	0	0	0
3864	7	165	0	0	0	0	0	0	0	0	0
3865	7	165	0	0	0	0	0	0	0	0	0
3866	7	165	0	0	0	0	0	0	0	0	0
3867	7	165	0	0	0	0	0	0	0	0	0
3868	7	165	0	0	0	0	0	0	0	0	0
3869	7	165	0	0	0	0	0	0	0	0	0
3870	7	165	0	0	0	0	0	0	0	0	0
3871	7	165	0	0	0	0	0	0	0	0	0
3872	7	165	0	0	0	0	0	0	0	0	0
3873	7	165	0	0	0	0	0	0	0	0	0
3874	7	165	0	0	0	0	0	0	0	0	0
3875	7	165	0	0	0	0	0	0	0	0	0
3876	7	165	0	0	0	0	0	0	0	0	0
3877	7	165	0	0	0	0	0	0	0	0	0
3878	7	165	0	0	0	0	0	0	0	0	0
3879	7	165	0	0	0	0	0	0	0	0	0
3880	7	165	0	0	0	0	0	0	0	0	0
3881	7	165	0	0	0	0	0	0	0	0	0
3882	7	165	0	0	0	0	0	0	0	0	0
3883	7	165	0	0	0	0	0	0	0	0	0
3884	7	165	0	0	0	0	0	0	0	0	0
3885	7	165	0	0	0	0	0	0	0	0	0
3886	7	165	0	0	0	0	0	0	0	0	0
3887	7	165	0	0	0	0	0	0	0	0	0
3888	7	165	0	0	0	0	0	0	0	0	0
3889	7	165	0	0	0	0	0	0	0	0	0
3890	7	165	0	0	0	0	0	0	0	0	0
3891	7	165	0	0	0	0	0	0	0	0	0
3892	7	165	0	0	0	0	0	0	0	0	0
3893	7	165	0	0	0	0	0	0	0	0	0
3894	7	165	0	0	0	0	0	0	0	0	0
3895	7	165	0	0	0	0	0	0	0	0	0
3896	7	165	0	0	0	0	0	0	0	0	0
3897	7	165	0	0	0	0	0	0	0	0	0
3898	7	165	0	0	0	0	0	0	0	0	0
3899	7	165	0	0	0	0	0	0	0	0	0
3900	7	165	0	0	0	0	0	0	0	0	0
3901	7	165	0	0	0	0	0	0	0	0	0
3902	7	165	0	0	0	0	0	0	0	0	0
3903	7	165	0	0	0	0	0	0	0	0	0
3904	7	165	0	0	0	0	0	0	0	0	0
3905	7	165	0	0	0	0	0	0	0	0	0
3906	7	165	0	0	0	0	0	0	0	0	0
3907	7	165	0	0	0	0	0	0	0	0	0
3908	7	165	0	0	0	0	0	0	0	0	0
3909	7	165	0	0	0	0	0	0	0	0	0
3910	7	165	0	0	0	0	0	0	0	0	0
3911	7	165	0	0	0	0	0	0	0	0	0
3912	7	165	0	0	0	0	0	0	0	0	0
3913	7	165	0	0	0	0	0	0	0	0	0
3914	7	165	0	0	0	0	0	0	0	0	0
3915	7	165	0	0	0	0	0	0	0	0	0
3916	7	165	0	0	0	0	0	0	0	0	0
3917	7	165	0	0	0	0	0	0	0	0	0
3918	7	165	0	0	0	0	0	0	0	0	0
3919	7	165	0	0	0	0	0	0	0	0	0
3920	7	165	0	0	0	0	0	0	0	0	0
3921	7	165	0	0	0	0	0	0	0	0	0
3922	7	165	0	0	0	0	0	0	0	0	0
3923	7	165	0	0	0	0	0	0	0	0	0
3924	7	165	0	0	0	0	0	0	0	0	0
3925	7	165	0	0	0	0	0	0	0	0	0
3926	7	165	0	0	0	0	0	0	0	0	0
3927	7	165	0	0	0	0	0	0	0	0	0
3928	7	165	0	0	0	0	0	0	0	0	0
3929	7	165	0	0	0	0	0	0	0	0	0
3930	7	165	0	0	0	0	0	0	0	0	0
3931	7	165	0	0	0	0	0	0	0	0	0
3932	7	165	0	0	0	0	0	0	0	0	0
3933	7	165	0	0	0	0	0	0	0	0	0
3934	7	165	0	0	0	0	0	0	0	0	0
3935	7	165	0	0	0	0	0	0	0	0	0
3936	7	165	0	0	0	0	0	0	0	0	0
3937	7	165	0	0	0	0	0	0	0	0	0
3938	7	165	0	0	0	0	0	0	0	0	0
3939	7	165	0	0	0	0	0	0	0	0	0
3940	7	165	0	0	0	0	0	0	0	0	0
3941	7	165	0	0	0	0	0	0	0	0	0
3942	7	165	0	0	0	0	0	0	0	0	0
3943	7	165	0	0	0	0	0	0	0	0	0
3944	7	165	0	0	0	0	0	0	0	0	0
3945	7	165	0	0	0	0	0	0	0	0	0
3946	7	165	0	0	0	0	0	0	0	0	0
3947	7	165	0	0	0	0	0	0	0	0	0
3948	7	165	0	0	0	0	0	0	0	0	0
3949	7	165	0	0	0	0	0	0	0	0	0
3950	7	165	0	0	0	0	0	0	0	0	0
3951	7	165	0	0	0	0	0	0	0	0	0
3952	7	165	0	0	0	0	0	0	0	0	0
3953	7	165	0	0	0	0	0	0	0	0	0
3954	7	165	0	0	0	0	0	0	0	0	0
3955	7	165	0	0	0	0	0	0	0	0	0
3956	7	165	0	0	0	0	0	0	0	0	0
3957	7	165	0	0	0	0	0	0	0	0	0
3958	7	165	0	0	0	0	0	0	0	0	0
3959	7	165	0	0	0	0	0	0	0	0	0
3960	7	165	0	0	0	0	0	0	0	0	0
3961	7	165	0	0	0	0	0	0	0	0	0
3962	7	165	0	0	0	0	0	0	0	0	0
3963	7	165	0	0	0	0	0	0	0	0	0
3964	7	165	0	0	0	0	0	0	0	0	0
3965	7	165	0	0	0	0	0	0	0	0	0
3966	7	165	0	0	0	0	0	0	0	0	0
3967	7	165	0	0	0	0	0	0	0	0	0
3968	7	165	0	0	0	0	0	0	0	0	0
3969	7	165	0	0	0	0	0	0	0	0	0
3970	7	165	0	0	0	0	0	0	0	0	0
3971	7	165	0	0	0	0	0	0	0	0	0
3972	7	165	0	0	0	0	0	0	0	0	0
3973	7	165	0	0	0	0	0	0	0	0	0
3974	7	165	0	0	0	0	0	0	0	0	0
3975	7	165	0	0	0	0	0	0	0	0	0
3976	7	165	0	0	0	0	0	0	0	0	0
3977	7	165	0	0	0	0	0	0	0	0	0
3978	7	165	0	0	0	0	0	0	0	0	0
3979	7	165	0	0	0	0	0	0	0	0	0
3980	7	165	0	0	0	0	0	0	0	0	0
3981	7	165	0	0	0	0	0	0	0	0	0
3982	7	165	0	0	0	0	0	0	0	0	0
3983	7	165	0	0	0	0	0	0	0	0	0
3984	7	165	0	0	0	0	0	0	0	0	0
3985	7	165	0	0	0	0	0	0	0	0	0
3986	7	165	0	0	0	0	0	0	0	0	0
3987	7	165	0	0	0	0	0	0	0	0	0
3988	7	165	0	0	0	0	0	0	0	0	0
3989	7	165	0	0	0	0	0	0	0	0	0
3990	7	165	0	0	0	0	0	0	0	0	0
3991	7	165	0	0	0	0	0	0	0	0	0
3992	7	165	0	0	0	0	0	0	0	0	0
3993	7	165	0	0	0	0	0	0	0	0	0
3994	7	165	0	0	0	0	0	0	0	0	0
3995	7	165	0	0	0	0	0	0	0	0	0
3996	7	165	0	0	0	0	0	0	0	0	0
3997	7	165	0	0	0	0	0	0	0	0	0
3998	7	165	0	0	0	0	0	0	0	0	0
3999	7	165	0	0	0	0	0	0	0	0	0
4000	7	165	0	0	0	0	0	0	0	0	0
4001	7	165	0	0	0	0	0	0	0	0	0
4002	7	165	0	0	0	0	0	0	0	0	0
4003	7	165	0	0	0	0	0	0	0	0	0
4004	7	165	0	0	0	0	0	0	0	0	0
4005	7	165	0	0	0	0	0	0	0	0	0
4006	7	165	0	0	0	0	0	0	0	0	0
4007	7	165	0	0	0	0	0	0	0	0	0
4008	7	165	0	0	0	0	0	0	0	0	0
4009	7	165	0	0	0	0	0	0	0	0	0
4010	7	165	0	0	0	0	0	0	0	0	0
4011	7	165	0	0	0	0	0	0	0	0	0
4012	7	165	0	0	0	0	0	0	0	0	0
4013	7	165	0	0	0	0	0	0	0	0	0
4014	7	165	0	0	0	0	0	0	0	0	0
4015	7	165	0	0	0	0	0	0	0	0	0
4016	7	165	0	0	0	0	0	0	0	0	0
4017	7	165	0	0	0	0	0	0	0	0	0
4018	7	165	0	0	0	0	0	0	0	0	0
4019	7	165	0	0	0	0	0	0	0	0	0
4020	7	165	0	0	0	0	0	0	0	0	0
4021	7	165	0	0	0	0	0	0	0	0	0
4022	7	165	0	0	0	0	0	0	0	0	0
4023	7	165	0	0	0	0	0	0	0	0	0
4024	7	165	0	0	0	0	0	0	0	0	0
4025	7	165	0	0	0	0	0	0	0	0	0
4026	7	165	0	0	0	0	0	0	0	0	0
4027	7	165	0	0	0	0	0	0	0	0	0
4028	7	165	0	0	0	0	0	0	0	0	0
4029	7	165	0	0	0	0	0	0	0	0	0
4030	7	165	0	0	0	0	0	0	0	0	0
4031	7	165	0	0	0	0	0	0	0	0	0
4032	7	165	0	0	0	0	0	0	0	0	0
4033	7	165	0	0	0	0	0	0	0	0	0
4034	7	165	0	0	0	0	0	0	0	0	0
4035	7	165	0	0	0	0	0	0	0	0	0
4036	7	165	0	0	0	0	0	0	0	0	0
4037	7	165	0	0	0	0	0	0	0	0	0
4038	7	165	0	0	0	0	0	0	0	0	0
4039	7	165	0	0	0	0	0	0	0	0	0
4040	7	165	0	0	0	0	0	0	0	0	0
4041	7	165	0	0	0	0	0	0	0	0	0
4042	7	165	0	0	0	0	0	0	0	0	0
4043	7	165	0	0	0	0	0	0	0	0	0
4044	7	165	0	0	0	0	0	0	0	0	0
4045	7	165	0	0	0	0	0	0	0	0	0
4046	7	165	0	0	0	0	0	0	0	0	0
4047	7	165	0	0	0	0	0	0	0	0	0
4048	7	165	0	0	0	0	0	0	0	0	0
4049	7	165	0	0	0	0	0	0	0	0	0
4050	7	165	0	0	0	0	0	0	0	0	0
4051	7	165	0	0	0	0	0	0	0	0	0
4052	7	165	0	0	0	0	0	0	0	0	0
4053	7	165	0	0	0	0	0	0	0	0	0
4054	7	165	0	0	0	0	0	0	0	0	0
4055	7	165	0	0	0	0	0	0	0	0	0
4056	7	165	0	0	0	0	0	0	0	0	0
4057	7	165	0	0	0	0	0	0	0	0	0
4058	7	165	0	0	0	0	0	0	0	0	0
4059	7	165	0	0	0	0	0	0	0	0	0
4060	7	165	0	0	0	0	0	0	0	0	0
4061	7	165	0	0	0	0	0	0	0	0	0
4062	7	165	0	0	0	0	0	0	0	0	0
4063	7	165	0	0	0	0	0	0	0	0	0
4064	7	165	0	0	0	0	0	0	0	0	0
4065	7	165	0	0	0	0	0	0	0	0	0
4066	7	165	0	0	0	0	0	0	0	0	0
4067	7	165	0	0	0	0	0	0	0	0	0
4068	7	165	0	0	0	0	0	0	0	0	0
4069	7	165	0	0	0	0	0	0	0	0	0
4070	7	165	0	0	0	0	0	0	0	0	0
4071	7	165	0	0	0	0	0	0	0	0	0
4072	7	165	0	0	0	0	0	0	0	0	0
4073	7	165	0	0	0	0	0	0	0	0	0
4074	7	165	0	0	0	0	0	0	0	0	0
4075	7	165	0	0	0	0	0	0	0	0	0
4076	7	165	0	0	0	0	0	0	0	0	0
4077	7	165	0	0	0	0	0	0	0	0	0
4078	7	165	0	0	0	0	0	0	0	0	0
4079	7	165	0	0	0	0	0	0	0	0	0
4080	7	165	0	0	0	0	0	0	0	0	0
4081	7	165	0	0	0	0	0	0	0	0	0
4082	7	165	0	0	0	0	0	0	0	0	0
4083	7	165	0	0	0	0	0	0	0	0	0
4084	7	165	0	0	0	0	0	0	0	0	0
4085	7	165	0	0	0	0	0	0	0	0	0
4086	7	165	0	0	0	0	0	0	0	0	0
4087	7	165	0	0	0	0	0	0	0	0	0
4088	7	165	0	0	0	0	0	0	0	0	0
4089	7	165	0	0	0	0	0	0	0	0	0
4090	7	165	0	0	0	0	0	0	0	0	0
4091	7	165	0	0	0	0	0	0	0	0	0
4092	7	165	0	0	0	0	0	0	0	0	0
4093	7	165	0	0	0	0	0	0	0	0	0
4094	7	165	0	0	0	0	0	0	0	0	0
4095	7	165	0	0	0	0	0	0	0	0	0
4096	7	165	0	0	0	0	0	0	0	0	0
4097	7	165	0	0	0	0	0	0	0	0	0
4098	7	165	0	0	0	0	0	0	0	0	0
4099	7	165	0	0	0	0	0	0	0	0	0
4100	7	165	0	0	0	0	0	0	0	0	0
4101	7	165	0	0	0	0	0	0	0	0	0
4102	7	165	0	0	0	0	0	0	0	0	0
4103	7	165	0	0	0	0	0	0	0	0	0
4104	7	165	0	0	0	0	0	0	0	0	0
4105	7	165	0	0	0	0	0	0	0	0	0
4106	7	165	0	0	0	0	0	0	0	0	0
4107	7	165	0	0	0	0	0	0	0	0	0
4108	7	165	0	0	0	0	0	0	0	0	0
4109	7	165	0	0	0	0	0	0	0	0	0
4110	7	165	0	0	0	0	0	0	0	0	0
4111	7	165	0	0	0	0	0	0	0	0	0
4112	7	165	0	0	0	0	0	0	0	0	0
4113	7	165	0	0	0	0	0	0	0	0	0
4114	7	165	0	0	0	0	0	0	0	0	0
4115	7	165	0	0	0	0	0	0	0	0	0
4116	7	165	0	0	0	0	0	0	0	0	0
4117	7	165	0	0	0	0	0	0	0	0	0
4118	7	165	0	0	0	0	0	0	0	0	0
4119	7	165	0	0	0	0	0	0	0	0	0
4120	7	165	0	0	0	0	0	0	0	0	0
4121	7	165	0	0	0	0	0	0	0	0	0
4122	7	165	0	0	0	0	0	0	0	0	0
4123	7	165	0	0	0	0	0	0	0	0	0
4124	7	165	0	0	0	0	0	0	0	0	0
4125	7	165	0	0	0	0	0	0	0	0	0
4126	7	165	0	0	0	0	0	0	0	0	0
4127	7	165	0	0	0	0	0	0	0	0	0
4128	7	165	0	0	0	0	0	0	0	0	0
4129	7	165	0	0	0	0	0	0	0	0	0
4130	7	165	0	0	0	0	0	0	0	0	0
4131	7	165	0	0	0	0	0	0	0	0	0
4132	7	165	0	0	0	0	0	0	0	0	0
4133	7	165	0	0	0	0	0	0	0	0	0
4134	7	165	0	0	0	0	0	0	0	0	0
4135	7	165	0	0	0	0	0	0	0	0	0
4136	7	165	0	0	0	0	0	0	0	0	0
4137	7	165	0	0	0	0	0	0	0	0	0
4138	7	165	0	0	0	0	0	0	0	0	0
4139	7	165	0	0	0	0	0	0	0	0	0
4140	7	165	0	0	0	0	0	0	0	0	0
4141	7	165	0	0	0	0	0	0	0	0	0
4142	7	165	0	0	0	0	0	0	0	0	0
4143	7	165	0	0	0	0	0	0	0	0	0
4144	7	165	0	0	0	0	0	0	0	0	0
4145	7	165	0	0	0	0	0	0	0	0	0
4146	7	165	0	0	0	0	0	0	0	0	0
4147	7	165	0	0	0	0	0	0	0	0	0
4148	7	165	0	0	0	0	0	0	0	0	0
4149	7	165	0	0	0	0	0	0	0	0	0
4150	7	165	0	0	0	0	0	0	0	0	0
4151	7	165	0	0	0	0	0	0	0	0	0
4152	7	165	0	0	0	0	0	0	0	0	0
4153	7	165	0	0	0	0	0	0	0	0	0
4154	7	165	0	0	0	0	0	0	0	0	0
4155	7	165	0	0	0	0	0	0	0	0	0
4156	7	165	0	0	0	0	0	0	0	0	0
4157	7	165	0	0	0	0	0	0	0	0	0
4158	7	165	0	0	0	0	0	0	0	0	0
4159	7	165	0	0	0	0	0	0	0	0	0
4160	7	165	0	0	0	0	0	0	0	0	0
4161	7	165	0	0	0	0	0	0	0	0	0
4162	7	165	0	0	0	0	0	0	0	0	0
4163	7	165	0	0	0	0	0	0	0	0	0
4164	7	165	0	0	0	0	0	0	0	0	0
4165	7	165	0	0	0	0	0	0	0	0	0
4166	7	165	0	0	0	0	0	0	0	0	0
4167	7	165	0	0	0	0	0	0	0	0	0
4168	7	165	0	0	0	0	0	0	0	0	0
4169	7	165	0	0	0	0	0	0	0	0	0
4170	7	165	0	0	0	0	0	0	0	0	0
4171	7	165	0	0	0	0	0	0	0	0	0
4172	7	165	0	0	0	0	0	0	0	0	0
4173	7	165	0	0	0	0	0	0	0	0	0
4174	7	165	0	0	0	0	0	0	0	0	0
4175	7	165	0	0	0	0	0	0	0	0	0
4176	7	165	0	0	0	0	0	0	0	0	0
4177	7	165	0	0	0	0	0	0	0	0	0
4178	7	165	0	0	0	0	0	0	0	0	0
4179	7	165	0	0	0	0	0	0	0	0	0
4180	7	165	0	0	0	0	0	0	0	0	0
4181	7	165	0	0	0	0	0	0	0	0	0
4182	7	165	0	0	0	0	0	0	0	0	0
4183	7	165	0	0	0	0	0	0	0	0	0
4184	7	165	0	0	0	0	0	0	0	0	0
4185	7	165	0	0	0	0	0	0	0	0	0
4186	7	165	0	0	0	0	0	0	0	0	0
4187	7	165	0	0	0	0	0	0	0	0	0
4188	7	165	0	0	0	0	0	0	0	0	0
4189	7	165	0	0	0	0	0	0	0	0	0
4190	7	165	0	0	0	0	0	0	0	0	0
4191	7	165	0	0	0	0	0	0	0	0	0
4192	7	165	0	0	0	0	0	0	0	0	0
4193	7	165	0	0	0	0	0	0	0	0	0
4194	7	165	0	0	0	0	0	0	0	0	0
4195	7	165	0	0	0	0	0	0	0	0	0
4196	7	165	0	0	0	0	0	0	0	0	0
4197	7	165	0	0	0	0	0	0	0	0	0
4198	7	165	0	0	0	0	0	0	0	0	0
4199	7	165	0	0	0	0	0	0	0	0	0
4200	7	165	0	0	0	0	0	0	0	0	0
4201	7	165	0	0	0	0	0	0	0	0	0
4202	7	165	0	0	0	0	0	0	0	0	0
4203	7	165	0	0	0	0	0	0	0	0	0
4204	7	165	0	0	0	0	0	0	0	0	0
4205	7	165	0	0	0	0	0	0	0	0	0
4206	7	165	0	0	0	0	0	0	0	0	0
4207	7	165	0	0	0	0	0	0	0	0	0
4208	7	165	0	0	0	0	0	0	0	0	0
4209	7	165	0	0	0	0	0	0	0	0	0
4210	7	165	0	0	0	0	0	0	0	0	0
4211	7	165	0	0	0	0	0	0	0	0	0
4212	7	165	0	0	0	0	0	0	0	0	0
4213	7	165	0	0	0	0	0	0	0	0	0
4214	7	165	0	0	0	0	0	0	0	0	0
4215	7	165	0	0	0	0	0	0	0	0	0
4216	7	165	0	0	0	0	0	0	0	0	0
4217	7	165	0	0	0	0	0	0	0	0	0
4218	7	165	0	0	0	0	0	0	0	0	0
4219	7	165	0	0	0	0	0	0	0	0	0
4220	7	165	0	0	0	0	0	0	0	0	0
4221	7	165	0	0	0	0	0	0	0	0	0
4222	8	165	0	0	0	0	0	0	0	0	0
4223	9	165	0	0	0	0	0	0	0	0	0
4224	10	165	0	0	0	0	0	0	0	0	0
4225	0	165	0	0	0	0	0	0	0	0	0
4226	1	0	0	0	0	0	0	0	0	0	0
4227	2	0	0	0	0	0	0	0	0	0	0
4228	2	0	0	0	0	0	0	0	0	0	0
4229	2	0	0	0	0	0	0	0	0	0	0
4230	2	0	0	0	0	0	0	0	0	0	0
4231	2	0	0	0	0	0	0	0	0	0	0
4232	2	0	0	0	0	0	0	0	0	0	0
4233	2	0	0	0	0	0	0	0	0	0	0
4234	2	0	0	0	0	0	0	0	0	0	0
4235	2	0	0	0	0	0	0	0	0	0	0
4236	2	0	0	0	0	0	0	0	0	0	0
4237	2	0	0	0	0	0	0	0	0	0	0
4238	2	0	0	0	0	0	0	0	0	0	0
4239	2	0	0	0	0	0	0	0	0	0	0
4240	2	0	0	0	0	0	0	0	0	0	0
4241	2	0	0	0	0	0	0	0	0	0	0
4242	2	0	0	0	0	0	0	0	0	0	0
4243	2	0	0	0	0	0	0	0	0	0	0
4244	2	0	0	0	0	0	0	0	0	0	0
4245	2	0	0	0	0	0	0	0	0	0	0
4246	2	0	0	0	0	0	0	0	0	0	0
4247	2	0	0	0	0	0	0	0	0	0	0
4248	2	0	0	0	0	0	0	0	0	0	0
4249	2	0	0	0	0	0	0	0	0	0	0
4250	2	0	0	0	0	0	0	0	0	0	0
4251	2	0	0	0	0	0	0	0	0	0	0
4252	2	0	0	0	0	0	0	0	0	0	0
4253	2	0	0	0	0	0	0	0	0	0	0
4254	2	0	0	0	0	0	0	0	0	0	0
4255	2	0	0	0	0	0	0	0	0	0	0
4256	2	0	0	0	0	0	0	0	0	0	0
4257	2	0	0	0	0	0	0	0	0	0	0
4258	2	0	0	0	0	0	0	0	0	0	0
4259	2	0	0	0	0	0	0	0	0	0	0
4260	2	0	0	0	0	0	0	0	0	0	0
4261	2	0	0	0	0	0	0	0	0	0	0
4262	2	0	0	0	0	0	0	0	0	0	0
4263	2	0	0	0	0	0	0	0	0	0	0
4264	2	0	0	0	0	0	0	0	0	0	0
4265	2	0	0	0	0	0	0	0	0	0	0
4266	2	0	0	0	0	0	0	0	0	0	0
4267	2	0	0	0	0	0	0	0	0	0	0
4268	2	0	0	0	0	0	0	0	0	0	0
4269	2	0	0	0	0	0	0	0	0	0	0
4270	2	0	0	0	0	0	0	0	0	0	0
4271	2	0	0	0	0	0	0	0	0	0	0
4272	2	0	0	0	0	0	0	0	0	0	0
4273	2	0	0	0	0	0	0	0	0	0	0
4274	2	0	0	0	0	0	0	0	0	0	0
4275	2	0	0	0	0	0	0	0	0	0	0
4276	2	0	0	0	0	0	0	0	0	0	0
4277	2	0	0	0	0	0	0	0	0	0	0
4278	2	0	0	0	0	0	0	0	0	0	0
4279	2	0	0	0	0	0	0	0	0	0	0
4280	2	0	0	0	0	0	0	0	0	0	0
4281	2	0	0	0	0	0	0	0	0	0	0
4282	2	0	0	0	0	0	0	0	0	0	0
4283	2	0	0	0	0	0	0	0	0	0	0
4284	2	0	0	0	0	0	0	0	0	0	0
4285	2	0	0	0	0	0	0	0	0	0	0
4286	2	0	0	0	0	0	0	0	0	0	0
4287	2	0	0	0	0	0	0	0	0	0	0
4288	2	0	0	0	0	0	0	0	0	0	0
4289	2	0	0	0	0	0	0	0	0	0	0
4290	2	0	0	0	0	0	0	0	0	0	0
4291	2	0	0	0	0	0	0	0	0	0	0
4292	2	0	0	0	0	0	0	0	0	0	0
4293	2	0	0	0	0	0	0	0	0	0	0
4294	2	0	0	0	0	0	0	0	0	0	0
4295	2	0	0	0	0	0	0	0	0	0	0
4296	2	0	0	0	0	0	0	0	0	0	0
4297	2	0	0	0	0	0	0	0	0	0	0
4298	2	0	0	0	0	0	0	0	0	0	0
4299	2	0	0	0	0	0	0	0	0	0	0
4300	2	0	0	0	0	0	0	0	0	0	0
4301	2	0	0	0	0	0	0	0	0	0	0
4302	2	0	0	0	0	0	0	0	0	0	0
4303	2	0	0	0	0	0	0	0	0	0	0
4304	2	0	0	0	0	0	0	0	0	0	0
4305	2	0	0	0	0	0	0	0	0	0	0
4306	2	0	0	0	0	0	0	0	0	0	0
4307	2	0	0	0	0	0	0	0	0	0	0
4308	2	0	0	0	0	0	0	0	0	0	0
4309	2	0	0	0	0	0	0	0	0	0	0
4310	2	0	0	0	0	0	0	0	0	0	0
4311	2	0	0	0	0	0	0	0	0	0	0
4312	2	0	0	0	0	0	0	0	0	0	0
4313	2	0	0	0	0	0	0	0	0	0	0
4314	2	0	0	0	0	0	0	0	0	0	0
4315	2	0	0	0	0	0	0	0	0	0	0
4316	2	0	0	0	0	0	0	0	0	0	0
4317	2	0	0	0	0	0	0	0	0	0	0
4318	2	0	0	0	0	0	0	0	0	0	0
4319	2	0	0	0	0	0	0	0	0	0	0
4320	2	0	0	0	0	0	0	0	0	0	0
4321	2	0	0	0	0	0	0	0	0	0	0
4322	2	0	0	0	0	0	0	0	0	0	0
4323	2	0	0	0	0	0	0	0	0	0	0
4324	2	0	0	0	0	0	0	0	0	0	0
4325	2	0	0	0	0	0	0	0	0	0	0
4326	2	0	0	0	0	0	0	0	0	0	0
4327	2	0	0	0	0	0	0	0	0	0	0
4328	2	0	0	0	0	0	0	0	0	0	0
4329	2	0	0	0	0	0	0	0	0	0	0
4330	2	0	0	0	0	0	0	0	0	0	0
4331	2	0	0	0	0	0	0	0	0	0	0
4332	2	0	0	0	0	0	0	0	0	0	0
4333	2	0	0	0	0	0	0	0	0	0	0
4334	2	0	0	0	0	0	0	0	0	0	0
4335	2	0	0	0	0	0	0	0	0	0	0
4336	2	0	0	0	0	0	0	0	0	0	0
4337	2	0	0	0	0	0	0	0	0	0	0
4338	2	0	0	0	0	0	0	0	0	0	0
4339	2	0	0	0	0	0	0	0	0	0	0
4340	2	0	0	0	0	0	0	0	0	0	0
4341	2	0	0	0	0	0	0	0	0	0	0
4342	2	0	0	0	0	0	0	0	0	0	0
4343	2	0	0	0	0	0	0	0	0	0	0
4344	2	0	0	0	0	0	0	0	0	0	0
4345	2	0	0	0	0	0	0	0	0	0	0
4346	2	0	0	0	0	0	0	0	0	0	0
4347	2	0	0	0	0	0	0	0	0	0	0
4348	2	0	0	0	0	0	0	0	0	0	0
4349	2	0	0	0	0	0	0	0	0	0	0
4350	2	0	0	0	0	0	0	0	0	0	0
4351	2	0	0	0	0	0	0	0	0	0	0
4352	2	0	0	0	0	0	0	0	0	0	0
4353	2	0	0	0	0	0	0	0	0	0	0
4354	2	0	0	0	0	0	0	0	0	0	0
4355	2	0	0	0	0	0	0	0	0	0	0
4356	2	0	0	0	0	0	0	0	0	0	0
4357	2	0	0	0	0	0	0	0	0	0	0
4358	2	0	0	0	0	0	0	0	0	0	0
4359	2	0	0	0	0	0	0	0	0	0	0
4360	2	0	0	0	0	0	0	0	0	0	0
4361	2	0	0	0	0	0	0	0	0	0	0
4362	2	0	0	0	0	0	0	0	0	0	0
4363	2	0	0	0	0	0	0	0	0	0	0
4364	2	0	0	0	0	0	0	0	0	0	0
4365	2	0	0	0	0	0	0	0	0	0	0
4366	2	0	0	0	0	0	0	0	0	0	0
4367	2	0	0	0	0	0	0	0	0	0	0
4368	2	0	0	0	0	0	0	0	0	0	0
4369	2	0	0	0	0	0	0	0	0	0	0
4370	2	0	0	0	0	0	0	0	0	0	0
4371	2	0	0	0	0	0	0	0	0	0	0
4372	2	0	0	0	0	0	0	0	0	0	0
4373	2	0	0	0	0	0	0	0	0	0	0
4374	2	0	0	0	0	0	0	0	0	0	0
4375	2	0	0	0	0	0	0	0	0	0	0
4376	2	0	0	0	0	0	0	0	0	0	0
4377	2	0	0	0	0	0	0	0	0	0	0
4378	2	0	0	0	0	0	0	0	0	0	0
4379	2	0	0	0	0	0	0	0	0	0	0
4380	2	0	0	0	0	0	0	0	0	0	0
4381	2	0	0	0	0	0	0	0	0	0	0
4382	2	0	0	0	0	0	0	0	0	0	0
4383	2	0	0	0	0	0	0	0	0	0	0
4384	2	0	0	0	0	0	0	0	0	0	0
4385	2	0	0	0	0	0	0	0	0	0	0
4386	2	0	0	0	0	0	0	0	0	0	0
4387	2	0	0	0	0	0	0	0	0	0	0
4388	2	0	0	0	0	0	0	0	0	0	0
4389	2	0	0	0	0	0	0	0	0	0	0
4390	2	0	0	0	0	0	0	0	0	0	0
4391	2	0	0	0	0	0	0	0	0	0	0
4392	2	0	0	0	0	0	0	0	0	0	0
4393	2	0	0	0	0	0	0	0	0	0	0
4394	2	0	0	0	0	0	0	0	0	0	0
4395	2	0	0	0	0	0	0	0	0	0	0
4396	2	0	0	0	0	0	0	0	0	0	0
4397	2	0	0	0	0	0	0	0	0	0	0
4398	2	0	0	0	0	0	0	0	0	0	0
4399	2	0	0	0	0	0	0	0	0	0	0
4400	2	0	0	0	0	0	0	0	0	0	0
4401	2	0	0	0	0	0	0	0	0	0	0
4402	2	0	0	0	0	0	0	0	0	0	0
4403	2	0	0	0	0	0	0	0	0	0	0
4404	2	0	0	0	0	0	0	0	0	0	0
4405	2	0	0	0	0	0	0	0	0	0	0
4406	2	0	0	0	0	0	0	0	0	0	0
4407	2	0	0	0	0	0	0	0	0	0	0
4408	2	0	0	0	0	0	0	0	0	0	0
4409	2	0	0	0	0	0	0	0	0	0	0
4410	2	0	0	0	0	0	0	0	0	0	0
4411	2	0	0	0	0	0	0	0	0	0	0
4412	2	0	0	0	0	0	0	0	0	0	0
4413	2	0	0	0	0	0	0	0	0	0	0
4414	2	0	0	0	0	0	0	0	0	0	0
4415	2	0	0	0	0	0	0	0	0	0	0
4416	2	0	0	0	0	0	0	0	0	0	0
4417	2	0	0	0	0	0	0	0	0	0	0
4418	2	0	0	0	0	0	0	0	0	0	0
4419	2	0	0	0	0	0	0	0	0	0	0
4420	2	0	0	0	0	0	0	0	0	0	0
4421	2	0	0	0	0	0	0	0	0	0	0
4422	2	0	0	0	0	0	0	0	0	0	0
4423	2	0	0	0	0	0	0	0	0	0	0
4424	2	0	0	0	0	0	0	0	0	0	0
4425	2	0	0	0	0	0	0	0	0	0	0
4426	2	0	0	0	0	0	0	0	0	0	0
4427	2	0	0	0	0	0	0	0	0	0	0
4428	2	0	0	0	0	0	0	0	0	0	0
4429	2	0	0	0	0	0	0	0	0	0	0
4430	2	0	0	0	0	0	0	0	0	0	0
4431	2	0	0	0	0	0	0	0	0	0	0
4432	2	0	0	0	0	0	0	0	0	0	0
4433	2	0	0	0	0	0	0	0	0	0	0
4434	2	0	0	0	0	0	0	0	0	0	0
4435	2	0	0	0	0	0	0	0	0	0	0
4436	2	0	0	0	0	0	0	0	0	0	0
4437	2	0	0	0	0	0	0	0	0	0	0
4438	2	0	0	0	0	0	0	0	0	0	0
4439	2	0	0	0	0	0	0	0	0	0	0
4440	2	0	0	0	0	0	0	0	0	0	0
4441	2	0	0	0	0	0	0	0	0	0	0
4442	2	0	0	0	0	0	0	0	0	0	0
4443	2	0	0	0	0	0	0	0	0	0	0
4444	2	0	0	0	0	0	0	0	0	0	0
4445	2	0	0	0	0	0	0	0	0	0	0
4446	2	0	0	0	0	0	0	0	0	0	0
4447	2	0	0	0	0	0	0	0	0	0	0
4448	2	0	0	0	0	0	0	0	0	0	0
4449	2	0	0	0	0	0	0	0	0	0	0
4450	2	0	0	0	0	0	0	0	0	0	0
4451	2	0	0	0	0	0	0	0	0	0	0
4452	2	0	0	0	0	0	0	0	0	0	0
4453	2	0	0	0	0	0	0	0	0	0	0
4454	2	0	0	0	0	0	0	0	0	0	0
4455	2	0	0	0	0	0	0	0	0	0	0
4456	2	0	0	0	0	0	0	0	0	0	0
4457	2	0	0	0	0	0	0	0	0	0	0
4458	2	0	0	0	0	0	0	0	0	0	0
4459	2	0	0	0	0	0	0	0	0	0	0
4460	2	0	0	0	0	0	0	0	0	0	0
4461	2	0	0	0	0	0	0	0	0	0	0
4462	2	0	0	0	0	0	0	0	0	0	0
4463	2	0	0	0	0	0	0	0	0	0	0
4464	2	0	0	0	0	0	0	0	0	0	0
4465	2	0	0	0	0	0	0	0	0	0	0
4466	2	0	0	0	0	0	0	0	0	0	0
4467	2	0	0	0	0	0	0	0	0	0	0
4468	2	0	0	0	0	0	0	0	0	0	0
4469	2	0	0	0	0	0	0	0	0	0	0
4470	2	0	0	0	0	0	0	0	0	0	0
4471	2	0	0	0	0	0	0	0	0	0	0
4472	2	0	0	0	0	0	0	0	0	0	0
4473	2	0	0	0	0	0	0	0	0	0	0
4474	2	0	0	0	0	0	0	0	0	0	0
4475	2	0	0	0	0	0	0	0	0	0	0
4476	2	0	0	0	0	0	0	0	0	0	0
4477	2	0	0	0	0	0	0	0	0	0	0
4478	2	0	0	0	0	0	0	0	0	0	0
4479	2	0	0	0	0	0	0	0	0	0	0
4480	2	0	0	0	0	0	0	0	0	0	0
4481	2	0	0	0	0	0	0	0	0	0	0
4482	2	0	0	0	0	0	0	0	0	0	0
4483	2	0	0	0	0	0	0	0	0	0	0
4484	2	0	0	0	0	0	0	0	0	0	0
4485	2	0	0	0	0	0	0	0	0	0	0
4486	2	0	0	0	0	0	0	0	0	0	0
4487	2	0	0	0	0	0	0	0	0	0	0
4488	2	0	0	0	0	0	0	0	0	0	0
4489	2	0	0	0	0	0	0	0	0	0	0
4490	2	0	0	0	0	0	0	0	0	0	0
4491	2	0	0	0	0	0	0	0	0	0	0
4492	2	0	0	0	0	0	0	0	0	0	0
4493	2	0	0	0	0	0	0	0	0	0	0
4494	2	0	0	0	0	0	0	0	0	0	0
4495	2	0	0	0	0	0	0	0	0	0	0
4496	2	0	0	0	0	0	0	0	0	0	0
4497	2	0	0	0	0	0	0	0	0	0	0
4498	2	0	0	0	0	0	0	0	0	0	0
4499	2	0	0	0	0	0	0	0	0	0	0
4500	2	0	0	0	0	0	0	0	0	0	0
4501	2	0	0	0	0	0	0	0	0	0	0
4502	2	0	0	0	0	0	0	0	0	0	0
4503	2	0	0	0	0	0	0	0	0	0	0
4504	2	0	0	0	0	0	0	0	0	0	0
4505	2	0	0	0	0	0	0	0	0	0	0
4506	2	0	0	0	0	0	0	0	0	0	0
4507	2	0	0	0	0	0	0	0	0	0	0
4508	2	0	0	0	0	0	0	0	0	0	0
4509	2	0	0	0	0	0	0	0	0	0	0
4510	2	0	0	0	0	0	0	0	0	0	0
4511	2	0	0	0	0	0	0	0	0	0	0
4512	2	0	0	0	0	0	0	0	0	0	0
4513	2	0	0	0	0	0	0	0	0	0	0
4514	2	0	0	0	0	0	0	0	0	0	0
4515	2	0	0	0	0	0	0	0	0	0	0
4516	2	0	0	0	0	0	0	0	0	0	0
4517	2	0	0	0	0	0	0	0	0	0	0
4518	2	0	0	0	0	0	0	0	0	0	0
4519	2	0	0	0	0	0	0	0	0	0	0
4520	2	0	0	0	0	0	0	0	0	0	0
4521	2	0	0	0	0	0	0	0	0	0	0
4522	2	0	0	0	0	0	0	0	0	0	0
4523	2	0	0	0	0	0	0	0	0	0	0
4524	2	0	0	0	0	0	0	0	0	0	0
4525	2	0	0	0	0	0	0	0	0	0	0
4526	2	0	0	0	0	0	0	0	0	0	0
4527	2	0	0	0	0	0	0	0	0	0	0
4528	2	0	0	0	0	0	0	0	0	0	0
4529	2	0	0	0	0	0	0	0	0	0	0
4530	2	0	0	0	0	0	0	0	0	0	0
4531	2	0	0	0	0	0	0	0	0	0	0
4532	2	0	0	0	0	0	0	0	0	0	0
4533	2	0	0	0	0	0	0	0	0	0	0
4534	2	0	0	0	0	0	0	0	0	0	0
4535	2	0	0	0	0	0	0	0	0	0	0
4536	2	0	0	0	0	0	0	0	0	0	0
4537	2	0	0	0	0	0	0	0	0	0	0
4538	2	0	0	0	0	0	0	0	0	0	0
4539	2	0	0	0	0	0	0	0	0	0	0
4540	2	0	0	0	0	0	0	0	0	0	0
4541	2	0	0	0	0	0	0	0	0	0	0
4542	2	0	0	0	0	0	0	0	0	0	0
4543	2	0	0	0	0	0	0	0	0	0	0
4544	2	0	0	0	0	0	0	0	0	0	0
4545	2	0	0	0	0	0	0	0	0	0	0
4546	2	0	0	0	0	0	0	0	0	0	0
4547	2	0	0	0	0	0	0	0	0	0	0
4548	2	0	0	0	0	0	0	0	0	0	0
4549	2	0	0	0	0	0	0	0	0	0	0
4550	2	0	0	0	0	0	0	0	0	0	0
4551	2	0	0	0	0	0	0	0	0	0	0
4552	2	0	0	0	0	0	0	0	0	0	0
4553	2	0	0	0	0	0	0	0	0	0	0
4554	2	0	0	0	0	0	0	0	0	0	0
4555	2	0	0	0	0	0	0	0	0	0	0
4556	2	0	0	0	0	0	0	0	0	0	0
4557	2	0	0	0	0	0	0	0	0	0	0
4558	2	0	0	0	0	0	0	0	0	0	0
4559	2	0	0	0	0	0	0	0	0	0	0
4560	2	0	0	0	0	0	0	0	0	0	0
4561	2	0	0	0	0	0	0	0	0	0	0
4562	2	0	0	0	0	0	0	0	0	0	0
4563	2	0	0	0	0	0	0	0	0	0	0
4564	2	0	0	0	0	0	0	0	0	0	0
4565	2	0	0	0	0	0	0	0	0	0	0
4566	2	0	0	0	0	0	0	0	0	0	0
4567	2	0	0	0	0	0	0	0	0	0	0
4568	2	0	0	0	0	0	0	0	0	0	0
4569	2	0	0	0	0	0	0	0	0	0	0
4570	2	0	0	0	0	0	0	0	0	0	0
4571	2	0	0	0	0	0	0	0	0	0	0
4572	2	0	0	0	0	0	0	0	0	0	0
4573	2	0	0	0	0	0	0	0	0	0	0
4574	2	0	0	0	0	0	0	0	0	0	0
4575	2	0	0	0	0	0	0	0	0	0	0
4576	2	0	0	0	0	0	0	0	0	0	0
4577	2	0	0	0	0	0	0	0	0	0	0
4578	2	0	0	0	0	0	0	0	0	0	0
4579	2	0	0	0	0	0	0	0	0	0	0
4580	2	0	0	0	0	0	0	0	0	0	0
4581	2	0	0	0	0	0	0	0	0	0	0
4582	2	0	0	0	0	0	0	0	0	0	0
4583	2	0	0	0	0	0	0	0	0	0	0
4584	2	0	0	0	0	0	0	0	0	0	0
4585	2	0	0	0	0	0	0	0	0	0	0
4586	2	0	0	0	0	0	0	0	0	0	0
4587	2	0	0	0	0	0	0	0	0	0	0
4588	2	0	0	0	0	0	0	0	0	0	0
4589	2	0	0	0	0	0	0	0	0	0	0
4590	2	0	0	0	0	0	0	0	0	0	0
4591	2	0	0	0	0	0	0	0	0	0	0
4592	2	0	0	0	0	0	0	0	0	0	0
4593	2	0	0	0	0	0	0	0	0	0	0
4594	2	0	0	0	0	0	0	0	0	0	0
4595	2	0	0	0	0	0	0	0	0	0	0
4596	2	0	0	0	0	0	0	0	0	0	0
4597	2	0	0	0	0	0	0	0	0	0	0
4598	2	0	0	0	0	0	0	0	0	0	0
4599	2	0	0	0	0	0	0	0	0	0	0
4600	2	0	0	0	0	0	0	0	0	0	0
4601	2	0	0	0	0	0	0	0	0	0	0
4602	2	0	0	0	0	0	0	0	0	0	0
4603	2	0	0	0	0	0	0	0	0	0	0
4604	2	0	0	0	0	0	0	0	0	0	0
4605	2	0	0	0	0	0	0	0	0	0	0
4606	2	0	0	0	0	0	0	0	0	0	0
4607	2	0	0	0	0	0	0	0	0	0	0
4608	2	0	0	0	0	0	0	0	0	0	0
4609	2	0	0	0	0	0	0	0	0	0	0
4610	2	0	0	0	0	0	0	0	0	0	0
4611	2	0	0	0	0	0	0	0	0	0	0
4612	2	0	0	0	0	0	0	0	0	0	0
4613	2	0	0	0	0	0	0	0	0	0	0
4614	2	0	0	0	0	0	0	0	0	0	0
4615	2	0	0	0	0	0	0	0	0	0	0
4616	2	0	0	0	0	0	0	0	0	0	0
4617	2	0	0	0	0	0	0	0	0	0	0
4618	2	0	0	0	0	0	0	0	0	0	0
4619	2	0	0	0	0	0	0	0	0	0	0
4620	2	0	0	0	0	0	0	0	0	0	0
4621	2	0	0	0	0	0	0	0	0	0	0
4622	2	0	0	0	0	0	0	0	0	0	0
4623	2	0	0	0	0	0	0	0	0	0	0
4624	2	0	0	0	0	0	0	0	0	0	0
4625	2	0	0	0	0	0	0	0	0	0	0
4626	2	0	0	0	0	0	0	0	0	0	0
4627	2	0	0	0	0	0	0	0	0	0	0
4628	2	0	0	0	0	0	0	0	0	0	0
4629	2	0	0	0	0	0	0	0	0	0	0
4630	2	0	0	0	0	0	0	0	0	0	0
4631	2	0	0	0	0	0	0	0	0	0	0
4632	2	0	0	0	0	0	0	0	0	0	0
4633	2	0	0	0	0	0	0	0	0	0	0
4634	2	0	0	0	0	0	0	0	0	0	0
4635	2	0	0	0	0	0	0	0	0	0	0
4636	2	0	0	0	0	0	0	0	0	0	0
4637	2	0	0	0	0	0	0	0	0	0	0
4638	2	0	0	0	0	0	0	0	0	0	0
4639	2	0	0	0	0	0	0	0	0	0	0
4640	2	0	0	0	0	0	0	0	0	0	0
4641	2	0	0	0	0	0	0	0	0	0	0
4642	2	0	0	0	0	0	0	0	0	0	0
4643	2	0	0	0	0	0	0	0	0	0	0
4644	2	0	0	0	0	0	0	0	0	0	0
4645	2	0	0	0	0	0	0	0	0	0	0
4646	2	0	0	0	0	0	0	0	0	0	0
4647	2	0	0	0	0	0	0	0	0	0	0
4648	2	0	0	0	0	0	0	0	0	0	0
4649	2	0	0	0	0	0	0	0	0	0	0
4650	2	0	0	0	0	0	0	0	0	0	0
4651	2	0	0	0	0	0	0	0	0	0	0
4652	2	0	0	0	0	0	0	0	0	0	0
4653	2	0	0	0	0	0	0	0	0	0	0
4654	2	0	0	0	0	0	0	0	0	0	0
4655	2	0	0	0	0	0	0	0	0	0	0
4656	2	0	0	0	0	0	0	0	0	0	0
4657	2	0	0	0	0	0	0	0	0	0	0
4658	2	0	0	0	0	0	0	0	0	0	0
4659	2	0	0	0	0	0	0	0	0	0	0
4660	2	0	0	0	0	0	0	0	0	0	0
4661	2	0	0	0	0	0	0	0	0	0	0
4662	2	0	0	0	0	0	0	0	0	0	0
4663	2	0	0	0	0	0	0	0	0	0	0
4664	2	0	0	0	0	0	0	0	0	0	0
4665	2	0	0	0	0	0	0	0	0	0	0
4666	2	0	0	0	0	0	0	0	0	0	0
4667	2	0	0	0	0	0	0	0	0	0	0
4668	2	0	0	0	0	0	0	0	0	0	0
4669	2	0	0	0	0	0	0	0	0	0	0
4670	2	0	0	0	0	0	0	0	0	0	0
4671	2	0	0	0	0	0	0	0	0	0	0
4672	2	0	0	0	0	0	0	0	0	0	0
4673	2	0	0	0	0	0	0	0	0	0	0
4674	2	0	0	0	0	0	0	0	0	0	0
4675	2	0	0	0	0	0	0	0	0	0	0
4676	2	0	0	0	0	0	0	0	0	0	0
4677	2	0	0	0	0	0	0	0	0	0	0
4678	2	0	0	0	0	0	0	0	0	0	0
4679	2	0	0	0	0	0	0	0	0	0	0
4680	2	0	0	0	0	0	0	0	0	0	0
4681	2	0	0	0	0	0	0	0	0	0	0
4682	2	0	0	0	0	0	0	0	0	0	0
4683	2	0	0	0	0	0	0	0	0	0	0
4684	2	0	0	0	0	0	0	0	0	0	0
4685	2	0	0	0	0	0	0	0	0	0	0
4686	2	0	0	0	0	0	0	0	0	0	0
4687	2	0	0	0	0	0	0	0	0	0	0
4688	2	0	0	0	0	0	0	0	0	0	0
4689	2	0	0	0	0	0	0	0	0	0	0
4690	2	0	0	0	0	0	0	0	0	0	0
4691	2	0	0	0	0	0	0	0	0	0	0
4692	2	0	0	0	0	0	0	0	0	0	0
4693	2	0	0	0	0	0	0	0	0	0	0
4694	2	0	0	0	0	0	0	0	0	0	0
4695	2	0	0	0	0	0	0	0	0	0	0
4696	2	0	0	0	0	0	0	0	0	0	0
4697	2	0	0	0	0	0	0	0	0	0	0
4698	2	0	0	0	0	0	0	0	0	0	0
4699	2	0	0	0	0	0	0	0	0	0	0
4700	2	0	0	0	0	0	0	0	0	0	0
4701	2	0	0	0	0	0	0	0	0	0	0
4702	2	0	0	0	0	0	0	0	0	0	0
4703	2	0	0	0	0	0	0	0	0	0	0
4704	2	0	0	0	0	0	0	0	0	0	0
4705	2	0	0	0	0	0	0	0	0	0	0
4706	2	0	0	0	0	0	0	0	0	0	0
4707	2	0	0	0	0	0	0	0	0	0	0
4708	2	0	0	0	0	0	0	0	0	0	0
4709	2	0	0	0	0	0	0	0	0	0	0
4710	2	0	0	0	0	0	0	0	0	0	0
4711	2	0	0	0	0	0	0	0	0	0	0
4712	2	0	0	0	0	0	0	0	0	0	0
4713	2	0	0	0	0	0	0	0	0	0	0
4714	2	0	0	0	0	0	0	0	0	0	0
4715	2	0	0	0	0	0	0	0	0	0	0
4716	2	0	0	0	0	0	0	0	0	0	0
4717	2	0	0	0	0	0	0	0	0	0	0
4718	2	0	0	0	0	0	0	0	0	0	0
4719	2	0	0	0	0	0	0	0	0	0	0
4720	2	0	0	0	0	0	0	0	0	0	0
4721	2	0	0	0	0	0	0	0	0	0	0
4722	2	0	0	0	0	0	0	0	0	0	0
4723	2	0	0	0	0	0	0	0	0	0	0
4724	2	0	0	0	0	0	0	0	0	0	0
4725	2	0	0	0	0	0	0	0	0	0	0
4726	2	0	0	0	0	0	0	0	0	0	0
4727	2	0	0	0	0	0	0	0	0	0	0
4728	2	0	0	0	0	0	0	0	0	0	0
4729	2	0	0	0	0	0	0	0	0	0	0
4730	2	0	0	0	0	0	0	0	0	0	0
4731	2	0	0	0	0	0	0	0	0	0	0
4732	2	0	0	0	0	0	0	0	0	0	0
4733	2	0	0	0	0	0	0	0	0	0	0
4734	2	0	0	0	0	0	0	0	0	0	0
4735	2	0	0	0	0	0	0	0	0	0	0
4736	2	0	0	0	0	0	0	0	0	0	0
4737	2	0	0	0	0	0	0	0	0	0	0
4738	2	0	0	0	0	0	0	0	0	0	0
4739	2	0	0	0	0	0	0	0	0	0	0
4740	2	0	0	0	0	0	0	0	0	0	0
4741	2	0	0	0	0	0	0	0	0	0	0
4742	2	0	0	0	0	0	0	0	0	0	0
4743	2	0	0	0	0	0	0	0	0	0	0
4744	2	0	0	0	0	0	0	0	0	0	0
4745	2	0	0	0	0	0	0	0	0	0	0
4746	2	0	0	0	0	0	0	0	0	0	0
4747	2	0	0	0	0	0	0	0	0	0	0
4748	2	0	0	0	0	0	0	0	0	0	0
4749	2	0	0	0	0	0	0	0	0	0	0
4750	2	0	0	0	0	0	0	0	0	0	0
4751	2	0	0	0	0	0	0	0	0	0	0
4752	2	0	0	0	0	0	0	0	0	0	0
4753	2	0	0	0	0	0	0	0	0	0	0
4754	2	0	0	0	0	0	0	0	0	0	0
4755	2	0	0	0	0	0	0	0	0	0	0
4756	2	0	0	0	0	0	0	0	0	0	0
4757	2	0	0	0	0	0	0	0	0	0	0
4758	2	0	0	0	0	0	0	0	0	0	0
4759	2	0	0	0	0	0	0	0	0	0	0
4760	2	0	0	0	0	0	0	0	0	0	0
4761	2	0	0	0	0	0	0	0	0	0	0
4762	2	0	0	0	0	0	0	0	0	0	0
4763	2	0	0	0	0	0	0	0	0	0	0
4764	2	0	0	0	0	0	0	0	0	0	0
4765	2	0	0	0	0	0	0	0	0	0	0
4766	2	0	0	0	0	0	0	0	0	0	0
4767	2	0	0	0	0	0	0	0	0	0	0
4768	2	0	0	0	0	0	0	0	0	0	0
4769	2	0	0	0	0	0	0	0	0	0	0
4770	2	0	0	0	0	0	0	0	0	0	0
4771	2	0	0	0	0	0	0	0	0	0	0
4772	2	0	0	0	0	0	0	0	0	0	0
4773	2	0	0	0	0	0	0	0	0	0	0
4774	2	0	0	0	0	0	0	0	0	0	0
4775	2	0	0	0	0	0	0	0	0	0	0
4776	2	0	0	0	0	0	0	0	0	0	0
4777	2	0	0	0	0	0	0	0	0	0	0
4778	2	0	0	0	0	0	0	0	0	0	0
4779	2	0	0	0	0	0	0	0	0	0	0
4780	2	0	0	0	0	0	0	0	0	0	0
4781	2	0	0	0	0	0	0	0	0	0	0
4782	2	0	0	0	0	0	0	0	0	0	0
4783	2	0	0	0	0	0	0	0	0	0	0
4784	2	0	0	0	0	0	0	0	0	0	0
4785	2	0	0	0	0	0	0	0	0	0	0
4786	2	0	0	0	0	0	0	0	0	0	0
4787	2	0	0	0	0	0	0	0	0	0	0
4788	2	0	0	0	0	0	0	0	0	0	0
4789	2	0	0	0	0	0	0	0	0	0	0
4790	2	0	0	0	0	0	0	0	0	0	0
4791	2	0	0	0	0	0	0	0	0	0	0
4792	2	0	0	0	0	0	0	0	0	0	0
4793	2	0	0	0	0	0	0	0	0	0	0
4794	2	0	0	0	0	0	0	0	0	0	0
4795	2	0	0	0	0	0	0	0	0	0	0
4796	2	0	0	0	0	0	0	0	0	0	0
4797	2	0	0	0	0	0	0	0	0	0	0
4798	2	0	0	0	0	0	0	0	0	0	0
4799	2	0	0	0	0	0	0	0	0	0	0
4800	2	0	0	0	0	0	0	0	0	0	0
4801	2	0	0	0	0	0	0	0	0	0	0
4802	2	0	0	0	0	0	0	0	0	0	0
4803	2	0	0	0	0	0	0	0	0	0	0
4804	2	0	0	0	0	0	0	0	0	0	0
4805	2	0	0	0	0	0	0	0	0	0	0
4806	2	0	0	0	0	0	0	0	0	0	0
4807	2	0	0	0	0	0	0	0	0	0	0
4808	2	0	0	0	0	0	0	0	0	0	0
4809	2	0	0	0	0	0	0	0	0	0	0
4810	2	0	0	0	0	0	0	0	0	0	0
4811	2	0	0	0	0	0	0	0	0	0	0
4812	2	0	0	0	0	0	0	0	0	0	0
4813	2	0	0	0	0	0	0	0	0	0	0
4814	2	0	0	0	0	0	0	0	0	0	0
4815	2	0	0	0	0	0	0	0	0	0	0
4816	2	0	0	0	0	0	0	0	0	0	0
4817	2	0	0	0	0	0	0	0	0	0	0
4818	2	0	0	0	0	0	0	0	0	0	0
4819	2	0	0	0	0	0	0	0	0	0	0
4820	2	0	0	0	0	0	0	0	0	0	0
4821	2	0	0	0	0	0	0	0	0	0	0
4822	2	0	0	0	0	0	0	0	0	0	0
4823	2	0	0	0	0	0	0	0	0	0	0
4824	2	0	0	0	0	0	0	0	0	0	0
4825	2	0	0	0	0	0	0	0	0	0	0
4826	2	0	0	0	0	0	0	0	0	0	0
4827	2	0	0	0	0	0	0	0	0	0	0
4828	2	0	0	0	0	0	0	0	0	0	0
4829	2	0	0	0	0	0	0	0	0	0	0
4830	2	0	0	0	0	0	0	0	0	0	0
4831	2	0	0	0	0	0	0	0	0	0	0
4832	2	0	0	0	0	0	0	0	0	0	0
4833	2	0	0	0	0	0	0	0	0	0	0
4834	2	0	0	0	0	0	0	0	0	0	0
4835	2	0	0	0	0	0	0	0	0	0	0
4836	2	0	0	0	0	0	0	0	0	0	0
4837	2	0	0	0	0	0	0	0	0	0	0
4838	2	0	0	0	0	0	0	0	0	0	0
4839	2	0	0	0	0	0	0	0	0	0	0
4840	2	0	0	0	0	0	0	0	0	0	0
4841	2	0	0	0	0	0	0	0	0	0	0
4842	2	0	0	0	0	0	0	0	0	0	0
4843	2	0	0	0	0	0	0	0	0	0	0
4844	2	0	0	0	0	0	0	0	0	0	0
4845	2	0	0	0	0	0	0	0	0	0	0
4846	2	0	0	0	0	0	0	0	0	0	0
4847	2	0	0	0	0	0	0	0	0	0	0
4848	2	0	0	0	0	0	0	0	0	0	0
4849	2	0	0	0	0	0	0	0	0	0	0
4850	2	0	0	0	0	0	0	0	0	0	0
4851	2	0	0	0	0	0	0	0	0	0	0
4852	2	0	0	0	0	0	0	0	0	0	0
4853	2	0	0	0	0	0	0	0	0	0	0
4854	2	0	0	0	0	0	0	0	0	0	0
4855	2	0	0	0	0	0	0	0	0	0	0
4856	2	0	0	0	0	0	0	0	0	0	0
4857	2	0	0	0	0	0	0	0	0	0	0
4858	2	0	0	0	0	0	0	0	0	0	0
4859	2	0	0	0	0	0	0	0	0	0	0
4860	2	0	0	0	0	0	0	0	0	0	0
4861	2	0	0	0	0	0	0	0	0	0	0
4862	2	0	0	0	0	0	0	0	0	0	0
4863	2	0	0	0	0	0	0	0	0	0	0
4864	2	0	0	0	0	0	0	0	0	0	0
4865	2	0	0	0	0	0	0	0	0	0	0
4866	2	0	0	0	0	0	0	0	0	0	0
4867	2	0	0	0	0	0	0	0	0	0	0
4868	2	0	0	0	0	0	0	0	0	0	0
4869	2	0	0	0	0	0	0	0	0	0	0
4870	2	0	0	0	0	0	0	0	0	0	0
4871	2	0	0	0	0	0	0	0	0	0	0
4872	2	0	0	0	0	0	0	0	0	0	0
4873	2	0	0	0	0	0	0	0	0	0	0
4874	2	0	0	0	0	0	0	0	0	0	0
4875	2	0	0	0	0	0	0	0	0	0	0
4876	2	0	0	0	0	0	0	0	0	0	0
4877	2	0	0	0	0	0	0	0	0	0	0
4878	2	0	0	0	0	0	0	0	0	0	0
4879	2	0	0	0	0	0	0	0	0	0	0
4880	2	0	0	0	0	0	0	0	0	0	0
4881	2	0	0	0	0	0	0	0	0	0	0
4882	2	0	0	0	0	0	0	0	0	0	0
4883	2	0	0	0	0	0	0	0	0	0	0
4884	2	0	0	0	0	0	0	0	0	0	0
4885	2	0	0	0	0	0	0	0	0	0	0
4886	2	0	0	0	0	0	0	0	0	0	0
4887	2	0	0	0	0	0	0	0	0	0	0
4888	2	0	0	0	0	0	0	0	0	0	0
4889	2	0	0	0	0	0	0	0	0	0	0
4890	2	0	0	0	0	0	0	0	0	0	0
4891	2	0	0	0	0	0	0	0	0	0	0
4892	2	0	0	0	0	0	0	0	0	0	0
4893	2	0	0	0	0	0	0	0	0	0	0
4894	2	0	0	0	0	0	0	0	0	0	0
4895	2	0	0	0	0	0	0	0	0	0	0
4896	2	0	0	0	0	0	0	0	0	0	0
4897	2	0	0	0	0	0	0	0	0	0	0
4898	2	0	0	0	0	0	0	0	0	0	0
4899	2	0	0	0	0	0	0	0	0	0	0
4900	2	0	0	0	0	0	0	0	0	0	0
4901	2	0	0	0	0	0	0	0	0	0	0
4902	2	0	0	0	0	0	0	0	0	0	0
4903	2	0	0	0	0	0	0	0	0	0	0
4904	2	0	0	0	0	0	0	0	0	0	0
4905	2	0	0	0	0	0	0	0	0	0	0
4906	2	0	0	0	0	0	0	0	0	0	0
4907	2	0	0	0	0	0	0	0	0	0	0
4908	2	0	0	0	0	0	0	0	0	0	0
4909	2	0	0	0	0	0	0	0	0	0	0
4910	2	0	0	0	0	0	0	0	0	0	0
4911	2	0	0	0	0	0	0	0	0	0	0
4912	2	0	0	0	0	0	0	0	0	0	0
4913	2	0	0	0	0	0	0	0	0	0	0
4914	2	0	0	0	0	0	0	0	0	0	0
4915	2	0	0	0	0	0	0	0	0	0	0
4916	2	0	0	0	0	0	0	0	0	0	0
4917	2	0	0	0	0	0	0	0	0	0	0
4918	2	0	0	0	0	0	0	0	0	0	0
4919	2	0	0	0	0	0	0	0	0	0	0
4920	2	0	0	0	0	0	0	0	0	0	0
4921	2	0	0	0	0	0	0	0	0	0	0
4922	2	0	0	0	0	0	0	0	0	0	0
4923	2	0	0	0	0	0	0	0	0	0	0
4924	2	0	0	0	0	0	0	0	0	0	0
4925	2	0	0	0	0	0	0	0	0	0	0
4926	2	0	0	0	0	0	0	0	0	0	0
4927	2	0	0	0	0	0	0	0	0	0	0
4928	2	0	0	0	0	0	0	0	0	0	0
4929	2	0	0	0	0	0	0	0	0	0	0
4930	2	0	0	0	0	0	0	0	0	0	0
4931	2	0	0	0	0	0	0	0	0	0	0
4932	2	0	0	0	0	0	0	0	0	0	0
4933	2	0	0	0	0	0	0	0	0	0	0
4934	2	0	0	0	0	0	0	0	0	0	0
4935	2	0	0	0	0	0	0	0	0	0	0
4936	2	0	0	0	0	0	0	0	0	0	0
4937	2	0	0	0	0	0	0	0	0	0	0
4938	2	0	0	0	0	0	0	0	0	0	0
4939	2	0	0	0	0	0	0	0	0	0	0
4940	2	0	0	0	0	0	0	0	0	0	0
4941	2	0	0	0	0	0	0	0	0	0	0
4942	2	0	0	0	0	0	0	0	0	0	0
4943	2	0	0	0	0	0	0	0	0	0	0
4944	2	0	0	0	0	0	0	0	0	0	0
4945	2	0	0	0	0	0	0	0	0	0	0
4946	2	0	0	0	0	0	0	0	0	0	0
4947	2	0	0	0	0	0	0	0	0	0	0
4948	2	0	0	0	0	0	0	0	0	0	0
4949	2	0	0	0	0	0	0	0	0	0	0
4950	2	0	0	0	0	0	0	0	0	0	0
4951	2	0	0	0	0	0	0	0	0	0	0
4952	2	0	0	0	0	0	0	0	0	0	0
4953	2	0	0	0	0	0	0	0	0	0	0
4954	2	0	0	0	0	0	0	0	0	0	0
4955	2	0	0	0	0	0	0	0	0	0	0
4956	2	0	0	0	0	0	0	0	0	0	0
4957	2	0	0	0	0	0	0	0	0	0	0
4958	2	0	0	0	0	0	0	0	0	0	0
4959	2	0	0	0	0	0	0	0	0	0	0
4960	2	0	0	0	0	0	0	0	0	0	0
4961	2	0	0	0	0	0	0	0	0	0	0
4962	2	0	0	0	0	0	0	0	0	0	0
4963	2	0	0	0	0	0	0	0	0	0	0
4964	2	0	0	0	0	0	0	0	0	0	0
4965	2	0	0	0	0	0	0	0	0	0	0
4966	2	0	0	0	0	0	0	0	0	0	0
4967	2	0	0	0	0	0	0	0	0	0	0
4968	2	0	0	0	0	0	0	0	0	0	0
4969	2	0	0	0	0	0	0	0	0	0	0
4970	2	0	0	0	0	0	0	0	0	0	0
4971	2	0	0	0	0	0	0	0	0	0	0
4972	2	0	0	0	0	0	0	0	0	0	0
4973	2	0	0	0	0	0	0	0	0	0	0
4974	2	0	0	0	0	0	0	0	0	0	0
4975	2	0	0	0	0	0	0	0	0	0	0
4976	2	0	0	0	0	0	0	0	0	0	0
4977	2	0	0	0	0	0	0	0	0	0	0
4978	2	0	0	0	0	0	0	0	0	0	0
4979	2	0	0	0	0	0	0	0	0	0	0
4980	2	0	0	0	0	0	0	0	0	0	0
4981	2	0	0	0	0	0	0	0	0	0	0
4982	2	0	0	0	0	0	0	0	0	0	0
4983	2	0	0	0	0	0	0	0	0	0	0
4984	2	0	0	0	0	0	0	0	0	0	0
4985	2	0	0	0	0	0	0	0	0	0	0
4986	2	0	0	0	0	0	0	0	0	0	0
4987	2	0	0	0	0	0	0	0	0	0	0
4988	2	0	0	0	0	0	0	0	0	0	0
4989	2	0	0	0	0	0	0	0	0	0	0
4990	2	0	0	0	0	0	0	0	0	0	0
4991	2	0	0	0	0	0	0	0	0	0	0
4992	2	0	0	0	0	0	0	0	0	0	0
4993	2	0	0	0	0	0	0	0	0	0	0
4994	2	0	0	0	0	0	0	0	0	0	0
4995	2	0	0	0	0	0	0	0	0	0	0
4996	2	0	0	0	0	0	0	0	0	0	0
4997	2	0	0	0	0	0	0	0	0	0	0
4998	2	0	0	0	0	0	0	0	0	0	0
4999	2	0	0	0	0	0	0	0	0	0	0
5000	2	0	0	0	0	0	0	0	0	0	0
