# cycle	pc	r0	r1	r2	r3	r4	r5	r6	r7	pin_out	pin_oe
0	0	0	0	0	0	0	0	0	0	0	0
1	1	0	0	0	0	0	0	0	0	1	1
2	2	85	0	0	0	0	0	0	0	1	1
3	3	85	0	0	0	0	0	0	0	0	1
4	4	85	7	0	0	0	0	0	0	0	1
5	5	85	7	0	0	0	0	0	0	0	1
6	5	85	7	0	0	0	0	0	0	0	1
7	5	85	7	0	0	0	0	0	0	0	1
8	5	85	7	0	0	0	0	0	0	0	1
9	5	85	7	0	0	0	0	0	0	0	1
10	5	85	7	0	0	0	0	0	0	0	1
11	5	85	7	0	0	0	0	0	0	0	1
12	5	85	7	0	0	0	0	0	0	0	1
13	5	85	7	0	0	0	0	0	0	0	1
14	5	85	7	0	0	0	0	0	0	0	1
15	5	85	7	0	0	0	0	0	0	0	1
16	5	85	7	0	0	0	0	0	0	0	1
17	5	85	7	0	0	0	0	0	0	0	1
18	5	85	7	0	0	0	0	0	0	0	1
19	5	85	7	0	0	0	0	0	0	0	1
20	5	85	7	0	0	0	0	0	0	0	1
21	5	85	7	0	0	0	0	0	0	0	1
22	5	85	7	0	0	0	0	0	0	0	1
23	5	85	7	0	0	0	0	0	0	0	1
24	5	85	7	0	0	0	0	0	0	0	1
25	5	85	7	0	0	0	0	0	0	0	1
26	5	85	7	0	0	0	0	0	0	0	1
27	5	85	7	0	0	0	0	0	0	0	1
28	5	85	7	0	0	0	0	0	0	0	1
29	5	85	7	0	0	0	0	0	0	0	1
30	5	85	7	0	0	0	0	0	0	0	1
31	5	85	7	0	0	0	0	0	0	0	1
32	5	85	7	0	0	0	0	0	0	0	1
33	5	85	7	0	0	0	0	0	0	0	1
34	5	85	7	0	0	0	0	0	0	0	1
35	5	85	7	0	0	0	0	0	0	0	1
36	5	85	7	0	0	0	0	0	0	0	1
37	5	85	7	0	0	0	0	0	0	0	1
38	5	85	7	0	0	0	0	0	0	0	1
39	5	85	7	0	0	0	0	0	0	0	1
40	5	85	7	0	0	0	0	0	0	0	1
41	5	85	7	0	0	0	0	0	0	0	1
42	5	85	7	0	0	0	0	0	0	0	1
43	5	85	7	0	0	0	0	0	0	0	1
44	5	85	7	0	0	0	0	0	0	0	1
45	5	85	7	0	0	0	0	0	0	0	1
46	5	85	7	0	0	0	0	0	0	0	1
47	5	85	7	0	0	0	0	0	0	0	1
48	5	85	7	0	0	0	0	0	0	0	1
49	5	85	7	0	0	0	0	0	0	0	1
50	5	85	7	0	0	0	0	0	0	0	1
51	5	85	7	0	0	0	0	0	0	0	1
52	5	85	7	0	0	0	0	0	0	0	1
53	5	85	7	0	0	0	0	0	0	0	1
54	5	85	7	0	0	0	0	0	0	0	1
55	5	85	7	0	0	0	0	0	0	0	1
56	5	85	7	0	0	0	0	0	0	0	1
57	5	85	7	0	0	0	0	0	0	0	1
58	5	85	7	0	0	0	0	0	0	0	1
59	5	85	7	0	0	0	0	0	0	0	1
60	5	85	7	0	0	0	0	0	0	0	1
61	5	85	7	0	0	0	0	0	0	0	1
62	5	85	7	0	0	0	0	0	0	0	1
63	5	85	7	0	0	0	0	0	0	0	1
64	5	85	7	0	0	0	0	0	0	0	1
65	5	85	7	0	0	0	0	0	0	0	1
66	5	85	7	0	0	0	0	0	0	0	1
67	5	85	7	0	0	0	0	0	0	0	1
68	5	85	7	0	0	0	0	0	0	0	1
69	5	85	7	0	0	0	0	0	0	0	1
70	5	85	7	0	0	0	0	0	0	0	1
71	5	85	7	0	0	0	0	0	0	0	1
72	5	85	7	0	0	0	0	0	0	0	1
73	5	85	7	0	0	0	0	0	0	0	1
74	5	85	7	0	0	0	0	0	0	0	1
75	5	85	7	0	0	0	0	0	0	0	1
76	5	85	7	0	0	0	0	0	0	0	1
77	5	85	7	0	0	0	0	0	0	0	1
78	5	85	7	0	0	0	0	0	0	0	1
79	5	85	7	0	0	0	0	0	0	0	1
80	5	85	7	0	0	0	0	0	0	0	1
81	5	85	7	0	0	0	0	0	0	0	1
82	5	85	7	0	0	0	0	0	0	0	1
83	5	85	7	0	0	0	0	0	0	0	1
84	5	85	7	0	0	0	0	0	0	0	1
85	5	85	7	0	0	0	0	0	0	0	1
86	5	85	7	0	0	0	0	0	0	0	1
87	5	85	7	0	0	0	0	0	0	0	1
88	5	85	7	0	0	0	0	0	0	0	1
89	5	85	7	0	0	0	0	0	0	0	1
90	5	85	7	0	0	0	0	0	0	0	1
91	5	85	7	0	0	0	0	0	0	0	1
92	5	85	7	0	0	0	0	0	0	0	1
93	5	85	7	0	0	0	0	0	0	0	1
94	5	85	7	0	0	0	0	0	0	0	1
95	5	85	7	0	0	0	0	0	0	0	1
96	5	85	7	0	0	0	0	0	0	0	1
97	5	85	7	0	0	0	0	0	0	0	1
98	5	85	7	0	0	0	0	0	0	0	1
99	5	85	7	0	0	0	0	0	0	0	1
100	5	85	7	0	0	0	0	0	0	0	1
101	5	85	7	0	0	0	0	0	0	0	1
102	5	85	7	0	0	0	0	0	0	0	1
103	5	85	7	0	0	0	0	0	0	0	1
104	5	85	7	0	0	0	0	0	0	0	1
105	5	85	7	0	0	0	0	0	0	0	1
106	5	85	7	0	0	0	0	0	0	0	1
107	5	85	7	0	0	0	0	0	0	0	1
108	5	85	7	0	0	0	0	0	0	0	1
109	5	85	7	0	0	0	0	0	0	0	1
110	5	85	7	0	0	0	0	0	0	0	1
111	5	85	7	0	0	0	0	0	0	0	1
112	5	85	7	0	0	0	0	0	0	0	1
113	5	85	7	0	0	0	0	0	0	0	1
114	5	85	7	0	0	0	0	0	0	0	1
115	5	85	7	0	0	0	0	0	0	0	1
116	5	85	7	0	0	0	0	0	0	0	1
117	5	85	7	0	0	0	0	0	0	0	1
118	5	85	7	0	0	0	0	0	0	0	1
119	5	85	7	0	0	0	0	0	0	0	1
120	5	85	7	0	0	0	0	0	0	0	1
121	5	85	7	0	0	0	0	0	0	0	1
122	5	85	7	0	0	0	0	0	0	0	1
123	5	85	7	0	0	0	0	0	0	0	1
124	5	85	7	0	0	0	0	0	0	0	1
125	5	85	7	0	0	0	0	0	0	0	1
126	5	85	7	0	0	0	0	0	0	0	1
127	5	85	7	0	0	0	0	0	0	0	1
128	5	85	7	0	0	0	0	0	0	0	1
129	5	85	7	0	0	0	0	0	0	0	1
130	5	85	7	0	0	0	0	0	0	0	1
131	5	85	7	0	0	0	0	0	0	0	1
132	5	85	7	0	0	0	0	0	0	0	1
133	5	85	7	0	0	0	0	0	0	0	1
134	5	85	7	0	0	0	0	0	0	0	1
135	5	85	7	0	0	0	0	0	0	0	1
136	5	85	7	0	0	0	0	0	0	0	1
137	5	85	7	0	0	0	0	0	0	0	1
138	5	85	7	0	0	0	0	0	0	0	1
139	5	85	7	0	0	0	0	0	0	0	1
140	5	85	7	0	0	0	0	0	0	0	1
141	5	85	7	0	0	0	0	0	0	0	1
142	5	85	7	0	0	0	0	0	0	0	1
143	5	85	7	0	0	0	0	0	0	0	1
144	5	85	7	0	0	0	0	0	0	0	1
145	5	85	7	0	0	0	0	0	0	0	1
146	5	85	7	0	0	0	0	0	0	0	1
147	5	85	7	0	0	0	0	0	0	0	1
148	5	85	7	0	0	0	0	0	0	0	1
149	5	85	7	0	0	0	0	0	0	0	1
150	5	85	7	0	0	0	0	0	0	0	1
151	5	85	7	0	0	0	0	0	0	0	1
152	5	85	7	0	0	0	0	0	0	0	1
153	5	85	7	0	0	0	0	0	0	0	1
154	5	85	7	0	0	0	0	0	0	0	1
155	5	85	7	0	0	0	0	0	0	0	1
156	5	85	7	0	0	0	0	0	0	0	1
157	5	85	7	0	0	0	0	0	0	0	1
158	5	85	7	0	0	0	0	0	0	0	1
159	5	85	7	0	0	0	0	0	0	0	1
160	5	85	7	0	0	0	0	0	0	0	1
161	5	85	7	0	0	0	0	0	0	0	1
162	5	85	7	0	0	0	0	0	0	0	1
163	5	85	7	0	0	0	0	0	0	0	1
164	5	85	7	0	0	0	0	0	0	0	1
165	5	85	7	0	0	0	0	0	0	0	1
166	5	85	7	0	0	0	0	0	0	0	1
167	5	85	7	0	0	0	0	0	0	0	1
168	5	85	7	0	0	0	0	0	0	0	1
169	5	85	7	0	0	0	0	0	0	0	1
170	5	85	7	0	0	0	0	0	0	0	1
171	5	85	7	0	0	0	0	0	0	0	1
172	5	85	7	0	0	0	0	0	0	0	1
173	5	85	7	0	0	0	0	0	0	0	1
174	5	85	7	0	0	0	0	0	0	0	1
175	5	85	7	0	0	0	0	0	0	0	1
176	5	85	7	0	0	0	0	0	0	0	1
177	5	85	7	0	0	0	0	0	0	0	1
178	5	85	7	0	0	0	0	0	0	0	1
179	5	85	7	0	0	0	0	0	0	0	1
180	5	85	7	0	0	0	0	0	0	0	1
181	5	85	7	0	0	0	0	0	0	0	1
182	5	85	7	0	0	0	0	0	0	0	1
183	5	85	7	0	0	0	0	0	0	0	1
184	5	85	7	0	0	0	0	0	0	0	1
185	5	85	7	0	0	0	0	0	0	0	1
186	5	85	7	0	0	0	0	0	0	0	1
187	5	85	7	0	0	0	0	0	0	0	1
188	5	85	7	0	0	0	0	0	0	0	1
189	5	85	7	0	0	0	0	0	0	0	1
190	5	85	7	0	0	0	0	0	0	0	1
191	5	85	7	0	0	0	0	0	0	0	1
192	5	85	7	0	0	0	0	0	0	0	1
193	5	85	7	0	0	0	0	0	0	0	1
194	5	85	7	0	0	0	0	0	0	0	1
195	5	85	7	0	0	0	0	0	0	0	1
196	5	85	7	0	0	0	0	0	0	0	1
197	5	85	7	0	0	0	0	0	0	0	1
198	5	85	7	0	0	0	0	0	0	0	1
199	5	85	7	0	0	0	0	0	0	0	1
200	5	85	7	0	0	0	0	0	0	0	1
201	5	85	7	0	0	0	0	0	0	0	1
202	5	85	7	0	0	0	0	0	0	0	1
203	5	85	7	0	0	0	0	0	0	0	1
204	5	85	7	0	0	0	0	0	0	0	1
205	5	85	7	0	0	0	0	0	0	0	1
206	5	85	7	0	0	0	0	0	0	0	1
207	5	85	7	0	0	0	0	0	0	0	1
208	5	85	7	0	0	0	0	0	0	0	1
209	5	85	7	0	0	0	0	0	0	0	1
210	5	85	7	0	0	0	0	0	0	0	1
211	5	85	7	0	0	0	0	0	0	0	1
212	5	85	7	0	0	0	0	0	0	0	1
213	5	85	7	0	0	0	0	0	0	0	1
214	5	85	7	0	0	0	0	0	0	0	1
215	5	85	7	0	0	0	0	0	0	0	1
216	5	85	7	0	0	0	0	0	0	0	1
217	5	85	7	0	0	0	0	0	0	0	1
218	5	85	7	0	0	0	0	0	0	0	1
219	5	85	7	0	0	0	0	0	0	0	1
220	5	85	7	0	0	0	0	0	0	0	1
221	5	85	7	0	0	0	0	0	0	0	1
222	5	85	7	0	0	0	0	0	0	0	1
223	5	85	7	0	0	0	0	0	0	0	1
224	5	85	7	0	0	0	0	0	0	0	1
225	5	85	7	0	0	0	0	0	0	0	1
226	5	85	7	0	0	0	0	0	0	0	1
227	5	85	7	0	0	0	0	0	0	0	1
228	5	85	7	0	0	0	0	0	0	0	1
229	5	85	7	0	0	0	0	0	0	0	1
230	5	85	7	0	0	0	0	0	0	0	1
231	5	85	7	0	0	0	0	0	0	0	1
232	5	85	7	0	0	0	0	0	0	0	1
233	5	85	7	0	0	0	0	0	0	0	1
234	5	85	7	0	0	0	0	0	0	0	1
235	5	85	7	0	0	0	0	0	0	0	1
236	5	85	7	0	0	0	0	0	0	0	1
237	5	85	7	0	0	0	0	0	0	0	1
238	5	85	7	0	0	0	0	0	0	0	1
239	5	85	7	0	0	0	0	0	0	0	1
240	5	85	7	0	0	0	0	0	0	0	1
241	5	85	7	0	0	0	0	0	0	0	1
242	5	85	7	0	0	0	0	0	0	0	1
243	5	85	7	0	0	0	0	0	0	0	1
244	5	85	7	0	0	0	0	0	0	0	1
245	5	85	7	0	0	0	0	0	0	0	1
246	5	85	7	0	0	0	0	0	0	0	1
247	5	85	7	0	0	0	0	0	0	0	1
248	5	85	7	0	0	0	0	0	0	0	1
249	5	85	7	0	0	0	0	0	0	0	1
250	5	85	7	0	0	0	0	0	0	0	1
251	5	85	7	0	0	0	0	0	0	0	1
252	5	85	7	0	0	0	0	0	0	0	1
253	5	85	7	0	0	0	0	0	0	0	1
254	5	85	7	0	0	0	0	0	0	0	1
255	5	85	7	0	0	0	0	0	0	0	1
256	5	85	7	0	0	0	0	0	0	0	1
257	5	85	7	0	0	0	0	0	0	0	1
258	5	85	7	0	0	0	0	0	0	0	1
259	5	85	7	0	0	0	0	0	0	0	1
260	5	85	7	0	0	0	0	0	0	0	1
261	5	85	7	0	0	0	0	0	0	0	1
262	5	85	7	0	0	0	0	0	0	0	1
263	5	85	7	0	0	0	0	0	0	0	1
264	5	85	7	0	0	0	0	0	0	0	1
265	5	85	7	0	0	0	0	0	0	0	1
266	5	85	7	0	0	0	0	0	0	0	1
267	5	85	7	0	0	0	0	0	0	0	1
268	5	85	7	0	0	0	0	0	0	0	1
269	5	85	7	0	0	0	0	0	0	0	1
270	5	85	7	0	0	0	0	0	0	0	1
271	5	85	7	0	0	0	0	0	0	0	1
272	5	85	7	0	0	0	0	0	0	0	1
273	5	85	7	0	0	0	0	0	0	0	1
274	5	85	7	0	0	0	0	0	0	0	1
275	5	85	7	0	0	0	0	0	0	0	1
276	5	85	7	0	0	0	0	0	0	0	1
277	5	85	7	0	0	0	0	0	0	0	1
278	5	85	7	0	0	0	0	0	0	0	1
279	5	85	7	0	0	0	0	0	0	0	1
280	5	85	7	0	0	0	0	0	0	0	1
281	5	85	7	0	0	0	0	0	0	0	1
282	5	85	7	0	0	0	0	0	0	0	1
283	5	85	7	0	0	0	0	0	0	0	1
284	5	85	7	0	0	0	0	0	0	0	1
285	5	85	7	0	0	0	0	0	0	0	1
286	5	85	7	0	0	0	0	0	0	0	1
287	5	85	7	0	0	0	0	0	0	0	1
288	5	85	7	0	0	0	0	0	0	0	1
289	5	85	7	0	0	0	0	0	0	0	1
290	5	85	7	0	0	0	0	0	0	0	1
291	5	85	7	0	0	0	0	0	0	0	1
292	5	85	7	0	0	0	0	0	0	0	1
293	5	85	7	0	0	0	0	0	0	0	1
294	5	85	7	0	0	0	0	0	0	0	1
295	5	85	7	0	0	0	0	0	0	0	1
296	5	85	7	0	0	0	0	0	0	0	1
297	5	85	7	0	0	0	0	0	0	0	1
298	5	85	7	0	0	0	0	0	0	0	1
299	5	85	7	0	0	0	0	0	0	0	1
300	5	85	7	0	0	0	0	0	0	0	1
301	5	85	7	0	0	0	0	0	0	0	1
302	5	85	7	0	0	0	0	0	0	0	1
303	5	85	7	0	0	0	0	0	0	0	1
304	5	85	7	0	0	0	0	0	0	0	1
305	5	85	7	0	0	0	0	0	0	0	1
306	5	85	7	0	0	0	0	0	0	0	1
307	5	85	7	0	0	0	0	0	0	0	1
308	5	85	7	0	0	0	0	0	0	0	1
309	5	85	7	0	0	0	0	0	0	0	1
310	5	85	7	0	0	0	0	0	0	0	1
311	5	85	7	0	0	0	0	0	0	0	1
312	5	85	7	0	0	0	0	0	0	0	1
313	5	85	7	0	0	0	0	0	0	0	1
314	5	85	7	0	0	0	0	0	0	0	1
315	5	85	7	0	0	0	0	0	0	0	1
316	5	85	7	0	0	0	0	0	0	0	1
317	5	85	7	0	0	0	0	0	0	0	1
318	5	85	7	0	0	0	0	0	0	0	1
319	5	85	7	0	0	0	0	0	0	0	1
320	5	85	7	0	0	0	0	0	0	0	1
321	5	85	7	0	0	0	0	0	0	0	1
322	5	85	7	0	0	0	0	0	0	0	1
323	5	85	7	0	0	0	0	0	0	0	1
324	5	85	7	0	0	0	0	0	0	0	1
325	5	85	7	0	0	0	0	0	0	0	1
326	5	85	7	0	0	0	0	0	0	0	1
327	5	85	7	0	0	0	0	0	0	0	1
328	5	85	7	0	0	0	0	0	0	0	1
329	5	85	7	0	0	0	0	0	0	0	1
330	5	85	7	0	0	0	0	0	0	0	1
331	5	85	7	0	0	0	0	0	0	0	1
332	5	85	7	0	0	0	0	0	0	0	1
333	5	85	7	0	0	0	0	0	0	0	1
334	5	85	7	0	0	0	0	0	0	0	1
335	5	85	7	0	0	0	0	0	0	0	1
336	5	85	7	0	0	0	0	0	0	0	1
337	5	85	7	0	0	0	0	0	0	0	1
338	5	85	7	0	0	0	0	0	0	0	1
339	5	85	7	0	0	0	0	0	0	0	1
340	5	85	7	0	0	0	0	0	0	0	1
341	5	85	7	0	0	0	0	0	0	0	1
342	5	85	7	0	0	0	0	0	0	0	1
343	5	85	7	0	0	0	0	0	0	0	1
344	5	85	7	0	0	0	0	0	0	0	1
345	5	85	7	0	0	0	0	0	0	0	1
346	5	85	7	0	0	0	0	0	0	0	1
347	5	85	7	0	0	0	0	0	0	0	1
348	5	85	7	0	0	0	0	0	0	0	1
349	5	85	7	0	0	0	0	0	0	0	1
350	5	85	7	0	0	0	0	0	0	0	1
351	5	85	7	0	0	0	0	0	0	0	1
352	5	85	7	0	0	0	0	0	0	0	1
353	5	85	7	0	0	0	0	0	0	0	1
354	5	85	7	0	0	0	0	0	0	0	1
355	5	85	7	0	0	0	0	0	0	0	1
356	5	85	7	0	0	0	0	0	0	0	1
357	5	85	7	0	0	0	0	0	0	0	1
358	5	85	7	0	0	0	0	0	0	0	1
359	5	85	7	0	0	0	0	0	0	0	1
360	5	85	7	0	0	0	0	0	0	0	1
361	5	85	7	0	0	0	0	0	0	0	1
362	5	85	7	0	0	0	0	0	0	0	1
363	5	85	7	0	0	0	0	0	0	0	1
364	5	85	7	0	0	0	0	0	0	0	1
365	5	85	7	0	0	0	0	0	0	0	1
366	5	85	7	0	0	0	0	0	0	0	1
367	5	85	7	0	0	0	0	0	0	0	1
368	5	85	7	0	0	0	0	0	0	0	1
369	5	85	7	0	0	0	0	0	0	0	1
370	5	85	7	0	0	0	0	0	0	0	1
371	5	85	7	0	0	0	0	0	0	0	1
372	5	85	7	0	0	0	0	0	0	0	1
373	5	85	7	0	0	0	0	0	0	0	1
374	5	85	7	0	0	0	0	0	0	0	1
375	5	85	7	0	0	0	0	0	0	0	1
376	5	85	7	0	0	0	0	0	0	0	1
377	5	85	7	0	0	0	0	0	0	0	1
378	5	85	7	0	0	0	0	0	0	0	1
379	5	85	7	0	0	0	0	0	0	0	1
380	5	85	7	0	0	0	0	0	0	0	1
381	5	85	7	0	0	0	0	0	0	0	1
382	5	85	7	0	0	0	0	0	0	0	1
383	5	85	7	0	0	0	0	0	0	0	1
384	5	85	7	0	0	0	0	0	0	0	1
385	5	85	7	0	0	0	0	0	0	0	1
386	5	85	7	0	0	0	0	0	0	0	1
387	5	85	7	0	0	0	0	0	0	0	1
388	5	85	7	0	0	0	0	0	0	0	1
389	5	85	7	0	0	0	0	0	0	0	1
390	5	85	7	0	0	0	0	0	0	0	1
391	5	85	7	0	0	0	0	0	0	0	1
392	5	85	7	0	0	0	0	0	0	0	1
393	5	85	7	0	0	0	0	0	0	0	1
394	5	85	7	0	0	0	0	0	0	0	1
395	5	85	7	0	0	0	0	0	0	0	1
396	5	85	7	0	0	0	0	0	0	0	1
397	5	85	7	0	0	0	0	0	0	0	1
398	5	85	7	0	0	0	0	0	0	0	1
399	5	85	7	0	0	0	0	0	0	0	1
400	5	85	7	0	0	0	0	0	0	0	1
401	5	85	7	0	0	0	0	0	0	0	1
402	5	85	7	0	0	0	0	0	0	0	1
403	5	85	7	0	0	0	0	0	0	0	1
404	5	85	7	0	0	0	0	0	0	0	1
405	5	85	7	0	0	0	0	0	0	0	1
406	5	85	7	0	0	0	0	0	0	0	1
407	5	85	7	0	0	0	0	0	0	0	1
408	5	85	7	0	0	0	0	0	0	0	1
409	5	85	7	0	0	0	0	0	0	0	1
410	5	85	7	0	0	0	0	0	0	0	1
411	5	85	7	0	0	0	0	0	0	0	1
412	5	85	7	0	0	0	0	0	0	0	1
413	5	85	7	0	0	0	0	0	0	0	1
414	5	85	7	0	0	0	0	0	0	0	1
415	5	85	7	0	0	0	0	0	0	0	1
416	5	85	7	0	0	0	0	0	0	0	1
417	5	85	7	0	0	0	0	0	0	0	1
418	5	85	7	0	0	0	0	0	0	0	1
419	5	85	7	0	0	0	0	0	0	0	1
420	5	85	7	0	0	0	0	0	0	0	1
421	5	85	7	0	0	0	0	0	0	0	1
422	5	85	7	0	0	0	0	0	0	0	1
423	5	85	7	0	0	0	0	0	0	0	1
424	5	85	7	0	0	0	0	0	0	0	1
425	5	85	7	0	0	0	0	0	0	0	1
426	5	85	7	0	0	0	0	0	0	0	1
427	5	85	7	0	0	0	0	0	0	0	1
428	5	85	7	0	0	0	0	0	0	0	1
429	5	85	7	0	0	0	0	0	0	0	1
430	5	85	7	0	0	0	0	0	0	0	1
431	5	85	7	0	0	0	0	0	0	0	1
432	5	85	7	0	0	0	0	0	0	0	1
433	5	85	7	0	0	0	0	0	0	0	1
434	5	85	7	0	0	0	0	0	0	0	1
435	5	85	7	0	0	0	0	0	0	0	1
436	5	85	7	0	0	0	0	0	0	0	1
437	6	85	7	0	0	0	0	0	0	1	1
438	7	85	7	0	0	0	0	0	0	1	1
439	7	85	7	0	0	0	0	0	0	1	1
440	7	85	7	0	0	0	0	0	0	1	1
441	7	85	7	0	0	0	0	0	0	1	1
442	7	85	7	0	0	0	0	0	0	1	1
443	7	85	7	0	0	0	0	0	0	1	1
444	7	85	7	0	0	0	0	0	0	1	1
445	7	85	7	0	0	0	0	0	0	1	1
446	7	85	7	0	0	0	0	0	0	1	1
447	7	85	7	0	0	0	0	0	0	1	1
448	7	85	7	0	0	0	0	0	0	1	1
449	7	85	7	0	0	0	0	0	0	1	1
450	7	85	7	0	0	0	0	0	0	1	1
451	7	85	7	0	0	0	0	0	0	1	1
452	7	85	7	0	0	0	0	0	0	1	1
453	7	85	7	0	0	0	0	0	0	1	1
454	7	85	7	0	0	0	0	0	0	1	1
455	7	85	7	0	0	0	0	0	0	1	1
456	7	85	7	0	0	0	0	0	0	1	1
457	7	85	7	0	0	0	0	0	0	1	1
458	7	85	7	0	0	0	0	0	0	1	1
459	7	85	7	0	0	0	0	0	0	1	1
460	7	85	7	0	0	0	0	0	0	1	1
461	7	85	7	0	0	0	0	0	0	1	1
462	7	85	7	0	0	0	0	0	0	1	1
463	7	85	7	0	0	0	0	0	0	1	1
464	7	85	7	0	0	0	0	0	0	1	1
465	7	85	7	0	0	0	0	0	0	1	1
466	7	85	7	0	0	0	0	0	0	1	1
467	7	85	7	0	0	0	0	0	0	1	1
468	7	85	7	0	0	0	0	0	0	1	1
469	7	85	7	0	0	0	0	0	0	1	1
470	7	85	7	0	0	0	0	0	0	1	1
471	7	85	7	0	0	0	0	0	0	1	1
472	7	85	7	0	0	0	0	0	0	1	1
473	7	85	7	0	0	0	0	0	0	1	1
474	7	85	7	0	0	0	0	0	0	1	1
475	7	85	7	0	0	0	0	0	0	1	1
476	7	85	7	0	0	0	0	0	0	1	1
477	7	85	7	0	0	0	0	0	0	1	1
478	7	85	7	0	0	0	0	0	0	1	1
479	7	85	7	0	0	0	0	0	0	1	1
480	7	85	7	0	0	0	0	0	0	1	1
481	7	85	7	0	0	0	0	0	0	1	1
482	7	85	7	0	0	0	0	0	0	1	1
483	7	85	7	0	0	0	0	0	0	1	1
484	7	85	7	0	0	0	0	0	0	1	1
485	7	85	7	0	0	0	0	0	0	1	1
486	7	85	7	0	0	0	0	0	0	1	1
487	7	85	7	0	0	0	0	0	0	1	1
488	7	85	7	0	0	0	0	0	0	1	1
489	7	85	7	0	0	0	0	0	0	1	1
490	7	85	7	0	0	0	0	0	0	1	1
491	7	85	7	0	0	0	0	0	0	1	1
492	7	85	7	0	0	0	0	0	0	1	1
493	7	85	7	0	0	0	0	0	0	1	1
494	7	85	7	0	0	0	0	0	0	1	1
495	7	85	7	0	0	0	0	0	0	1	1
496	7	85	7	0	0	0	0	0	0	1	1
497	7	85	7	0	0	0	0	0	0	1	1
498	7	85	7	0	0	0	0	0	0	1	1
499	7	85	7	0	0	0	0	0	0	1	1
500	7	85	7	0	0	0	0	0	0	1	1
501	7	85	7	0	0	0	0	0	0	1	1
502	7	85	7	0	0	0	0	0	0	1	1
503	7	85	7	0	0	0	0	0	0	1	1
504	7	85	7	0	0	0	0	0	0	1	1
505	7	85	7	0	0	0	0	0	0	1	1
506	7	85	7	0	0	0	0	0	0	1	1
507	7	85	7	0	0	0	0	0	0	1	1
508	7	85	7	0	0	0	0	0	0	1	1
509	7	85	7	0	0	0	0	0	0	1	1
510	7	85	7	0	0	0	0	0	0	1	1
511	7	85	7	0	0	0	0	0	0	1	1
512	7	85	7	0	0	0	0	0	0	1	1
513	7	85	7	0	0	0	0	0	0	1	1
514	7	85	7	0	0	0	0	0	0	1	1
515	7	85	7	0	0	0	0	0	0	1	1
516	7	85	7	0	0	0	0	0	0	1	1
517	7	85	7	0	0	0	0	0	0	1	1
518	7	85	7	0	0	0	0	0	0	1	1
519	7	85	7	0	0	0	0	0	0	1	1
520	7	85	7	0	0	0	0	0	0	1	1
521	7	85	7	0	0	0	0	0	0	1	1
522	7	85	7	0	0	0	0	0	0	1	1
523	7	85	7	0	0	0	0	0	0	1	1
524	7	85	7	0	0	0	0	0	0	1	1
525	7	85	7	0	0	0	0	0	0	1	1
526	7	85	7	0	0	0	0	0	0	1	1
527	7	85	7	0	0	0	0	0	0	1	1
528	7	85	7	0	0	0	0	0	0	1	1
529	7	85	7	0	0	0	0	0	0	1	1
530	7	85	7	0	0	0	0	0	0	1	1
531	7	85	7	0	0	0	0	0	0	1	1
532	7	85	7	0	0	0	0	0	0	1	1
533	7	85	7	0	0	0	0	0	0	1	1
534	7	85	7	0	0	0	0	0	0	1	1
535	7	85	7	0	0	0	0	0	0	1	1
536	7	85	7	0	0	0	0	0	0	1	1
537	7	85	7	0	0	0	0	0	0	1	1
538	7	85	7	0	0	0	0	0	0	1	1
539	7	85	7	0	0	0	0	0	0	1	1
540	7	85	7	0	0	0	0	0	0	1	1
541	7	85	7	0	0	0	0	0	0	1	1
542	7	85	7	0	0	0	0	0	0	1	1
543	7	85	7	0	0	0	0	0	0	1	1
544	7	85	7	0	0	0	0	0	0	1	1
545	7	85	7	0	0	0	0	0	0	1	1
546	7	85	7	0	0	0	0	0	0	1	1
547	7	85	7	0	0	0	0	0	0	1	1
548	7	85	7	0	0	0	0	0	0	1	1
549	7	85	7	0	0	0	0	0	0	1	1
550	7	85	7	0	0	0	0	0	0	1	1
551	7	85	7	0	0	0	0	0	0	1	1
552	7	85	7	0	0	0	0	0	0	1	1
553	7	85	7	0	0	0	0	0	0	1	1
554	7	85	7	0	0	0	0	0	0	1	1
555	7	85	7	0	0	0	0	0	0	1	1
556	7	85	7	0	0	0	0	0	0	1	1
557	7	85	7	0	0	0	0	0	0	1	1
558	7	85	7	0	0	0	0	0	0	1	1
559	7	85	7	0	0	0	0	0	0	1	1
560	7	85	7	0	0	0	0	0	0	1	1
561	7	85	7	0	0	0	0	0	0	1	1
562	7	85	7	0	0	0	0	0	0	1	1
563	7	85	7	0	0	0	0	0	0	1	1
564	7	85	7	0	0	0	0	0	0	1	1
565	7	85	7	0	0	0	0	0	0	1	1
566	7	85	7	0	0	0	0	0	0	1	1
567	7	85	7	0	0	0	0	0	0	1	1
568	7	85	7	0	0	0	0	0	0	1	1
569	7	85	7	0	0	0	0	0	0	1	1
570	7	85	7	0	0	0	0	0	0	1	1
571	7	85	7	0	0	0	0	0	0	1	1
572	7	85	7	0	0	0	0	0	0	1	1
573	7	85	7	0	0	0	0	0	0	1	1
574	7	85	7	0	0	0	0	0	0	1	1
575	7	85	7	0	0	0	0	0	0	1	1
576	7	85	7	0	0	0	0	0	0	1	1
577	7	85	7	0	0	0	0	0	0	1	1
578	7	85	7	0	0	0	0	0	0	1	1
579	7	85	7	0	0	0	0	0	0	1	1
580	7	85	7	0	0	0	0	0	0	1	1
581	7	85	7	0	0	0	0	0	0	1	1
582	7	85	7	0	0	0	0	0	0	1	1
583	7	85	7	0	0	0	0	0	0	1	1
584	7	85	7	0	0	0	0	0	0	1	1
585	7	85	7	0	0	0	0	0	0	1	1
586	7	85	7	0	0	0	0	0	0	1	1
587	7	85	7	0	0	0	0	0	0	1	1
588	7	85	7	0	0	0	0	0	0	1	1
589	7	85	7	0	0	0	0	0	0	1	1
590	7	85	7	0	0	0	0	0	0	1	1
591	7	85	7	0	0	0	0	0	0	1	1
592	7	85	7	0	0	0	0	0	0	1	1
593	7	85	7	0	0	0	0	0	0	1	1
594	7	85	7	0	0	0	0	0	0	1	1
595	7	85	7	0	0	0	0	0	0	1	1
596	7	85	7	0	0	0	0	0	0	1	1
597	7	85	7	0	0	0	0	0	0	1	1
598	7	85	7	0	0	0	0	0	0	1	1
599	7	85	7	0	0	0	0	0	0	1	1
600	7	85	7	0	0	0	0	0	0	1	1
601	7	85	7	0	0	0	0	0	0	1	1
602	7	85	7	0	0	0	0	0	0	1	1
603	7	85	7	0	0	0	0	0	0	1	1
604	7	85	7	0	0	0	0	0	0	1	1
605	7	85	7	0	0	0	0	0	0	1	1
606	7	85	7	0	0	0	0	0	0	1	1
607	7	85	7	0	0	0	0	0	0	1	1
608	7	85	7	0	0	0	0	0	0	1	1
609	7	85	7	0	0	0	0	0	0	1	1
610	7	85	7	0	0	0	0	0	0	1	1
611	7	85	7	0	0	0	0	0	0	1	1
612	7	85	7	0	0	0	0	0	0	1	1
613	7	85	7	0	0	0	0	0	0	1	1
614	7	85	7	0	0	0	0	0	0	1	1
615	7	85	7	0	0	0	0	0	0	1	1
616	7	85	7	0	0	0	0	0	0	1	1
617	7	85	7	0	0	0	0	0	0	1	1
618	7	85	7	0	0	0	0	0	0	1	1
619	7	85	7	0	0	0	0	0	0	1	1
620	7	85	7	0	0	0	0	0	0	1	1
621	7	85	7	0	0	0	0	0	0	1	1
622	7	85	7	0	0	0	0	0	0	1	1
623	7	85	7	0	0	0	0	0	0	1	1
624	7	85	7	0	0	0	0	0	0	1	1
625	7	85	7	0	0	0	0	0	0	1	1
626	7	85	7	0	0	0	0	0	0	1	1
627	7	85	7	0	0	0	0	0	0	1	1
628	7	85	7	0	0	0	0	0	0	1	1
629	7	85	7	0	0	0	0	0	0	1	1
630	7	85	7	0	0	0	0	0	0	1	1
631	7	85	7	0	0	0	0	0	0	1	1
632	7	85	7	0	0	0	0	0	0	1	1
633	7	85	7	0	0	0	0	0	0	1	1
634	7	85	7	0	0	0	0	0	0	1	1
635	7	85	7	0	0	0	0	0	0	1	1
636	7	85	7	0	0	0	0	0	0	1	1
637	7	85	7	0	0	0	0	0	0	1	1
638	7	85	7	0	0	0	0	0	0	1	1
639	7	85	7	0	0	0	0	0	0	1	1
640	7	85	7	0	0	0	0	0	0	1	1
641	7	85	7	0	0	0	0	0	0	1	1
642	7	85	7	0	0	0	0	0	0	1	1
643	7	85	7	0	0	0	0	0	0	1	1
644	7	85	7	0	0	0	0	0	0	1	1
645	7	85	7	0	0	0	0	0	0	1	1
646	7	85	7	0	0	0	0	0	0	1	1
647	7	85	7	0	0	0	0	0	0	1	1
648	7	85	7	0	0	0	0	0	0	1	1
649	7	85	7	0	0	0	0	0	0	1	1
650	7	85	7	0	0	0	0	0	0	1	1
651	7	85	7	0	0	0	0	0	0	1	1
652	7	85	7	0	0	0	0	0	0	1	1
653	7	85	7	0	0	0	0	0	0	1	1
654	7	85	7	0	0	0	0	0	0	1	1
655	7	85	7	0	0	0	0	0	0	1	1
656	7	85	7	0	0	0	0	0	0	1	1
657	7	85	7	0	0	0	0	0	0	1	1
658	7	85	7	0	0	0	0	0	0	1	1
659	7	85	7	0	0	0	0	0	0	1	1
660	7	85	7	0	0	0	0	0	0	1	1
661	7	85	7	0	0	0	0	0	0	1	1
662	7	85	7	0	0	0	0	0	0	1	1
663	7	85	7	0	0	0	0	0	0	1	1
664	7	85	7	0	0	0	0	0	0	1	1
665	7	85	7	0	0	0	0	0	0	1	1
666	7	85	7	0	0	0	0	0	0	1	1
667	7	85	7	0	0	0	0	0	0	1	1
668	7	85	7	0	0	0	0	0	0	1	1
669	7	85	7	0	0	0	0	0	0	1	1
670	7	85	7	0	0	0	0	0	0	1	1
671	7	85	7	0	0	0	0	0	0	1	1
672	7	85	7	0	0	0	0	0	0	1	1
673	7	85	7	0	0	0	0	0	0	1	1
674	7	85	7	0	0	0	0	0	0	1	1
675	7	85	7	0	0	0	0	0	0	1	1
676	7	85	7	0	0	0	0	0	0	1	1
677	7	85	7	0	0	0	0	0	0	1	1
678	7	85	7	0	0	0	0	0	0	1	1
679	7	85	7	0	0	0	0	0	0	1	1
680	7	85	7	0	0	0	0	0	0	1	1
681	7	85	7	0	0	0	0	0	0	1	1
682	7	85	7	0	0	0	0	0	0	1	1
683	7	85	7	0	0	0	0	0	0	1	1
684	7	85	7	0	0	0	0	0	0	1	1
685	7	85	7	0	0	0	0	0	0	1	1
686	7	85	7	0	0	0	0	0	0	1	1
687	7	85	7	0	0	0	0	0	0	1	1
688	7	85	7	0	0	0	0	0	0	1	1
689	7	85	7	0	0	0	0	0	0	1	1
690	7	85	7	0	0	0	0	0	0	1	1
691	7	85	7	0	0	0	0	0	0	1	1
692	7	85	7	0	0	0	0	0	0	1	1
693	7	85	7	0	0	0	0	0	0	1	1
694	7	85	7	0	0	0	0	0	0	1	1
695	7	85	7	0	0	0	0	0	0	1	1
696	7	85	7	0	0	0	0	0	0	1	1
697	7	85	7	0	0	0	0	0	0	1	1
698	7	85	7	0	0	0	0	0	0	1	1
699	7	85	7	0	0	0	0	0	0	1	1
700	7	85	7	0	0	0	0	0	0	1	1
701	7	85	7	0	0	0	0	0	0	1	1
702	7	85	7	0	0	0	0	0	0	1	1
703	7	85	7	0	0	0	0	0	0	1	1
704	7	85	7	0	0	0	0	0	0	1	1
705	7	85	7	0	0	0	0	0	0	1	1
706	7	85	7	0	0	0	0	0	0	1	1
707	7	85	7	0	0	0	0	0	0	1	1
708	7	85	7	0	0	0	0	0	0	1	1
709	7	85	7	0	0	0	0	0	0	1	1
710	7	85	7	0	0	0	0	0	0	1	1
711	7	85	7	0	0	0	0	0	0	1	1
712	7	85	7	0	0	0	0	0	0	1	1
713	7	85	7	0	0	0	0	0	0	1	1
714	7	85	7	0	0	0	0	0	0	1	1
715	7	85	7	0	0	0	0	0	0	1	1
716	7	85	7	0	0	0	0	0	0	1	1
717	7	85	7	0	0	0	0	0	0	1	1
718	7	85	7	0	0	0	0	0	0	1	1
719	7	85	7	0	0	0	0	0	0	1	1
720	7	85	7	0	0	0	0	0	0	1	1
721	7	85	7	0	0	0	0	0	0	1	1
722	7	85	7	0	0	0	0	0	0	1	1
723	7	85	7	0	0	0	0	0	0	1	1
724	7	85	7	0	0	0	0	0	0	1	1
725	7	85	7	0	0	0	0	0	0	1	1
726	7	85	7	0	0	0	0	0	0	1	1
727	7	85	7	0	0	0	0	0	0	1	1
728	7	85	7	0	0	0	0	0	0	1	1
729	7	85	7	0	0	0	0	0	0	1	1
730	7	85	7	0	0	0	0	0	0	1	1
731	7	85	7	0	0	0	0	0	0	1	1
732	7	85	7	0	0	0	0	0	0	1	1
733	7	85	7	0	0	0	0	0	0	1	1
734	7	85	7	0	0	0	0	0	0	1	1
735	7	85	7	0	0	0	0	0	0	1	1
736	7	85	7	0	0	0	0	0	0	1	1
737	7	85	7	0	0	0	0	0	0	1	1
738	7	85	7	0	0	0	0	0	0	1	1
739	7	85	7	0	0	0	0	0	0	1	1
740	7	85	7	0	0	0	0	0	0	1	1
741	7	85	7	0	0	0	0	0	0	1	1
742	7	85	7	0	0	0	0	0	0	1	1
743	7	85	7	0	0	0	0	0	0	1	1
744	7	85	7	0	0	0	0	0	0	1	1
745	7	85	7	0	0	0	0	0	0	1	1
746	7	85	7	0	0	0	0	0	0	1	1
747	7	85	7	0	0	0	0	0	0	1	1
748	7	85	7	0	0	0	0	0	0	1	1
749	7	85	7	0	0	0	0	0	0	1	1
750	7	85	7	0	0	0	0	0	0	1	1
751	7	85	7	0	0	0	0	0	0	1	1
752	7	85	7	0	0	0	0	0	0	1	1
753	7	85	7	0	0	0	0	0	0	1	1
754	7	85	7	0	0	0	0	0	0	1	1
755	7	85	7	0	0	0	0	0	0	1	1
756	7	85	7	0	0	0	0	0	0	1	1
757	7	85	7	0	0	0	0	0	0	1	1
758	7	85	7	0	0	0	0	0	0	1	1
759	7	85	7	0	0	0	0	0	0	1	1
760	7	85	7	0	0	0	0	0	0	1	1
761	7	85	7	0	0	0	0	0	0	1	1
762	7	85	7	0	0	0	0	0	0	1	1
763	7	85	7	0	0	0	0	0	0	1	1
764	7	85	7	0	0	0	0	0	0	1	1
765	7	85	7	0	0	0	0	0	0	1	1
766	7	85	7	0	0	0	0	0	0	1	1
767	7	85	7	0	0	0	0	0	0	1	1
768	7	85	7	0	0	0	0	0	0	1	1
769	7	85	7	0	0	0	0	0	0	1	1
770	7	85	7	0	0	0	0	0	0	1	1
771	7	85	7	0	0	0	0	0	0	1	1
772	7	85	7	0	0	0	0	0	0	1	1
773	7	85	7	0	0	0	0	0	0	1	1
774	7	85	7	0	0	0	0	0	0	1	1
775	7	85	7	0	0	0	0	0	0	1	1
776	7	85	7	0	0	0	0	0	0	1	1
777	7	85	7	0	0	0	0	0	0	1	1
778	7	85	7	0	0	0	0	0	0	1	1
779	7	85	7	0	0	0	0	0	0	1	1
780	7	85	7	0	0	0	0	0	0	1	1
781	7	85	7	0	0	0	0	0	0	1	1
782	7	85	7	0	0	0	0	0	0	1	1
783	7	85	7	0	0	0	0	0	0	1	1
784	7	85	7	0	0	0	0	0	0	1	1
785	7	85	7	0	0	0	0	0	0	1	1
786	7	85	7	0	0	0	0	0	0	1	1
787	7	85	7	0	0	0	0	0	0	1	1
788	7	85	7	0	0	0	0	0	0	1	1
789	7	85	7	0	0	0	0	0	0	1	1
790	7	85	7	0	0	0	0	0	0	1	1
791	7	85	7	0	0	0	0	0	0	1	1
792	7	85	7	0	0	0	0	0	0	1	1
793	7	85	7	0	0	0	0	0	0	1	1
794	7	85	7	0	0	0	0	0	0	1	1
795	7	85	7	0	0	0	0	0	0	1	1
796	7	85	7	0	0	0	0	0	0	1	1
797	7	85	7	0	0	0	0	0	0	1	1
798	7	85	7	0	0	0	0	0	0	1	1
799	7	85	7	0	0	0	0	0	0	1	1
800	7	85	7	0	0	0	0	0	0	1	1
801	7	85	7	0	0	0	0	0	0	1	1
802	7	85	7	0	0	0	0	0	0	1	1
803	7	85	7	0	0	0	0	0	0	1	1
804	7	85	7	0	0	0	0	0	0	1	1
805	7	85	7	0	0	0	0	0	0	1	1
806	7	85	7	0	0	0	0	0	0	1	1
807	7	85	7	0	0	0	0	0	0	1	1
808	7	85	7	0	0	0	0	0	0	1	1
809	7	85	7	0	0	0	0	0	0	1	1
810	7	85	7	0	0	0	0	0	0	1	1
811	7	85	7	0	0	0	0	0	0	1	1
812	7	85	7	0	0	0	0	0	0	1	1
813	7	85	7	0	0	0	0	0	0	1	1
814	7	85	7	0	0	0	0	0	0	1	1
815	7	85	7	0	0	0	0	0	0	1	1
816	7	85	7	0	0	0	0	0	0	1	1
817	7	85	7	0	0	0	0	0	0	1	1
818	7	85	7	0	0	0	0	0	0	1	1
819	7	85	7	0	0	0	0	0	0	1	1
820	7	85	7	0	0	0	0	0	0	1	1
821	7	85	7	0	0	0	0	0	0	1	1
822	7	85	7	0	0	0	0	0	0	1	1
823	7	85	7	0	0	0	0	0	0	1	1
824	7	85	7	0	0	0	0	0	0	1	1
825	7	85	7	0	0	0	0	0	0	1	1
826	7	85	7	0	0	0	0	0	0	1	1
827	7	85	7	0	0	0	0	0	0	1	1
828	7	85	7	0	0	0	0	0	0	1	1
829	7	85	7	0	0	0	0	0	0	1	1
830	7	85	7	0	0	0	0	0	0	1	1
831	7	85	7	0	0	0	0	0	0	1	1
832	7	85	7	0	0	0	0	0	0	1	1
833	7	85	7	0	0	0	0	0	0	1	1
834	7	85	7	0	0	0	0	0	0	1	1
835	7	85	7	0	0	0	0	0	0	1	1
836	7	85	7	0	0	0	0	0	0	1	1
837	7	85	7	0	0	0	0	0	0	1	1
838	7	85	7	0	0	0	0	0	0	1	1
839	7	85	7	0	0	0	0	0	0	1	1
840	7	85	7	0	0	0	0	0	0	1	1
841	7	85	7	0	0	0	0	0	0	1	1
842	7	85	7	0	0	0	0	0	0	1	1
843	7	85	7	0	0	0	0	0	0	1	1
844	7	85	7	0	0	0	0	0	0	1	1
845	7	85	7	0	0	0	0	0	0	1	1
846	7	85	7	0	0	0	0	0	0	1	1
847	7	85	7	0	0	0	0	0	0	1	1
848	7	85	7	0	0	0	0	0	0	1	1
849	7	85	7	0	0	0	0	0	0	1	1
850	7	85	7	0	0	0	0	0	0	1	1
851	7	85	7	0	0	0	0	0	0	1	1
852	7	85	7	0	0	0	0	0	0	1	1
853	7	85	7	0	0	0	0	0	0	1	1
854	7	85	7	0	0	0	0	0	0	1	1
855	7	85	7	0	0	0	0	0	0	1	1
856	7	85	7	0	0	0	0	0	0	1	1
857	7	85	7	0	0	0	0	0	0	1	1
858	7	85	7	0	0	0	0	0	0	1	1
859	7	85	7	0	0	0	0	0	0	1	1
860	7	85	7	0	0	0	0	0	0	1	1
861	7	85	7	0	0	0	0	0	0	1	1
862	7	85	7	0	0	0	0	0	0	1	1
863	7	85	7	0	0	0	0	0	0	1	1
864	7	85	7	0	0	0	0	0	0	1	1
865	7	85	7	0	0	0	0	0	0	1	1
866	7	85	7	0	0	0	0	0	0	1	1
867	7	85	7	0	0	0	0	0	0	1	1
868	7	85	7	0	0	0	0	0	0	1	1
869	8	42	7	0	0	0	0	0	0	1	1
870	5	42	6	0	0	0	0	0	0	1	1
871	6	42	6	0	0	0	0	0	0	0	1
872	7	42	6	0	0	0	0	0	0	0	1
873	7	42	6	0	0	0	0	0	0	0	1
874	7	42	6	0	0	0	0	0	0	0	1
875	7	42	6	0	0	0	0	0	0	0	1
876	7	42	6	0	0	0	0	0	0	0	1
877	7	42	6	0	0	0	0	0	0	0	1
878	7	42	6	0	0	0	0	0	0	0	1
879	7	42	6	0	0	0	0	0	0	0	1
880	7	42	6	0	0	0	0	0	0	0	1
881	7	42	6	0	0	0	0	0	0	0	1
882	7	42	6	0	0	0	0	0	0	0	1
883	7	42	6	0	0	0	0	0	0	0	1
884	7	42	6	0	0	0	0	0	0	0	1
885	7	42	6	0	0	0	0	0	0	0	1
886	7	42	6	0	0	0	0	0	0	0	1
887	7	42	6	0	0	0	0	0	0	0	1
888	7	42	6	0	0	0	0	0	0	0	1
889	7	42	6	0	0	0	0	0	0	0	1
890	7	42	6	0	0	0	0	0	0	0	1
891	7	42	6	0	0	0	0	0	0	0	1
892	7	42	6	0	0	0	0	0	0	0	1
893	7	42	6	0	0	0	0	0	0	0	1
894	7	42	6	0	0	0	0	0	0	0	1
895	7	42	6	0	0	0	0	0	0	0	1
896	7	42	6	0	0	0	0	0	0	0	1
897	7	42	6	0	0	0	0	0	0	0	1
898	7	42	6	0	0	0	0	0	0	0	1
899	7	42	6	0	0	0	0	0	0	0	1
900	7	42	6	0	0	0	0	0	0	0	1
901	7	42	6	0	0	0	0	0	0	0	1
902	7	42	6	0	0	0	0	0	0	0	1
903	7	42	6	0	0	0	0	0	0	0	1
904	7	42	6	0	0	0	0	0	0	0	1
905	7	42	6	0	0	0	0	0	0	0	1
906	7	42	6	0	0	0	0	0	0	0	1
907	7	42	6	0	0	0	0	0	0	0	1
908	7	42	6	0	0	0	0	0	0	0	1
909	7	42	6	0	0	0	0	0	0	0	1
910	7	42	6	0	0	0	0	0	0	0	1
911	7	42	6	0	0	0	0	0	0	0	1
912	7	42	6	0	0	0	0	0	0	0	1
913	7	42	6	0	0	0	0	0	0	0	1
914	7	42	6	0	0	0	0	0	0	0	1
915	7	42	6	0	0	0	0	0	0	0	1
916	7	42	6	0	0	0	0	0	0	0	1
917	7	42	6	0	0	0	0	0	0	0	1
918	7	42	6	0	0	0	0	0	0	0	1
919	7	42	6	0	0	0	0	0	0	0	1
920	7	42	6	0	0	0	0	0	0	0	1
921	7	42	6	0	0	0	0	0	0	0	1
922	7	42	6	0	0	0	0	0	0	0	1
923	7	42	6	0	0	0	0	0	0	0	1
924	7	42	6	0	0	0	0	0	0	0	1
925	7	42	6	0	0	0	0	0	0	0	1
926	7	42	6	0	0	0	0	0	0	0	1
927	7	42	6	0	0	0	0	0	0	0	1
928	7	42	6	0	0	0	0	0	0	0	1
929	7	42	6	0	0	0	0	0	0	0	1
930	7	42	6	0	0	0	0	0	0	0	1
931	7	42	6	0	0	0	0	0	0	0	1
932	7	42	6	0	0	0	0	0	0	0	1
933	7	42	6	0	0	0	0	0	0	0	1
934	7	42	6	0	0	0	0	0	0	0	1
935	7	42	6	0	0	0	0	0	0	0	1
936	7	42	6	0	0	0	0	0	0	0	1
937	7	42	6	0	0	0	0	0	0	0	1
938	7	42	6	0	0	0	0	0	0	0	1
939	7	42	6	0	0	0	0	0	0	0	1
940	7	42	6	0	0	0	0	0	0	0	1
941	7	42	6	0	0	0	0	0	0	0	1
942	7	42	6	0	0	0	0	0	0	0	1
943	7	42	6	0	0	0	0	0	0	0	1
944	7	42	6	0	0	0	0	0	0	0	1
945	7	42	6	0	0	0	0	0	0	0	1
946	7	42	6	0	0	0	0	0	0	0	1
947	7	42	6	0	0	0	0	0	0	0	1
948	7	42	6	0	0	0	0	0	0	0	1
949	7	42	6	0	0	0	0	0	0	0	1
950	7	42	6	0	0	0	0	0	0	0	1
951	7	42	6	0	0	0	0	0	0	0	1
952	7	42	6	0	0	0	0	0	0	0	1
953	7	42	6	0	0	0	0	0	0	0	1
954	7	42	6	0	0	0	0	0	0	0	1
955	7	42	6	0	0	0	0	0	0	0	1
956	7	42	6	0	0	0	0	0	0	0	1
957	7	42	6	0	0	0	0	0	0	0	1
958	7	42	6	0	0	0	0	0	0	0	1
959	7	42	6	0	0	0	0	0	0	0	1
960	7	42	6	0	0	0	0	0	0	0	1
961	7	42	6	0	0	0	0	0	0	0	1
962	7	42	6	0	0	0	0	0	0	0	1
963	7	42	6	0	0	0	0	0	0	0	1
964	7	42	6	0	0	0	0	0	0	0	1
965	7	42	6	0	0	0	0	0	0	0	1
966	7	42	6	0	0	0	0	0	0	0	1
967	7	42	6	0	0	0	0	0	0	0	1
968	7	42	6	0	0	0	0	0	0	0	1
969	7	42	6	0	0	0	0	0	0	0	1
970	7	42	6	0	0	0	0	0	0	0	1
971	7	42	6	0	0	0	0	0	0	0	1
972	7	42	6	0	0	0	0	0	0	0	1
973	7	42	6	0	0	0	0	0	0	0	1
974	7	42	6	0	0	0	0	0	0	0	1
975	7	42	6	0	0	0	0	0	0	0	1
976	7	42	6	0	0	0	0	0	0	0	1
977	7	42	6	0	0	0	0	0	0	0	1
978	7	42	6	0	0	0	0	0	0	0	1
979	7	42	6	0	0	0	0	0	0	0	1
980	7	42	6	0	0	0	0	0	0	0	1
981	7	42	6	0	0	0	0	0	0	0	1
982	7	42	6	0	0	0	0	0	0	0	1
983	7	42	6	0	0	0	0	0	0	0	1
984	7	42	6	0	0	0	0	0	0	0	1
985	7	42	6	0	0	0	0	0	0	0	1
986	7	42	6	0	0	0	0	0	0	0	1
987	7	42	6	0	0	0	0	0	0	0	1
988	7	42	6	0	0	0	0	0	0	0	1
989	7	42	6	0	0	0	0	0	0	0	1
990	7	42	6	0	0	0	0	0	0	0	1
991	7	42	6	0	0	0	0	0	0	0	1
992	7	42	6	0	0	0	0	0	0	0	1
993	7	42	6	0	0	0	0	0	0	0	1
994	7	42	6	0	0	0	0	0	0	0	1
995	7	42	6	0	0	0	0	0	0	0	1
996	7	42	6	0	0	0	0	0	0	0	1
997	7	42	6	0	0	0	0	0	0	0	1
998	7	42	6	0	0	0	0	0	0	0	1
999	7	42	6	0	0	0	0	0	0	0	1
1000	7	42	6	0	0	0	0	0	0	0	1
1001	7	42	6	0	0	0	0	0	0	0	1
1002	7	42	6	0	0	0	0	0	0	0	1
1003	7	42	6	0	0	0	0	0	0	0	1
1004	7	42	6	0	0	0	0	0	0	0	1
1005	7	42	6	0	0	0	0	0	0	0	1
1006	7	42	6	0	0	0	0	0	0	0	1
1007	7	42	6	0	0	0	0	0	0	0	1
1008	7	42	6	0	0	0	0	0	0	0	1
1009	7	42	6	0	0	0	0	0	0	0	1
1010	7	42	6	0	0	0	0	0	0	0	1
1011	7	42	6	0	0	0	0	0	0	0	1
1012	7	42	6	0	0	0	0	0	0	0	1
1013	7	42	6	0	0	0	0	0	0	0	1
1014	7	42	6	0	0	0	0	0	0	0	1
1015	7	42	6	0	0	0	0	0	0	0	1
1016	7	42	6	0	0	0	0	0	0	0	1
1017	7	42	6	0	0	0	0	0	0	0	1
1018	7	42	6	0	0	0	0	0	0	0	1
1019	7	42	6	0	0	0	0	0	0	0	1
1020	7	42	6	0	0	0	0	0	0	0	1
1021	7	42	6	0	0	0	0	0	0	0	1
1022	7	42	6	0	0	0	0	0	0	0	1
1023	7	42	6	0	0	0	0	0	0	0	1
1024	7	42	6	0	0	0	0	0	0	0	1
1025	7	42	6	0	0	0	0	0	0	0	1
1026	7	42	6	0	0	0	0	0	0	0	1
1027	7	42	6	0	0	0	0	0	0	0	1
1028	7	42	6	0	0	0	0	0	0	0	1
1029	7	42	6	0	0	0	0	0	0	0	1
1030	7	42	6	0	0	0	0	0	0	0	1
1031	7	42	6	0	0	0	0	0	0	0	1
1032	7	42	6	0	0	0	0	0	0	0	1
1033	7	42	6	0	0	0	0	0	0	0	1
1034	7	42	6	0	0	0	0	0	0	0	1
1035	7	42	6	0	0	0	0	0	0	0	1
1036	7	42	6	0	0	0	0	0	0	0	1
1037	7	42	6	0	0	0	0	0	0	0	1
1038	7	42	6	0	0	0	0	0	0	0	1
1039	7	42	6	0	0	0	0	0	0	0	1
1040	7	42	6	0	0	0	0	0	0	0	1
1041	7	42	6	0	0	0	0	0	0	0	1
1042	7	42	6	0	0	0	0	0	0	0	1
1043	7	42	6	0	0	0	0	0	0	0	1
1044	7	42	6	0	0	0	0	0	0	0	1
1045	7	42	6	0	0	0	0	0	0	0	1
1046	7	42	6	0	0	0	0	0	0	0	1
1047	7	42	6	0	0	0	0	0	0	0	1
1048	7	42	6	0	0	0	0	0	0	0	1
1049	7	42	6	0	0	0	0	0	0	0	1
1050	7	42	6	0	0	0	0	0	0	0	1
1051	7	42	6	0	0	0	0	0	0	0	1
1052	7	42	6	0	0	0	0	0	0	0	1
1053	7	42	6	0	0	0	0	0	0	0	1
1054	7	42	6	0	0	0	0	0	0	0	1
1055	7	42	6	0	0	0	0	0	0	0	1
1056	7	42	6	0	0	0	0	0	0	0	1
1057	7	42	6	0	0	0	0	0	0	0	1
1058	7	42	6	0	0	0	0	0	0	0	1
1059	7	42	6	0	0	0	0	0	0	0	1
1060	7	42	6	0	0	0	0	0	0	0	1
1061	7	42	6	0	0	0	0	0	0	0	1
1062	7	42	6	0	0	0	0	0	0	0	1
1063	7	42	6	0	0	0	0	0	0	0	1
1064	7	42	6	0	0	0	0	0	0	0	1
1065	7	42	6	0	0	0	0	0	0	0	1
1066	7	42	6	0	0	0	0	0	0	0	1
1067	7	42	6	0	0	0	0	0	0	0	1
1068	7	42	6	0	0	0	0	0	0	0	1
1069	7	42	6	0	0	0	0	0	0	0	1
1070	7	42	6	0	0	0	0	0	0	0	1
1071	7	42	6	0	0	0	0	0	0	0	1
1072	7	42	6	0	0	0	0	0	0	0	1
1073	7	42	6	0	0	0	0	0	0	0	1
1074	7	42	6	0	0	0	0	0	0	0	1
1075	7	42	6	0	0	0	0	0	0	0	1
1076	7	42	6	0	0	0	0	0	0	0	1
1077	7	42	6	0	0	0	0	0	0	0	1
1078	7	42	6	0	0	0	0	0	0	0	1
1079	7	42	6	0	0	0	0	0	0	0	1
1080	7	42	6	0	0	0	0	0	0	0	1
1081	7	42	6	0	0	0	0	0	0	0	1
1082	7	42	6	0	0	0	0	0	0	0	1
1083	7	42	6	0	0	0	0	0	0	0	1
1084	7	42	6	0	0	0	0	0	0	0	1
1085	7	42	6	0	0	0	0	0	0	0	1
1086	7	42	6	0	0	0	0	0	0	0	1
1087	7	42	6	0	0	0	0	0	0	0	1
1088	7	42	6	0	0	0	0	0	0	0	1
1089	7	42	6	0	0	0	0	0	0	0	1
1090	7	42	6	0	0	0	0	0	0	0	1
1091	7	42	6	0	0	0	0	0	0	0	1
1092	7	42	6	0	0	0	0	0	0	0	1
1093	7	42	6	0	0	0	0	0	0	0	1
1094	7	42	6	0	0	0	0	0	0	0	1
1095	7	42	6	0	0	0	0	0	0	0	1
1096	7	42	6	0	0	0	0	0	0	0	1
1097	7	42	6	0	0	0	0	0	0	0	1
1098	7	42	6	0	0	0	0	0	0	0	1
1099	7	42	6	0	0	0	0	0	0	0	1
1100	7	42	6	0	0	0	0	0	0	0	1
1101	7	42	6	0	0	0	0	0	0	0	1
1102	7	42	6	0	0	0	0	0	0	0	1
1103	7	42	6	0	0	0	0	0	0	0	1
1104	7	42	6	0	0	0	0	0	0	0	1
1105	7	42	6	0	0	0	0	0	0	0	1
1106	7	42	6	0	0	0	0	0	0	0	1
1107	7	42	6	0	0	0	0	0	0	0	1
1108	7	42	6	0	0	0	0	0	0	0	1
1109	7	42	6	0	0	0	0	0	0	0	1
1110	7	42	6	0	0	0	0	0	0	0	1
1111	7	42	6	0	0	0	0	0	0	0	1
1112	7	42	6	0	0	0	0	0	0	0	1
1113	7	42	6	0	0	0	0	0	0	0	1
1114	7	42	6	0	0	0	0	0	0	0	1
1115	7	42	6	0	0	0	0	0	0	0	1
1116	7	42	6	0	0	0	0	0	0	0	1
1117	7	42	6	0	0	0	0	0	0	0	1
1118	7	42	6	0	0	0	0	0	0	0	1
1119	7	42	6	0	0	0	0	0	0	0	1
1120	7	42	6	0	0	0	0	0	0	0	1
1121	7	42	6	0	0	0	0	0	0	0	1
1122	7	42	6	0	0	0	0	0	0	0	1
1123	7	42	6	0	0	0	0	0	0	0	1
1124	7	42	6	0	0	0	0	0	0	0	1
1125	7	42	6	0	0	0	0	0	0	0	1
1126	7	42	6	0	0	0	0	0	0	0	1
1127	7	42	6	0	0	0	0	0	0	0	1
1128	7	42	6	0	0	0	0	0	0	0	1
1129	7	42	6	0	0	0	0	0	0	0	1
1130	7	42	6	0	0	0	0	0	0	0	1
1131	7	42	6	0	0	0	0	0	0	0	1
1132	7	42	6	0	0	0	0	0	0	0	1
1133	7	42	6	0	0	0	0	0	0	0	1
1134	7	42	6	0	0	0	0	0	0	0	1
1135	7	42	6	0	0	0	0	0	0	0	1
1136	7	42	6	0	0	0	0	0	0	0	1
1137	7	42	6	0	0	0	0	0	0	0	1
1138	7	42	6	0	0	0	0	0	0	0	1
1139	7	42	6	0	0	0	0	0	0	0	1
1140	7	42	6	0	0	0	0	0	0	0	1
1141	7	42	6	0	0	0	0	0	0	0	1
1142	7	42	6	0	0	0	0	0	0	0	1
1143	7	42	6	0	0	0	0	0	0	0	1
1144	7	42	6	0	0	0	0	0	0	0	1
1145	7	42	6	0	0	0	0	0	0	0	1
1146	7	42	6	0	0	0	0	0	0	0	1
1147	7	42	6	0	0	0	0	0	0	0	1
1148	7	42	6	0	0	0	0	0	0	0	1
1149	7	42	6	0	0	0	0	0	0	0	1
1150	7	42	6	0	0	0	0	0	0	0	1
1151	7	42	6	0	0	0	0	0	0	0	1
1152	7	42	6	0	0	0	0	0	0	0	1
1153	7	42	6	0	0	0	0	0	0	0	1
1154	7	42	6	0	0	0	0	0	0	0	1
1155	7	42	6	0	0	0	0	0	0	0	1
1156	7	42	6	0	0	0	0	0	0	0	1
1157	7	42	6	0	0	0	0	0	0	0	1
1158	7	42	6	0	0	0	0	0	0	0	1
1159	7	42	6	0	0	0	0	0	0	0	1
1160	7	42	6	0	0	0	0	0	0	0	1
1161	7	42	6	0	0	0	0	0	0	0	1
1162	7	42	6	0	0	0	0	0	0	0	1
1163	7	42	6	0	0	0	0	0	0	0	1
1164	7	42	6	0	0	0	0	0	0	0	1
1165	7	42	6	0	0	0	0	0	0	0	1
1166	7	42	6	0	0	0	0	0	0	0	1
1167	7	42	6	0	0	0	0	0	0	0	1
1168	7	42	6	0	0	0	0	0	0	0	1
1169	7	42	6	0	0	0	0	0	0	0	1
1170	7	42	6	0	0	0	0	0	0	0	1
1171	7	42	6	0	0	0	0	0	0	0	1
1172	7	42	6	0	0	0	0	0	0	0	1
1173	7	42	6	0	0	0	0	0	0	0	1
1174	7	42	6	0	0	0	0	0	0	0	1
1175	7	42	6	0	0	0	0	0	0	0	1
1176	7	42	6	0	0	0	0	0	0	0	1
1177	7	42	6	0	0	0	0	0	0	0	1
1178	7	42	6	0	0	0	0	0	0	0	1
1179	7	42	6	0	0	0	0	0	0	0	1
1180	7	42	6	0	0	0	0	0	0	0	1
1181	7	42	6	0	0	0	0	0	0	0	1
1182	7	42	6	0	0	0	0	0	0	0	1
1183	7	42	6	0	0	0	0	0	0	0	1
1184	7	42	6	0	0	0	0	0	0	0	1
1185	7	42	6	0	0	0	0	0	0	0	1
1186	7	42	6	0	0	0	0	0	0	0	1
1187	7	42	6	0	0	0	0	0	0	0	1
1188	7	42	6	0	0	0	0	0	0	0	1
1189	7	42	6	0	0	0	0	0	0	0	1
1190	7	42	6	0	0	0	0	0	0	0	1
1191	7	42	6	0	0	0	0	0	0	0	1
1192	7	42	6	0	0	0	0	0	0	0	1
1193	7	42	6	0	0	0	0	0	0	0	1
1194	7	42	6	0	0	0	0	0	0	0	1
1195	7	42	6	0	0	0	0	0	0	0	1
1196	7	42	6	0	0	0	0	0	0	0	1
1197	7	42	6	0	0	0	0	0	0	0	1
1198	7	42	6	0	0	0	0	0	0	0	1
1199	7	42	6	0	0	0	0	0	0	0	1
1200	7	42	6	0	0	0	0	0	0	0	1
1201	7	42	6	0	0	0	0	0	0	0	1
1202	7	42	6	0	0	0	0	0	0	0	1
1203	7	42	6	0	0	0	0	0	0	0	1
1204	7	42	6	0	0	0	0	0	0	0	1
1205	7	42	6	0	0	0	0	0	0	0	1
1206	7	42	6	0	0	0	0	0	0	0	1
1207	7	42	6	0	0	0	0	0	0	0	1
1208	7	42	6	0	0	0	0	0	0	0	1
1209	7	42	6	0	0	0	0	0	0	0	1
1210	7	42	6	0	0	0	0	0	0	0	1
1211	7	42	6	0	0	0	0	0	0	0	1
1212	7	42	6	0	0	0	0	0	0	0	1
1213	7	42	6	0	0	0	0	0	0	0	1
1214	7	42	6	0	0	0	0	0	0	0	1
1215	7	42	6	0	0	0	0	0	0	0	1
1216	7	42	6	0	0	0	0	0	0	0	1
1217	7	42	6	0	0	0	0	0	0	0	1
1218	7	42	6	0	0	0	0	0	0	0	1
1219	7	42	6	0	0	0	0	0	0	0	1
1220	7	42	6	0	0	0	0	0	0	0	1
1221	7	42	6	0	0	0	0	0	0	0	1
1222	7	42	6	0	0	0	0	0	0	0	1
1223	7	42	6	0	0	0	0	0	0	0	1
1224	7	42	6	0	0	0	0	0	0	0	1
1225	7	42	6	0	0	0	0	0	0	0	1
1226	7	42	6	0	0	0	0	0	0	0	1
1227	7	42	6	0	0	0	0	0	0	0	1
1228	7	42	6	0	0	0	0	0	0	0	1
1229	7	42	6	0	0	0	0	0	0	0	1
1230	7	42	6	0	0	0	0	0	0	0	1
1231	7	42	6	0	0	0	0	0	0	0	1
1232	7	42	6	0	0	0	0	0	0	0	1
1233	7	42	6	0	0	0	0	0	0	0	1
1234	7	42	6	0	0	0	0	0	0	0	1
1235	7	42	6	0	0	0	0	0	0	0	1
1236	7	42	6	0	0	0	0	0	0	0	1
1237	7	42	6	0	0	0	0	0	0	0	1
1238	7	42	6	0	0	0	0	0	0	0	1
1239	7	42	6	0	0	0	0	0	0	0	1
1240	7	42	6	0	0	0	0	0	0	0	1
1241	7	42	6	0	0	0	0	0	0	0	1
1242	7	42	6	0	0	0	0	0	0	0	1
1243	7	42	6	0	0	0	0	0	0	0	1
1244	7	42	6	0	0	0	0	0	0	0	1
1245	7	42	6	0	0	0	0	0	0	0	1
1246	7	42	6	0	0	0	0	0	0	0	1
1247	7	42	6	0	0	0	0	0	0	0	1
1248	7	42	6	0	0	0	0	0	0	0	1
1249	7	42	6	0	0	0	0	0	0	0	1
1250	7	42	6	0	0	0	0	0	0	0	1
1251	7	42	6	0	0	0	0	0	0	0	1
1252	7	42	6	0	0	0	0	0	0	0	1
1253	7	42	6	0	0	0	0	0	0	0	1
1254	7	42	6	0	0	0	0	0	0	0	1
1255	7	42	6	0	0	0	0	0	0	0	1
1256	7	42	6	0	0	0	0	0	0	0	1
1257	7	42	6	0	0	0	0	0	0	0	1
1258	7	42	6	0	0	0	0	0	0	0	1
1259	7	42	6	0	0	0	0	0	0	0	1
1260	7	42	6	0	0	0	0	0	0	0	1
1261	7	42	6	0	0	0	0	0	0	0	1
1262	7	42	6	0	0	0	0	0	0	0	1
1263	7	42	6	0	0	0	0	0	0	0	1
1264	7	42	6	0	0	0	0	0	0	0	1
1265	7	42	6	0	0	0	0	0	0	0	1
1266	7	42	6	0	0	0	0	0	0	0	1
1267	7	42	6	0	0	0	0	0	0	0	1
1268	7	42	6	0	0	0	0	0	0	0	1
1269	7	42	6	0	0	0	0	0	0	0	1
1270	7	42	6	0	0	0	0	0	0	0	1
1271	7	42	6	0	0	0	0	0	0	0	1
1272	7	42	6	0	0	0	0	0	0	0	1
1273	7	42	6	0	0	0	0	0	0	0	1
1274	7	42	6	0	0	0	0	0	0	0	1
1275	7	42	6	0	0	0	0	0	0	0	1
1276	7	42	6	0	0	0	0	0	0	0	1
1277	7	42	6	0	0	0	0	0	0	0	1
1278	7	42	6	0	0	0	0	0	0	0	1
1279	7	42	6	0	0	0	0	0	0	0	1
1280	7	42	6	0	0	0	0	0	0	0	1
1281	7	42	6	0	0	0	0	0	0	0	1
1282	7	42	6	0	0	0	0	0	0	0	1
1283	7	42	6	0	0	0	0	0	0	0	1
1284	7	42	6	0	0	0	0	0	0	0	1
1285	7	42	6	0	0	0	0	0	0	0	1
1286	7	42	6	0	0	0	0	0	0	0	1
1287	7	42	6	0	0	0	0	0	0	0	1
1288	7	42	6	0	0	0	0	0	0	0	1
1289	7	42	6	0	0	0	0	0	0	0	1
1290	7	42	6	0	0	0	0	0	0	0	1
1291	7	42	6	0	0	0	0	0	0	0	1
1292	7	42	6	0	0	0	0	0	0	0	1
1293	7	42	6	0	0	0	0	0	0	0	1
1294	7	42	6	0	0	0	0	0	0	0	1
1295	7	42	6	0	0	0	0	0	0	0	1
1296	7	42	6	0	0	0	0	0	0	0	1
1297	7	42	6	0	0	0	0	0	0	0	1
1298	7	42	6	0	0	0	0	0	0	0	1
1299	7	42	6	0	0	0	0	0	0	0	1
1300	7	42	6	0	0	0	0	0	0	0	1
1301	7	42	6	0	0	0	0	0	0	0	1
1302	7	42	6	0	0	0	0	0	0	0	1
1303	8	21	6	0	0	0	0	0	0	0	1
1304	5	21	5	0	0	0	0	0	0	0	1
1305	6	21	5	0	0	0	0	0	0	1	1
1306	7	21	5	0	0	0	0	0	0	1	1
1307	7	21	5	0	0	0	0	0	0	1	1
1308	7	21	5	0	0	0	0	0	0	1	1
1309	7	21	5	0	0	0	0	0	0	1	1
1310	7	21	5	0	0	0	0	0	0	1	1
1311	7	21	5	0	0	0	0	0	0	1	1
1312	7	21	5	0	0	0	0	0	0	1	1
1313	7	21	5	0	0	0	0	0	0	1	1
1314	7	21	5	0	0	0	0	0	0	1	1
1315	7	21	5	0	0	0	0	0	0	1	1
1316	7	21	5	0	0	0	0	0	0	1	1
1317	7	21	5	0	0	0	0	0	0	1	1
1318	7	21	5	0	0	0	0	0	0	1	1
1319	7	21	5	0	0	0	0	0	0	1	1
1320	7	21	5	0	0	0	0	0	0	1	1
1321	7	21	5	0	0	0	0	0	0	1	1
1322	7	21	5	0	0	0	0	0	0	1	1
1323	7	21	5	0	0	0	0	0	0	1	1
1324	7	21	5	0	0	0	0	0	0	1	1
1325	7	21	5	0	0	0	0	0	0	1	1
1326	7	21	5	0	0	0	0	0	0	1	1
1327	7	21	5	0	0	0	0	0	0	1	1
1328	7	21	5	0	0	0	0	0	0	1	1
1329	7	21	5	0	0	0	0	0	0	1	1
1330	7	21	5	0	0	0	0	0	0	1	1
1331	7	21	5	0	0	0	0	0	0	1	1
1332	7	21	5	0	0	0	0	0	0	1	1
1333	7	21	5	0	0	0	0	0	0	1	1
1334	7	21	5	0	0	0	0	0	0	1	1
1335	7	21	5	0	0	0	0	0	0	1	1
1336	7	21	5	0	0	0	0	0	0	1	1
1337	7	21	5	0	0	0	0	0	0	1	1
1338	7	21	5	0	0	0	0	0	0	1	1
1339	7	21	5	0	0	0	0	0	0	1	1
1340	7	21	5	0	0	0	0	0	0	1	1
1341	7	21	5	0	0	0	0	0	0	1	1
1342	7	21	5	0	0	0	0	0	0	1	1
1343	7	21	5	0	0	0	0	0	0	1	1
1344	7	21	5	0	0	0	0	0	0	1	1
1345	7	21	5	0	0	0	0	0	0	1	1
1346	7	21	5	0	0	0	0	0	0	1	1
1347	7	21	5	0	0	0	0	0	0	1	1
1348	7	21	5	0	0	0	0	0	0	1	1
1349	7	21	5	0	0	0	0	0	0	1	1
1350	7	21	5	0	0	0	0	0	0	1	1
1351	7	21	5	0	0	0	0	0	0	1	1
1352	7	21	5	0	0	0	0	0	0	1	1
1353	7	21	5	0	0	0	0	0	0	1	1
1354	7	21	5	0	0	0	0	0	0	1	1
1355	7	21	5	0	0	0	0	0	0	1	1
1356	7	21	5	0	0	0	0	0	0	1	1
1357	7	21	5	0	0	0	0	0	0	1	1
1358	7	21	5	0	0	0	0	0	0	1	1
1359	7	21	5	0	0	0	0	0	0	1	1
1360	7	21	5	0	0	0	0	0	0	1	1
1361	7	21	5	0	0	0	0	0	0	1	1
1362	7	21	5	0	0	0	0	0	0	1	1
1363	7	21	5	0	0	0	0	0	0	1	1
1364	7	21	5	0	0	0	0	0	0	1	1
1365	7	21	5	0	0	0	0	0	0	1	1
1366	7	21	5	0	0	0	0	0	0	1	1
1367	7	21	5	0	0	0	0	0	0	1	1
1368	7	21	5	0	0	0	0	0	0	1	1
1369	7	21	5	0	0	0	0	0	0	1	1
1370	7	21	5	0	0	0	0	0	0	1	1
1371	7	21	5	0	0	0	0	0	0	1	1
1372	7	21	5	0	0	0	0	0	0	1	1
1373	7	21	5	0	0	0	0	0	0	1	1
1374	7	21	5	0	0	0	0	0	0	1	1
1375	7	21	5	0	0	0	0	0	0	1	1
1376	7	21	5	0	0	0	0	0	0	1	1
1377	7	21	5	0	0	0	0	0	0	1	1
1378	7	21	5	0	0	0	0	0	0	1	1
1379	7	21	5	0	0	0	0	0	0	1	1
1380	7	21	5	0	0	0	0	0	0	1	1
1381	7	21	5	0	0	0	0	0	0	1	1
1382	7	21	5	0	0	0	0	0	0	1	1
1383	7	21	5	0	0	0	0	0	0	1	1
1384	7	21	5	0	0	0	0	0	0	1	1
1385	7	21	5	0	0	0	0	0	0	1	1
1386	7	21	5	0	0	0	0	0	0	1	1
1387	7	21	5	0	0	0	0	0	0	1	1
1388	7	21	5	0	0	0	0	0	0	1	1
1389	7	21	5	0	0	0	0	0	0	1	1
1390	7	21	5	0	0	0	0	0	0	1	1
1391	7	21	5	0	0	0	0	0	0	1	1
1392	7	21	5	0	0	0	0	0	0	1	1
1393	7	21	5	0	0	0	0	0	0	1	1
1394	7	21	5	0	0	0	0	0	0	1	1
1395	7	21	5	0	0	0	0	0	0	1	1
1396	7	21	5	0	0	0	0	0	0	1	1
1397	7	21	5	0	0	0	0	0	0	1	1
1398	7	21	5	0	0	0	0	0	0	1	1
1399	7	21	5	0	0	0	0	0	0	1	1
1400	7	21	5	0	0	0	0	0	0	1	1
1401	7	21	5	0	0	0	0	0	0	1	1
1402	7	21	5	0	0	0	0	0	0	1	1
1403	7	21	5	0	0	0	0	0	0	1	1
1404	7	21	5	0	0	0	0	0	0	1	1
1405	7	21	5	0	0	0	0	0	0	1	1
1406	7	21	5	0	0	0	0	0	0	1	1
1407	7	21	5	0	0	0	0	0	0	1	1
1408	7	21	5	0	0	0	0	0	0	1	1
1409	7	21	5	0	0	0	0	0	0	1	1
1410	7	21	5	0	0	0	0	0	0	1	1
1411	7	21	5	0	0	0	0	0	0	1	1
1412	7	21	5	0	0	0	0	0	0	1	1
1413	7	21	5	0	0	0	0	0	0	1	1
1414	7	21	5	0	0	0	0	0	0	1	1
1415	7	21	5	0	0	0	0	0	0	1	1
1416	7	21	5	0	0	0	0	0	0	1	1
1417	7	21	5	0	0	0	0	0	0	1	1
1418	7	21	5	0	0	0	0	0	0	1	1
1419	7	21	5	0	0	0	0	0	0	1	1
1420	7	21	5	0	0	0	0	0	0	1	1
1421	7	21	5	0	0	0	0	0	0	1	1
1422	7	21	5	0	0	0	0	0	0	1	1
1423	7	21	5	0	0	0	0	0	0	1	1
1424	7	21	5	0	0	0	0	0	0	1	1
1425	7	21	5	0	0	0	0	0	0	1	1
1426	7	21	5	0	0	0	0	0	0	1	1
1427	7	21	5	0	0	0	0	0	0	1	1
1428	7	21	5	0	0	0	0	0	0	1	1
1429	7	21	5	0	0	0	0	0	0	1	1
1430	7	21	5	0	0	0	0	0	0	1	1
1431	7	21	5	0	0	0	0	0	0	1	1
1432	7	21	5	0	0	0	0	0	0	1	1
1433	7	21	5	0	0	0	0	0	0	1	1
1434	7	21	5	0	0	0	0	0	0	1	1
1435	7	21	5	0	0	0	0	0	0	1	1
1436	7	21	5	0	0	0	0	0	0	1	1
1437	7	21	5	0	0	0	0	0	0	1	1
1438	7	21	5	0	0	0	0	0	0	1	1
1439	7	21	5	0	0	0	0	0	0	1	1
1440	7	21	5	0	0	0	0	0	0	1	1
1441	7	21	5	0	0	0	0	0	0	1	1
1442	7	21	5	0	0	0	0	0	0	1	1
1443	7	21	5	0	0	0	0	0	0	1	1
1444	7	21	5	0	0	0	0	0	0	1	1
1445	7	21	5	0	0	0	0	0	0	1	1
1446	7	21	5	0	0	0	0	0	0	1	1
1447	7	21	5	0	0	0	0	0	0	1	1
1448	7	21	5	0	0	0	0	0	0	1	1
1449	7	21	5	0	0	0	0	0	0	1	1
1450	7	21	5	0	0	0	0	0	0	1	1
1451	7	21	5	0	0	0	0	0	0	1	1
1452	7	21	5	0	0	0	0	0	0	1	1
1453	7	21	5	0	0	0	0	0	0	1	1
1454	7	21	5	0	0	0	0	0	0	1	1
1455	7	21	5	0	0	0	0	0	0	1	1
1456	7	21	5	0	0	0	0	0	0	1	1
1457	7	21	5	0	0	0	0	0	0	1	1
1458	7	21	5	0	0	0	0	0	0	1	1
1459	7	21	5	0	0	0	0	0	0	1	1
1460	7	21	5	0	0	0	0	0	0	1	1
1461	7	21	5	0	0	0	0	0	0	1	1
1462	7	21	5	0	0	0	0	0	0	1	1
1463	7	21	5	0	0	0	0	0	0	1	1
1464	7	21	5	0	0	0	0	0	0	1	1
1465	7	21	5	0	0	0	0	0	0	1	1
1466	7	21	5	0	0	0	0	0	0	1	1
1467	7	21	5	0	0	0	0	0	0	1	1
1468	7	21	5	0	0	0	0	0	0	1	1
1469	7	21	5	0	0	0	0	0	0	1	1
1470	7	21	5	0	0	0	0	0	0	1	1
1471	7	21	5	0	0	0	0	0	0	1	1
1472	7	21	5	0	0	0	0	0	0	1	1
1473	7	21	5	0	0	0	0	0	0	1	1
1474	7	21	5	0	0	0	0	0	0	1	1
1475	7	21	5	0	0	0	0	0	0	1	1
1476	7	21	5	0	0	0	0	0	0	1	1
1477	7	21	5	0	0	0	0	0	0	1	1
1478	7	21	5	0	0	0	0	0	0	1	1
1479	7	21	5	0	0	0	0	0	0	1	1
1480	7	21	5	0	0	0	0	0	0	1	1
1481	7	21	5	0	0	0	0	0	0	1	1
1482	7	21	5	0	0	0	0	0	0	1	1
1483	7	21	5	0	0	0	0	0	0	1	1
1484	7	21	5	0	0	0	0	0	0	1	1
1485	7	21	5	0	0	0	0	0	0	1	1
1486	7	21	5	0	0	0	0	0	0	1	1
1487	7	21	5	0	0	0	0	0	0	1	1
1488	7	21	5	0	0	0	0	0	0	1	1
1489	7	21	5	0	0	0	0	0	0	1	1
1490	7	21	5	0	0	0	0	0	0	1	1
1491	7	21	5	0	0	0	0	0	0	1	1
1492	7	21	5	0	0	0	0	0	0	1	1
1493	7	21	5	0	0	0	0	0	0	1	1
1494	7	21	5	0	0	0	0	0	0	1	1
1495	7	21	5	0	0	0	0	0	0	1	1
1496	7	21	5	0	0	0	0	0	0	1	1
1497	7	21	5	0	0	0	0	0	0	1	1
1498	7	21	5	0	0	0	0	0	0	1	1
1499	7	21	5	0	0	0	0	0	0	1	1
1500	7	21	5	0	0	0	0	0	0	1	1
1501	7	21	5	0	0	0	0	0	0	1	1
1502	7	21	5	0	0	0	0	0	0	1	1
1503	7	21	5	0	0	0	0	0	0	1	1
1504	7	21	5	0	0	0	0	0	0	1	1
1505	7	21	5	0	0	0	0	0	0	1	1
1506	7	21	5	0	0	0	0	0	0	1	1
1507	7	21	5	0	0	0	0	0	0	1	1
1508	7	21	5	0	0	0	0	0	0	1	1
1509	7	21	5	0	0	0	0	0	0	1	1
1510	7	21	5	0	0	0	0	0	0	1	1
1511	7	21	5	0	0	0	0	0	0	1	1
1512	7	21	5	0	0	0	0	0	0	1	1
1513	7	21	5	0	0	0	0	0	0	1	1
1514	7	21	5	0	0	0	0	0	0	1	1
1515	7	21	5	0	0	0	0	0	0	1	1
1516	7	21	5	0	0	0	0	0	0	1	1
1517	7	21	5	0	0	0	0	0	0	1	1
1518	7	21	5	0	0	0	0	0	0	1	1
1519	7	21	5	0	0	0	0	0	0	1	1
1520	7	21	5	0	0	0	0	0	0	1	1
1521	7	21	5	0	0	0	0	0	0	1	1
1522	7	21	5	0	0	0	0	0	0	1	1
1523	7	21	5	0	0	0	0	0	0	1	1
1524	7	21	5	0	0	0	0	0	0	1	1
1525	7	21	5	0	0	0	0	0	0	1	1
1526	7	21	5	0	0	0	0	0	0	1	1
1527	7	21	5	0	0	0	0	0	0	1	1
1528	7	21	5	0	0	0	0	0	0	1	1
1529	7	21	5	0	0	0	0	0	0	1	1
1530	7	21	5	0	0	0	0	0	0	1	1
1531	7	21	5	0	0	0	0	0	0	1	1
1532	7	21	5	0	0	0	0	0	0	1	1
1533	7	21	5	0	0	0	0	0	0	1	1
1534	7	21	5	0	0	0	0	0	0	1	1
1535	7	21	5	0	0	0	0	0	0	1	1
1536	7	21	5	0	0	0	0	0	0	1	1
1537	7	21	5	0	0	0	0	0	0	1	1
1538	7	21	5	0	0	0	0	0	0	1	1
1539	7	21	5	0	0	0	0	0	0	1	1
1540	7	21	5	0	0	0	0	0	0	1	1
1541	7	21	5	0	0	0	0	0	0	1	1
1542	7	21	5	0	0	0	0	0	0	1	1
1543	7	21	5	0	0	0	0	0	0	1	1
1544	7	21	5	0	0	0	0	0	0	1	1
1545	7	21	5	0	0	0	0	0	0	1	1
1546	7	21	5	0	0	0	0	0	0	1	1
1547	7	21	5	0	0	0	0	0	0	1	1
1548	7	21	5	0	0	0	0	0	0	1	1
1549	7	21	5	0	0	0	0	0	0	1	1
1550	7	21	5	0	0	0	0	0	0	1	1
1551	7	21	5	0	0	0	0	0	0	1	1
1552	7	21	5	0	0	0	0	0	0	1	1
1553	7	21	5	0	0	0	0	0	0	1	1
1554	7	21	5	0	0	0	0	0	0	1	1
1555	7	21	5	0	0	0	0	0	0	1	1
1556	7	21	5	0	0	0	0	0	0	1	1
1557	7	21	5	0	0	0	0	0	0	1	1
1558	7	21	5	0	0	0	0	0	0	1	1
1559	7	21	5	0	0	0	0	0	0	1	1
1560	7	21	5	0	0	0	0	0	0	1	1
1561	7	21	5	0	0	0	0	0	0	1	1
1562	7	21	5	0	0	0	0	0	0	1	1
1563	7	21	5	0	0	0	0	0	0	1	1
1564	7	21	5	0	0	0	0	0	0	1	1
1565	7	21	5	0	0	0	0	0	0	1	1
1566	7	21	5	0	0	0	0	0	0	1	1
1567	7	21	5	0	0	0	0	0	0	1	1
1568	7	21	5	0	0	0	0	0	0	1	1
1569	7	21	5	0	0	0	0	0	0	1	1
1570	7	21	5	0	0	0	0	0	0	1	1
1571	7	21	5	0	0	0	0	0	0	1	1
1572	7	21	5	0	0	0	0	0	0	1	1
1573	7	21	5	0	0	0	0	0	0	1	1
1574	7	21	5	0	0	0	0	0	0	1	1
1575	7	21	5	0	0	0	0	0	0	1	1
1576	7	21	5	0	0	0	0	0	0	1	1
1577	7	21	5	0	0	0	0	0	0	1	1
1578	7	21	5	0	0	0	0	0	0	1	1
1579	7	21	5	0	0	0	0	0	0	1	1
1580	7	21	5	0	0	0	0	0	0	1	1
1581	7	21	5	0	0	0	0	0	0	1	1
1582	7	21	5	0	0	0	0	0	0	1	1
1583	7	21	5	0	0	0	0	0	0	1	1
1584	7	21	5	0	0	0	0	0	0	1	1
1585	7	21	5	0	0	0	0	0	0	1	1
1586	7	21	5	0	0	0	0	0	0	1	1
1587	7	21	5	0	0	0	0	0	0	1	1
1588	7	21	5	0	0	0	0	0	0	1	1
1589	7	21	5	0	0	0	0	0	0	1	1
1590	7	21	5	0	0	0	0	0	0	1	1
1591	7	21	5	0	0	0	0	0	0	1	1
1592	7	21	5	0	0	0	0	0	0	1	1
1593	7	21	5	0	0	0	0	0	0	1	1
1594	7	21	5	0	0	0	0	0	0	1	1
1595	7	21	5	0	0	0	0	0	0	1	1
1596	7	21	5	0	0	0	0	0	0	1	1
1597	7	21	5	0	0	0	0	0	0	1	1
1598	7	21	5	0	0	0	0	0	0	1	1
1599	7	21	5	0	0	0	0	0	0	1	1
1600	7	21	5	0	0	0	0	0	0	1	1
1601	7	21	5	0	0	0	0	0	0	1	1
1602	7	21	5	0	0	0	0	0	0	1	1
1603	7	21	5	0	0	0	0	0	0	1	1
1604	7	21	5	0	0	0	0	0	0	1	1
1605	7	21	5	0	0	0	0	0	0	1	1
1606	7	21	5	0	0	0	0	0	0	1	1
1607	7	21	5	0	0	0	0	0	0	1	1
1608	7	21	5	0	0	0	0	0	0	1	1
1609	7	21	5	0	0	0	0	0	0	1	1
1610	7	21	5	0	0	0	0	0	0	1	1
1611	7	21	5	0	0	0	0	0	0	1	1
1612	7	21	5	0	0	0	0	0	0	1	1
1613	7	21	5	0	0	0	0	0	0	1	1
1614	7	21	5	0	0	0	0	0	0	1	1
1615	7	21	5	0	0	0	0	0	0	1	1
1616	7	21	5	0	0	0	0	0	0	1	1
1617	7	21	5	0	0	0	0	0	0	1	1
1618	7	21	5	0	0	0	0	0	0	1	1
1619	7	21	5	0	0	0	0	0	0	1	1
1620	7	21	5	0	0	0	0	0	0	1	1
1621	7	21	5	0	0	0	0	0	0	1	1
1622	7	21	5	0	0	0	0	0	0	1	1
1623	7	21	5	0	0	0	0	0	0	1	1
1624	7	21	5	0	0	0	0	0	0	1	1
1625	7	21	5	0	0	0	0	0	0	1	1
1626	7	21	5	0	0	0	0	0	0	1	1
1627	7	21	5	0	0	0	0	0	0	1	1
1628	7	21	5	0	0	0	0	0	0	1	1
1629	7	21	5	0	0	0	0	0	0	1	1
1630	7	21	5	0	0	0	0	0	0	1	1
1631	7	21	5	0	0	0	0	0	0	1	1
1632	7	21	5	0	0	0	0	0	0	1	1
1633	7	21	5	0	0	0	0	0	0	1	1
1634	7	21	5	0	0	0	0	0	0	1	1
1635	7	21	5	0	0	0	0	0	0	1	1
1636	7	21	5	0	0	0	0	0	0	1	1
1637	7	21	5	0	0	0	0	0	0	1	1
1638	7	21	5	0	0	0	0	0	0	1	1
1639	7	21	5	0	0	0	0	0	0	1	1
1640	7	21	5	0	0	0	0	0	0	1	1
1641	7	21	5	0	0	0	0	0	0	1	1
1642	7	21	5	0	0	0	0	0	0	1	1
1643	7	21	5	0	0	0	0	0	0	1	1
1644	7	21	5	0	0	0	0	0	0	1	1
1645	7	21	5	0	0	0	0	0	0	1	1
1646	7	21	5	0	0	0	0	0	0	1	1
1647	7	21	5	0	0	0	0	0	0	1	1
1648	7	21	5	0	0	0	0	0	0	1	1
1649	7	21	5	0	0	0	0	0	0	1	1
1650	7	21	5	0	0	0	0	0	0	1	1
1651	7	21	5	0	0	0	0	0	0	1	1
1652	7	21	5	0	0	0	0	0	0	1	1
1653	7	21	5	0	0	0	0	0	0	1	1
1654	7	21	5	0	0	0	0	0	0	1	1
1655	7	21	5	0	0	0	0	0	0	1	1
1656	7	21	5	0	0	0	0	0	0	1	1
1657	7	21	5	0	0	0	0	0	0	1	1
1658	7	21	5	0	0	0	0	0	0	1	1
1659	7	21	5	0	0	0	0	0	0	1	1
1660	7	21	5	0	0	0	0	0	0	1	1
1661	7	21	5	0	0	0	0	0	0	1	1
1662	7	21	5	0	0	0	0	0	0	1	1
1663	7	21	5	0	0	0	0	0	0	1	1
1664	7	21	5	0	0	0	0	0	0	1	1
1665	7	21	5	0	0	0	0	0	0	1	1
1666	7	21	5	0	0	0	0	0	0	1	1
1667	7	21	5	0	0	0	0	0	0	1	1
1668	7	21	5	0	0	0	0	0	0	1	1
1669	7	21	5	0	0	0	0	0	0	1	1
1670	7	21	5	0	0	0	0	0	0	1	1
1671	7	21	5	0	0	0	0	0	0	1	1
1672	7	21	5	0	0	0	0	0	0	1	1
1673	7	21	5	0	0	0	0	0	0	1	1
1674	7	21	5	0	0	0	0	0	0	1	1
1675	7	21	5	0	0	0	0	0	0	1	1
1676	7	21	5	0	0	0	0	0	0	1	1
1677	7	21	5	0	0	0	0	0	0	1	1
1678	7	21	5	0	0	0	0	0	0	1	1
1679	7	21	5	0	0	0	0	0	0	1	1
1680	7	21	5	0	0	0	0	0	0	1	1
1681	7	21	5	0	0	0	0	0	0	1	1
1682	7	21	5	0	0	0	0	0	0	1	1
1683	7	21	5	0	0	0	0	0	0	1	1
1684	7	21	5	0	0	0	0	0	0	1	1
1685	7	21	5	0	0	0	0	0	0	1	1
1686	7	21	5	0	0	0	0	0	0	1	1
1687	7	21	5	0	0	0	0	0	0	1	1
1688	7	21	5	0	0	0	0	0	0	1	1
1689	7	21	5	0	0	0	0	0	0	1	1
1690	7	21	5	0	0	0	0	0	0	1	1
1691	7	21	5	0	0	0	0	0	0	1	1
1692	7	21	5	0	0	0	0	0	0	1	1
1693	7	21	5	0	0	0	0	0	0	1	1
1694	7	21	5	0	0	0	0	0	0	1	1
1695	7	21	5	0	0	0	0	0	0	1	1
1696	7	21	5	0	0	0	0	0	0	1	1
1697	7	21	5	0	0	0	0	0	0	1	1
1698	7	21	5	0	0	0	0	0	0	1	1
1699	7	21	5	0	0	0	0	0	0	1	1
1700	7	21	5	0	0	0	0	0	0	1	1
1701	7	21	5	0	0	0	0	0	0	1	1
1702	7	21	5	0	0	0	0	0	0	1	1
1703	7	21	5	0	0	0	0	0	0	1	1
1704	7	21	5	0	0	0	0	0	0	1	1
1705	7	21	5	0	0	0	0	0	0	1	1
1706	7	21	5	0	0	0	0	0	0	1	1
1707	7	21	5	0	0	0	0	0	0	1	1
1708	7	21	5	0	0	0	0	0	0	1	1
1709	7	21	5	0	0	0	0	0	0	1	1
1710	7	21	5	0	0	0	0	0	0	1	1
1711	7	21	5	0	0	0	0	0	0	1	1
1712	7	21	5	0	0	0	0	0	0	1	1
1713	7	21	5	0	0	0	0	0	0	1	1
1714	7	21	5	0	0	0	0	0	0	1	1
1715	7	21	5	0	0	0	0	0	0	1	1
1716	7	21	5	0	0	0	0	0	0	1	1
1717	7	21	5	0	0	0	0	0	0	1	1
1718	7	21	5	0	0	0	0	0	0	1	1
1719	7	21	5	0	0	0	0	0	0	1	1
1720	7	21	5	0	0	0	0	0	0	1	1
1721	7	21	5	0	0	0	0	0	0	1	1
1722	7	21	5	0	0	0	0	0	0	1	1
1723	7	21	5	0	0	0	0	0	0	1	1
1724	7	21	5	0	0	0	0	0	0	1	1
1725	7	21	5	0	0	0	0	0	0	1	1
1726	7	21	5	0	0	0	0	0	0	1	1
1727	7	21	5	0	0	0	0	0	0	1	1
1728	7	21	5	0	0	0	0	0	0	1	1
1729	7	21	5	0	0	0	0	0	0	1	1
1730	7	21	5	0	0	0	0	0	0	1	1
1731	7	21	5	0	0	0	0	0	0	1	1
1732	7	21	5	0	0	0	0	0	0	1	1
1733	7	21	5	0	0	0	0	0	0	1	1
1734	7	21	5	0	0	0	0	0	0	1	1
1735	7	21	5	0	0	0	0	0	0	1	1
1736	7	21	5	0	0	0	0	0	0	1	1
1737	8	10	5	0	0	0	0	0	0	1	1
1738	5	10	4	0	0	0	0	0	0	1	1
1739	6	10	4	0	0	0	0	0	0	0	1
1740	7	10	4	0	0	0	0	0	0	0	1
1741	7	10	4	0	0	0	0	0	0	0	1
1742	7	10	4	0	0	0	0	0	0	0	1
1743	7	10	4	0	0	0	0	0	0	0	1
1744	7	10	4	0	0	0	0	0	0	0	1
1745	7	10	4	0	0	0	0	0	0	0	1
1746	7	10	4	0	0	0	0	0	0	0	1
1747	7	10	4	0	0	0	0	0	0	0	1
1748	7	10	4	0	0	0	0	0	0	0	1
1749	7	10	4	0	0	0	0	0	0	0	1
1750	7	10	4	0	0	0	0	0	0	0	1
1751	7	10	4	0	0	0	0	0	0	0	1
1752	7	10	4	0	0	0	0	0	0	0	1
1753	7	10	4	0	0	0	0	0	0	0	1
1754	7	10	4	0	0	0	0	0	0	0	1
1755	7	10	4	0	0	0	0	0	0	0	1
1756	7	10	4	0	0	0	0	0	0	0	1
1757	7	10	4	0	0	0	0	0	0	0	1
1758	7	10	4	0	0	0	0	0	0	0	1
1759	7	10	4	0	0	0	0	0	0	0	1
1760	7	10	4	0	0	0	0	0	0	0	1
1761	7	10	4	0	0	0	0	0	0	0	1
1762	7	10	4	0	0	0	0	0	0	0	1
1763	7	10	4	0	0	0	0	0	0	0	1
1764	7	10	4	0	0	0	0	0	0	0	1
1765	7	10	4	0	0	0	0	0	0	0	1
1766	7	10	4	0	0	0	0	0	0	0	1
1767	7	10	4	0	0	0	0	0	0	0	1
1768	7	10	4	0	0	0	0	0	0	0	1
1769	7	10	4	0	0	0	0	0	0	0	1
1770	7	10	4	0	0	0	0	0	0	0	1
1771	7	10	4	0	0	0	0	0	0	0	1
1772	7	10	4	0	0	0	0	0	0	0	1
1773	7	10	4	0	0	0	0	0	0	0	1
1774	7	10	4	0	0	0	0	0	0	0	1
1775	7	10	4	0	0	0	0	0	0	0	1
1776	7	10	4	0	0	0	0	0	0	0	1
1777	7	10	4	0	0	0	0	0	0	0	1
1778	7	10	4	0	0	0	0	0	0	0	1
1779	7	10	4	0	0	0	0	0	0	0	1
1780	7	10	4	0	0	0	0	0	0	0	1
1781	7	10	4	0	0	0	0	0	0	0	1
1782	7	10	4	0	0	0	0	0	0	0	1
1783	7	10	4	0	0	0	0	0	0	0	1
1784	7	10	4	0	0	0	0	0	0	0	1
1785	7	10	4	0	0	0	0	0	0	0	1
1786	7	10	4	0	0	0	0	0	0	0	1
1787	7	10	4	0	0	0	0	0	0	0	1
1788	7	10	4	0	0	0	0	0	0	0	1
1789	7	10	4	0	0	0	0	0	0	0	1
1790	7	10	4	0	0	0	0	0	0	0	1
1791	7	10	4	0	0	0	0	0	0	0	1
1792	7	10	4	0	0	0	0	0	0	0	1
1793	7	10	4	0	0	0	0	0	0	0	1
1794	7	10	4	0	0	0	0	0	0	0	1
1795	7	10	4	0	0	0	0	0	0	0	1
1796	7	10	4	0	0	0	0	0	0	0	1
1797	7	10	4	0	0	0	0	0	0	0	1
1798	7	10	4	0	0	0	0	0	0	0	1
1799	7	10	4	0	0	0	0	0	0	0	1
1800	7	10	4	0	0	0	0	0	0	0	1
1801	7	10	4	0	0	0	0	0	0	0	1
1802	7	10	4	0	0	0	0	0	0	0	1
1803	7	10	4	0	0	0	0	0	0	0	1
1804	7	10	4	0	0	0	0	0	0	0	1
1805	7	10	4	0	0	0	0	0	0	0	1
1806	7	10	4	0	0	0	0	0	0	0	1
1807	7	10	4	0	0	0	0	0	0	0	1
1808	7	10	4	0	0	0	0	0	0	0	1
1809	7	10	4	0	0	0	0	0	0	0	1
1810	7	10	4	0	0	0	0	0	0	0	1
1811	7	10	4	0	0	0	0	0	0	0	1
1812	7	10	4	0	0	0	0	0	0	0	1
1813	7	10	4	0	0	0	0	0	0	0	1
1814	7	10	4	0	0	0	0	0	0	0	1
1815	7	10	4	0	0	0	0	0	0	0	1
1816	7	10	4	0	0	0	0	0	0	0	1
1817	7	10	4	0	0	0	0	0	0	0	1
1818	7	10	4	0	0	0	0	0	0	0	1
1819	7	10	4	0	0	0	0	0	0	0	1
1820	7	10	4	0	0	0	0	0	0	0	1
1821	7	10	4	0	0	0	0	0	0	0	1
1822	7	10	4	0	0	0	0	0	0	0	1
1823	7	10	4	0	0	0	0	0	0	0	1
1824	7	10	4	0	0	0	0	0	0	0	1
1825	7	10	4	0	0	0	0	0	0	0	1
1826	7	10	4	0	0	0	0	0	0	0	1
1827	7	10	4	0	0	0	0	0	0	0	1
1828	7	10	4	0	0	0	0	0	0	0	1
1829	7	10	4	0	0	0	0	0	0	0	1
1830	7	10	4	0	0	0	0	0	0	0	1
1831	7	10	4	0	0	0	0	0	0	0	1
1832	7	10	4	0	0	0	0	0	0	0	1
1833	7	10	4	0	0	0	0	0	0	0	1
1834	7	10	4	0	0	0	0	0	0	0	1
1835	7	10	4	0	0	0	0	0	0	0	1
1836	7	10	4	0	0	0	0	0	0	0	1
1837	7	10	4	0	0	0	0	0	0	0	1
1838	7	10	4	0	0	0	0	0	0	0	1
1839	7	10	4	0	0	0	0	0	0	0	1
1840	7	10	4	0	0	0	0	0	0	0	1
1841	7	10	4	0	0	0	0	0	0	0	1
1842	7	10	4	0	0	0	0	0	0	0	1
1843	7	10	4	0	0	0	0	0	0	0	1
1844	7	10	4	0	0	0	0	0	0	0	1
1845	7	10	4	0	0	0	0	0	0	0	1
1846	7	10	4	0	0	0	0	0	0	0	1
1847	7	10	4	0	0	0	0	0	0	0	1
1848	7	10	4	0	0	0	0	0	0	0	1
1849	7	10	4	0	0	0	0	0	0	0	1
1850	7	10	4	0	0	0	0	0	0	0	1
1851	7	10	4	0	0	0	0	0	0	0	1
1852	7	10	4	0	0	0	0	0	0	0	1
1853	7	10	4	0	0	0	0	0	0	0	1
1854	7	10	4	0	0	0	0	0	0	0	1
1855	7	10	4	0	0	0	0	0	0	0	1
1856	7	10	4	0	0	0	0	0	0	0	1
1857	7	10	4	0	0	0	0	0	0	0	1
1858	7	10	4	0	0	0	0	0	0	0	1
1859	7	10	4	0	0	0	0	0	0	0	1
1860	7	10	4	0	0	0	0	0	0	0	1
1861	7	10	4	0	0	0	0	0	0	0	1
1862	7	10	4	0	0	0	0	0	0	0	1
1863	7	10	4	0	0	0	0	0	0	0	1
1864	7	10	4	0	0	0	0	0	0	0	1
1865	7	10	4	0	0	0	0	0	0	0	1
1866	7	10	4	0	0	0	0	0	0	0	1
1867	7	10	4	0	0	0	0	0	0	0	1
1868	7	10	4	0	0	0	0	0	0	0	1
1869	7	10	4	0	0	0	0	0	0	0	1
1870	7	10	4	0	0	0	0	0	0	0	1
1871	7	10	4	0	0	0	0	0	0	0	1
1872	7	10	4	0	0	0	0	0	0	0	1
1873	7	10	4	0	0	0	0	0	0	0	1
1874	7	10	4	0	0	0	0	0	0	0	1
1875	7	10	4	0	0	0	0	0	0	0	1
1876	7	10	4	0	0	0	0	0	0	0	1
1877	7	10	4	0	0	0	0	0	0	0	1
1878	7	10	4	0	0	0	0	0	0	0	1
1879	7	10	4	0	0	0	0	0	0	0	1
1880	7	10	4	0	0	0	0	0	0	0	1
1881	7	10	4	0	0	0	0	0	0	0	1
1882	7	10	4	0	0	0	0	0	0	0	1
1883	7	10	4	0	0	0	0	0	0	0	1
1884	7	10	4	0	0	0	0	0	0	0	1
1885	7	10	4	0	0	0	0	0	0	0	1
1886	7	10	4	0	0	0	0	0	0	0	1
1887	7	10	4	0	0	0	0	0	0	0	1
1888	7	10	4	0	0	0	0	0	0	0	1
1889	7	10	4	0	0	0	0	0	0	0	1
1890	7	10	4	0	0	0	0	0	0	0	1
1891	7	10	4	0	0	0	0	0	0	0	1
1892	7	10	4	0	0	0	0	0	0	0	1
1893	7	10	4	0	0	0	0	0	0	0	1
1894	7	10	4	0	0	0	0	0	0	0	1
1895	7	10	4	0	0	0	0	0	0	0	1
1896	7	10	4	0	0	0	0	0	0	0	1
1897	7	10	4	0	0	0	0	0	0	0	1
1898	7	10	4	0	0	0	0	0	0	0	1
1899	7	10	4	0	0	0	0	0	0	0	1
1900	7	10	4	0	0	0	0	0	0	0	1
1901	7	10	4	0	0	0	0	0	0	0	1
1902	7	10	4	0	0	0	0	0	0	0	1
1903	7	10	4	0	0	0	0	0	0	0	1
1904	7	10	4	0	0	0	0	0	0	0	1
1905	7	10	4	0	0	0	0	0	0	0	1
1906	7	10	4	0	0	0	0	0	0	0	1
1907	7	10	4	0	0	0	0	0	0	0	1
1908	7	10	4	0	0	0	0	0	0	0	1
1909	7	10	4	0	0	0	0	0	0	0	1
1910	7	10	4	0	0	0	0	0	0	0	1
1911	7	10	4	0	0	0	0	0	0	0	1
1912	7	10	4	0	0	0	0	0	0	0	1
1913	7	10	4	0	0	0	0	0	0	0	1
1914	7	10	4	0	0	0	0	0	0	0	1
1915	7	10	4	0	0	0	0	0	0	0	1
1916	7	10	4	0	0	0	0	0	0	0	1
1917	7	10	4	0	0	0	0	0	0	0	1
1918	7	10	4	0	0	0	0	0	0	0	1
1919	7	10	4	0	0	0	0	0	0	0	1
1920	7	10	4	0	0	0	0	0	0	0	1
1921	7	10	4	0	0	0	0	0	0	0	1
1922	7	10	4	0	0	0	0	0	0	0	1
1923	7	10	4	0	0	0	0	0	0	0	1
1924	7	10	4	0	0	0	0	0	0	0	1
1925	7	10	4	0	0	0	0	0	0	0	1
1926	7	10	4	0	0	0	0	0	0	0	1
1927	7	10	4	0	0	0	0	0	0	0	1
1928	7	10	4	0	0	0	0	0	0	0	1
1929	7	10	4	0	0	0	0	0	0	0	1
1930	7	10	4	0	0	0	0	0	0	0	1
1931	7	10	4	0	0	0	0	0	0	0	1
1932	7	10	4	0	0	0	0	0	0	0	1
1933	7	10	4	0	0	0	0	0	0	0	1
1934	7	10	4	0	0	0	0	0	0	0	1
1935	7	10	4	0	0	0	0	0	0	0	1
1936	7	10	4	0	0	0	0	0	0	0	1
1937	7	10	4	0	0	0	0	0	0	0	1
1938	7	10	4	0	0	0	0	0	0	0	1
1939	7	10	4	0	0	0	0	0	0	0	1
1940	7	10	4	0	0	0	0	0	0	0	1
1941	7	10	4	0	0	0	0	0	0	0	1
1942	7	10	4	0	0	0	0	0	0	0	1
1943	7	10	4	0	0	0	0	0	0	0	1
1944	7	10	4	0	0	0	0	0	0	0	1
1945	7	10	4	0	0	0	0	0	0	0	1
1946	7	10	4	0	0	0	0	0	0	0	1
1947	7	10	4	0	0	0	0	0	0	0	1
1948	7	10	4	0	0	0	0	0	0	0	1
1949	7	10	4	0	0	0	0	0	0	0	1
1950	7	10	4	0	0	0	0	0	0	0	1
1951	7	10	4	0	0	0	0	0	0	0	1
1952	7	10	4	0	0	0	0	0	0	0	1
1953	7	10	4	0	0	0	0	0	0	0	1
1954	7	10	4	0	0	0	0	0	0	0	1
1955	7	10	4	0	0	0	0	0	0	0	1
1956	7	10	4	0	0	0	0	0	0	0	1
1957	7	10	4	0	0	0	0	0	0	0	1
1958	7	10	4	0	0	0	0	0	0	0	1
1959	7	10	4	0	0	0	0	0	0	0	1
1960	7	10	4	0	0	0	0	0	0	0	1
1961	7	10	4	0	0	0	0	0	0	0	1
1962	7	10	4	0	0	0	0	0	0	0	1
1963	7	10	4	0	0	0	0	0	0	0	1
1964	7	10	4	0	0	0	0	0	0	0	1
1965	7	10	4	0	0	0	0	0	0	0	1
1966	7	10	4	0	0	0	0	0	0	0	1
1967	7	10	4	0	0	0	0	0	0	0	1
1968	7	10	4	0	0	0	0	0	0	0	1
1969	7	10	4	0	0	0	0	0	0	0	1
1970	7	10	4	0	0	0	0	0	0	0	1
1971	7	10	4	0	0	0	0	0	0	0	1
1972	7	10	4	0	0	0	0	0	0	0	1
1973	7	10	4	0	0	0	0	0	0	0	1
1974	7	10	4	0	0	0	0	0	0	0	1
1975	7	10	4	0	0	0	0	0	0	0	1
1976	7	10	4	0	0	0	0	0	0	0	1
1977	7	10	4	0	0	0	0	0	0	0	1
1978	7	10	4	0	0	0	0	0	0	0	1
1979	7	10	4	0	0	0	0	0	0	0	1
1980	7	10	4	0	0	0	0	0	0	0	1
1981	7	10	4	0	0	0	0	0	0	0	1
1982	7	10	4	0	0	0	0	0	0	0	1
1983	7	10	4	0	0	0	0	0	0	0	1
1984	7	10	4	0	0	0	0	0	0	0	1
1985	7	10	4	0	0	0	0	0	0	0	1
1986	7	10	4	0	0	0	0	0	0	0	1
1987	7	10	4	0	0	0	0	0	0	0	1
1988	7	10	4	0	0	0	0	0	0	0	1
1989	7	10	4	0	0	0	0	0	0	0	1
1990	7	10	4	0	0	0	0	0	0	0	1
1991	7	10	4	0	0	0	0	0	0	0	1
1992	7	10	4	0	0	0	0	0	0	0	1
1993	7	10	4	0	0	0	0	0	0	0	1
1994	7	10	4	0	0	0	0	0	0	0	1
1995	7	10	4	0	0	0	0	0	0	0	1
1996	7	10	4	0	0	0	0	0	0	0	1
1997	7	10	4	0	0	0	0	0	0	0	1
1998	7	10	4	0	0	0	0	0	0	0	1
1999	7	10	4	0	0	0	0	0	0	0	1
2000	7	10	4	0	0	0	0	0	0	0	1
2001	7	10	4	0	0	0	0	0	0	0	1
2002	7	10	4	0	0	0	0	0	0	0	1
2003	7	10	4	0	0	0	0	0	0	0	1
2004	7	10	4	0	0	0	0	0	0	0	1
2005	7	10	4	0	0	0	0	0	0	0	1
2006	7	10	4	0	0	0	0	0	0	0	1
2007	7	10	4	0	0	0	0	0	0	0	1
2008	7	10	4	0	0	0	0	0	0	0	1
2009	7	10	4	0	0	0	0	0	0	0	1
2010	7	10	4	0	0	0	0	0	0	0	1
2011	7	10	4	0	0	0	0	0	0	0	1
2012	7	10	4	0	0	0	0	0	0	0	1
2013	7	10	4	0	0	0	0	0	0	0	1
2014	7	10	4	0	0	0	0	0	0	0	1
2015	7	10	4	0	0	0	0	0	0	0	1
2016	7	10	4	0	0	0	0	0	0	0	1
2017	7	10	4	0	0	0	0	0	0	0	1
2018	7	10	4	0	0	0	0	0	0	0	1
2019	7	10	4	0	0	0	0	0	0	0	1
2020	7	10	4	0	0	0	0	0	0	0	1
2021	7	10	4	0	0	0	0	0	0	0	1
2022	7	10	4	0	0	0	0	0	0	0	1
2023	7	10	4	0	0	0	0	0	0	0	1
2024	7	10	4	0	0	0	0	0	0	0	1
2025	7	10	4	0	0	0	0	0	0	0	1
2026	7	10	4	0	0	0	0	0	0	0	1
2027	7	10	4	0	0	0	0	0	0	0	1
2028	7	10	4	0	0	0	0	0	0	0	1
2029	7	10	4	0	0	0	0	0	0	0	1
2030	7	10	4	0	0	0	0	0	0	0	1
2031	7	10	4	0	0	0	0	0	0	0	1
2032	7	10	4	0	0	0	0	0	0	0	1
2033	7	10	4	0	0	0	0	0	0	0	1
2034	7	10	4	0	0	0	0	0	0	0	1
2035	7	10	4	0	0	0	0	0	0	0	1
2036	7	10	4	0	0	0	0	0	0	0	1
2037	7	10	4	0	0	0	0	0	0	0	1
2038	7	10	4	0	0	0	0	0	0	0	1
2039	7	10	4	0	0	0	0	0	0	0	1
2040	7	10	4	0	0	0	0	0	0	0	1
2041	7	10	4	0	0	0	0	0	0	0	1
2042	7	10	4	0	0	0	0	0	0	0	1
2043	7	10	4	0	0	0	0	0	0	0	1
2044	7	10	4	0	0	0	0	0	0	0	1
2045	7	10	4	0	0	0	0	0	0	0	1
2046	7	10	4	0	0	0	0	0	0	0	1
2047	7	10	4	0	0	0	0	0	0	0	1
2048	7	10	4	0	0	0	0	0	0	0	1
2049	7	10	4	0	0	0	0	0	0	0	1
2050	7	10	4	0	0	0	0	0	0	0	1
2051	7	10	4	0	0	0	0	0	0	0	1
2052	7	10	4	0	0	0	0	0	0	0	1
2053	7	10	4	0	0	0	0	0	0	0	1
2054	7	10	4	0	0	0	0	0	0	0	1
2055	7	10	4	0	0	0	0	0	0	0	1
2056	7	10	4	0	0	0	0	0	0	0	1
2057	7	10	4	0	0	0	0	0	0	0	1
2058	7	10	4	0	0	0	0	0	0	0	1
2059	7	10	4	0	0	0	0	0	0	0	1
2060	7	10	4	0	0	0	0	0	0	0	1
2061	7	10	4	0	0	0	0	0	0	0	1
2062	7	10	4	0	0	0	0	0	0	0	1
2063	7	10	4	0	0	0	0	0	0	0	1
2064	7	10	4	0	0	0	0	0	0	0	1
2065	7	10	4	0	0	0	0	0	0	0	1
2066	7	10	4	0	0	0	0	0	0	0	1
2067	7	10	4	0	0	0	0	0	0	0	1
2068	7	10	4	0	0	0	0	0	0	0	1
2069	7	10	4	0	0	0	0	0	0	0	1
2070	7	10	4	0	0	0	0	0	0	0	1
2071	7	10	4	0	0	0	0	0	0	0	1
2072	7	10	4	0	0	0	0	0	0	0	1
2073	7	10	4	0	0	0	0	0	0	0	1
2074	7	10	4	0	0	0	0	0	0	0	1
2075	7	10	4	0	0	0	0	0	0	0	1
2076	7	10	4	0	0	0	0	0	0	0	1
2077	7	10	4	0	0	0	0	0	0	0	1
2078	7	10	4	0	0	0	0	0	0	0	1
2079	7	10	4	0	0	0	0	0	0	0	1
2080	7	10	4	0	0	0	0	0	0	0	1
2081	7	10	4	0	0	0	0	0	0	0	1
2082	7	10	4	0	0	0	0	0	0	0	1
2083	7	10	4	0	0	0	0	0	0	0	1
2084	7	10	4	0	0	0	0	0	0	0	1
2085	7	10	4	0	0	0	0	0	0	0	1
2086	7	10	4	0	0	0	0	0	0	0	1
2087	7	10	4	0	0	0	0	0	0	0	1
2088	7	10	4	0	0	0	0	0	0	0	1
2089	7	10	4	0	0	0	0	0	0	0	1
2090	7	10	4	0	0	0	0	0	0	0	1
2091	7	10	4	0	0	0	0	0	0	0	1
2092	7	10	4	0	0	0	0	0	0	0	1
2093	7	10	4	0	0	0	0	0	0	0	1
2094	7	10	4	0	0	0	0	0	0	0	1
2095	7	10	4	0	0	0	0	0	0	0	1
2096	7	10	4	0	0	0	0	0	0	0	1
2097	7	10	4	0	0	0	0	0	0	0	1
2098	7	10	4	0	0	0	0	0	0	0	1
2099	7	10	4	0	0	0	0	0	0	0	1
2100	7	10	4	0	0	0	0	0	0	0	1
2101	7	10	4	0	0	0	0	0	0	0	1
2102	7	10	4	0	0	0	0	0	0	0	1
2103	7	10	4	0	0	0	0	0	0	0	1
2104	7	10	4	0	0	0	0	0	0	0	1
2105	7	10	4	0	0	0	0	0	0	0	1
2106	7	10	4	0	0	0	0	0	0	0	1
2107	7	10	4	0	0	0	0	0	0	0	1
2108	7	10	4	0	0	0	0	0	0	0	1
2109	7	10	4	0	0	0	0	0	0	0	1
2110	7	10	4	0	0	0	0	0	0	0	1
2111	7	10	4	0	0	0	0	0	0	0	1
2112	7	10	4	0	0	0	0	0	0	0	1
2113	7	10	4	0	0	0	0	0	0	0	1
2114	7	10	4	0	0	0	0	0	0	0	1
2115	7	10	4	0	0	0	0	0	0	0	1
2116	7	10	4	0	0	0	0	0	0	0	1
2117	7	10	4	0	0	0	0	0	0	0	1
2118	7	10	4	0	0	0	0	0	0	0	1
2119	7	10	4	0	0	0	0	0	0	0	1
2120	7	10	4	0	0	0	0	0	0	0	1
2121	7	10	4	0	0	0	0	0	0	0	1
2122	7	10	4	0	0	0	0	0	0	0	1
2123	7	10	4	0	0	0	0	0	0	0	1
2124	7	10	4	0	0	0	0	0	0	0	1
2125	7	10	4	0	0	0	0	0	0	0	1
2126	7	10	4	0	0	0	0	0	0	0	1
2127	7	10	4	0	0	0	0	0	0	0	1
2128	7	10	4	0	0	0	0	0	0	0	1
2129	7	10	4	0	0	0	0	0	0	0	1
2130	7	10	4	0	0	0	0	0	0	0	1
2131	7	10	4	0	0	0	0	0	0	0	1
2132	7	10	4	0	0	0	0	0	0	0	1
2133	7	10	4	0	0	0	0	0	0	0	1
2134	7	10	4	0	0	0	0	0	0	0	1
2135	7	10	4	0	0	0	0	0	0	0	1
2136	7	10	4	0	0	0	0	0	0	0	1
2137	7	10	4	0	0	0	0	0	0	0	1
2138	7	10	4	0	0	0	0	0	0	0	1
2139	7	10	4	0	0	0	0	0	0	0	1
2140	7	10	4	0	0	0	0	0	0	0	1
2141	7	10	4	0	0	0	0	0	0	0	1
2142	7	10	4	0	0	0	0	0	0	0	1
2143	7	10	4	0	0	0	0	0	0	0	1
2144	7	10	4	0	0	0	0	0	0	0	1
2145	7	10	4	0	0	0	0	0	0	0	1
2146	7	10	4	0	0	0	0	0	0	0	1
2147	7	10	4	0	0	0	0	0	0	0	1
2148	7	10	4	0	0	0	0	0	0	0	1
2149	7	10	4	0	0	0	0	0	0	0	1
2150	7	10	4	0	0	0	0	0	0	0	1
2151	7	10	4	0	0	0	0	0	0	0	1
2152	7	10	4	0	0	0	0	0	0	0	1
2153	7	10	4	0	0	0	0	0	0	0	1
2154	7	10	4	0	0	0	0	0	0	0	1
2155	7	10	4	0	0	0	0	0	0	0	1
2156	7	10	4	0	0	0	0	0	0	0	1
2157	7	10	4	0	0	0	0	0	0	0	1
2158	7	10	4	0	0	0	0	0	0	0	1
2159	7	10	4	0	0	0	0	0	0	0	1
2160	7	10	4	0	0	0	0	0	0	0	1
2161	7	10	4	0	0	0	0	0	0	0	1
2162	7	10	4	0	0	0	0	0	0	0	1
2163	7	10	4	0	0	0	0	0	0	0	1
2164	7	10	4	0	0	0	0	0	0	0	1
2165	7	10	4	0	0	0	0	0	0	0	1
2166	7	10	4	0	0	0	0	0	0	0	1
2167	7	10	4	0	0	0	0	0	0	0	1
2168	7	10	4	0	0	0	0	0	0	0	1
2169	7	10	4	0	0	0	0	0	0	0	1
2170	7	10	4	0	0	0	0	0	0	0	1
2171	8	5	4	0	0	0	0	0	0	0	1
2172	5	5	3	0	0	0	0	0	0	0	1
2173	6	5	3	0	0	0	0	0	0	1	1
2174	7	5	3	0	0	0	0	0	0	1	1
2175	7	5	3	0	0	0	0	0	0	1	1
2176	7	5	3	0	0	0	0	0	0	1	1
2177	7	5	3	0	0	0	0	0	0	1	1
2178	7	5	3	0	0	0	0	0	0	1	1
2179	7	5	3	0	0	0	0	0	0	1	1
2180	7	5	3	0	0	0	0	0	0	1	1
2181	7	5	3	0	0	0	0	0	0	1	1
2182	7	5	3	0	0	0	0	0	0	1	1
2183	7	5	3	0	0	0	0	0	0	1	1
2184	7	5	3	0	0	0	0	0	0	1	1
2185	7	5	3	0	0	0	0	0	0	1	1
2186	7	5	3	0	0	0	0	0	0	1	1
2187	7	5	3	0	0	0	0	0	0	1	1
2188	7	5	3	0	0	0	0	0	0	1	1
2189	7	5	3	0	0	0	0	0	0	1	1
2190	7	5	3	0	0	0	0	0	0	1	1
2191	7	5	3	0	0	0	0	0	0	1	1
2192	7	5	3	0	0	0	0	0	0	1	1
2193	7	5	3	0	0	0	0	0	0	1	1
2194	7	5	3	0	0	0	0	0	0	1	1
2195	7	5	3	0	0	0	0	0	0	1	1
2196	7	5	3	0	0	0	0	0	0	1	1
2197	7	5	3	0	0	0	0	0	0	1	1
2198	7	5	3	0	0	0	0	0	0	1	1
2199	7	5	3	0	0	0	0	0	0	1	1
2200	7	5	3	0	0	0	0	0	0	1	1
2201	7	5	3	0	0	0	0	0	0	1	1
2202	7	5	3	0	0	0	0	0	0	1	1
2203	7	5	3	0	0	0	0	0	0	1	1
2204	7	5	3	0	0	0	0	0	0	1	1
2205	7	5	3	0	0	0	0	0	0	1	1
2206	7	5	3	0	0	0	0	0	0	1	1
2207	7	5	3	0	0	0	0	0	0	1	1
2208	7	5	3	0	0	0	0	0	0	1	1
2209	7	5	3	0	0	0	0	0	0	1	1
2210	7	5	3	0	0	0	0	0	0	1	1
2211	7	5	3	0	0	0	0	0	0	1	1
2212	7	5	3	0	0	0	0	0	0	1	1
2213	7	5	3	0	0	0	0	0	0	1	1
2214	7	5	3	0	0	0	0	0	0	1	1
2215	7	5	3	0	0	0	0	0	0	1	1
2216	7	5	3	0	0	0	0	0	0	1	1
2217	7	5	3	0	0	0	0	0	0	1	1
2218	7	5	3	0	0	0	0	0	0	1	1
2219	7	5	3	0	0	0	0	0	0	1	1
2220	7	5	3	0	0	0	0	0	0	1	1
2221	7	5	3	0	0	0	0	0	0	1	1
2222	7	5	3	0	0	0	0	0	0	1	1
2223	7	5	3	0	0	0	0	0	0	1	1
2224	7	5	3	0	0	0	0	0	0	1	1
2225	7	5	3	0	0	0	0	0	0	1	1
2226	7	5	3	0	0	0	0	0	0	1	1
2227	7	5	3	0	0	0	0	0	0	1	1
2228	7	5	3	0	0	0	0	0	0	1	1
2229	7	5	3	0	0	0	0	0	0	1	1
2230	7	5	3	0	0	0	0	0	0	1	1
2231	7	5	3	0	0	0	0	0	0	1	1
2232	7	5	3	0	0	0	0	0	0	1	1
2233	7	5	3	0	0	0	0	0	0	1	1
2234	7	5	3	0	0	0	0	0	0	1	1
2235	7	5	3	0	0	0	0	0	0	1	1
2236	7	5	3	0	0	0	0	0	0	1	1
2237	7	5	3	0	0	0	0	0	0	1	1
2238	7	5	3	0	0	0	0	0	0	1	1
2239	7	5	3	0	0	0	0	0	0	1	1
2240	7	5	3	0	0	0	0	0	0	1	1
2241	7	5	3	0	0	0	0	0	0	1	1
2242	7	5	3	0	0	0	0	0	0	1	1
2243	7	5	3	0	0	0	0	0	0	1	1
2244	7	5	3	0	0	0	0	0	0	1	1
2245	7	5	3	0	0	0	0	0	0	1	1
2246	7	5	3	0	0	0	0	0	0	1	1
2247	7	5	3	0	0	0	0	0	0	1	1
2248	7	5	3	0	0	0	0	0	0	1	1
2249	7	5	3	0	0	0	0	0	0	1	1
2250	7	5	3	0	0	0	0	0	0	1	1
2251	7	5	3	0	0	0	0	0	0	1	1
2252	7	5	3	0	0	0	0	0	0	1	1
2253	7	5	3	0	0	0	0	0	0	1	1
2254	7	5	3	0	0	0	0	0	0	1	1
2255	7	5	3	0	0	0	0	0	0	1	1
2256	7	5	3	0	0	0	0	0	0	1	1
2257	7	5	3	0	0	0	0	0	0	1	1
2258	7	5	3	0	0	0	0	0	0	1	1
2259	7	5	3	0	0	0	0	0	0	1	1
2260	7	5	3	0	0	0	0	0	0	1	1
2261	7	5	3	0	0	0	0	0	0	1	1
2262	7	5	3	0	0	0	0	0	0	1	1
2263	7	5	3	0	0	0	0	0	0	1	1
2264	7	5	3	0	0	0	0	0	0	1	1
2265	7	5	3	0	0	0	0	0	0	1	1
2266	7	5	3	0	0	0	0	0	0	1	1
2267	7	5	3	0	0	0	0	0	0	1	1
2268	7	5	3	0	0	0	0	0	0	1	1
2269	7	5	3	0	0	0	0	0	0	1	1
2270	7	5	3	0	0	0	0	0	0	1	1
2271	7	5	3	0	0	0	0	0	0	1	1
2272	7	5	3	0	0	0	0	0	0	1	1
2273	7	5	3	0	0	0	0	0	0	1	1
2274	7	5	3	0	0	0	0	0	0	1	1
2275	7	5	3	0	0	0	0	0	0	1	1
2276	7	5	3	0	0	0	0	0	0	1	1
2277	7	5	3	0	0	0	0	0	0	1	1
2278	7	5	3	0	0	0	0	0	0	1	1
2279	7	5	3	0	0	0	0	0	0	1	1
2280	7	5	3	0	0	0	0	0	0	1	1
2281	7	5	3	0	0	0	0	0	0	1	1
2282	7	5	3	0	0	0	0	0	0	1	1
2283	7	5	3	0	0	0	0	0	0	1	1
2284	7	5	3	0	0	0	0	0	0	1	1
2285	7	5	3	0	0	0	0	0	0	1	1
2286	7	5	3	0	0	0	0	0	0	1	1
2287	7	5	3	0	0	0	0	0	0	1	1
2288	7	5	3	0	0	0	0	0	0	1	1
2289	7	5	3	0	0	0	0	0	0	1	1
2290	7	5	3	0	0	0	0	0	0	1	1
2291	7	5	3	0	0	0	0	0	0	1	1
2292	7	5	3	0	0	0	0	0	0	1	1
2293	7	5	3	0	0	0	0	0	0	1	1
2294	7	5	3	0	0	0	0	0	0	1	1
2295	7	5	3	0	0	0	0	0	0	1	1
2296	7	5	3	0	0	0	0	0	0	1	1
2297	7	5	3	0	0	0	0	0	0	1	1
2298	7	5	3	0	0	0	0	0	0	1	1
2299	7	5	3	0	0	0	0	0	0	1	1
2300	7	5	3	0	0	0	0	0	0	1	1
2301	7	5	3	0	0	0	0	0	0	1	1
2302	7	5	3	0	0	0	0	0	0	1	1
2303	7	5	3	0	0	0	0	0	0	1	1
2304	7	5	3	0	0	0	0	0	0	1	1
2305	7	5	3	0	0	0	0	0	0	1	1
2306	7	5	3	0	0	0	0	0	0	1	1
2307	7	5	3	0	0	0	0	0	0	1	1
2308	7	5	3	0	0	0	0	0	0	1	1
2309	7	5	3	0	0	0	0	0	0	1	1
2310	7	5	3	0	0	0	0	0	0	1	1
2311	7	5	3	0	0	0	0	0	0	1	1
2312	7	5	3	0	0	0	0	0	0	1	1
2313	7	5	3	0	0	0	0	0	0	1	1
2314	7	5	3	0	0	0	0	0	0	1	1
2315	7	5	3	0	0	0	0	0	0	1	1
2316	7	5	3	0	0	0	0	0	0	1	1
2317	7	5	3	0	0	0	0	0	0	1	1
2318	7	5	3	0	0	0	0	0	0	1	1
2319	7	5	3	0	0	0	0	0	0	1	1
2320	7	5	3	0	0	0	0	0	0	1	1
2321	7	5	3	0	0	0	0	0	0	1	1
2322	7	5	3	0	0	0	0	0	0	1	1
2323	7	5	3	0	0	0	0	0	0	1	1
2324	7	5	3	0	0	0	0	0	0	1	1
2325	7	5	3	0	0	0	0	0	0	1	1
2326	7	5	3	0	0	0	0	0	0	1	1
2327	7	5	3	0	0	0	0	0	0	1	1
2328	7	5	3	0	0	0	0	0	0	1	1
2329	7	5	3	0	0	0	0	0	0	1	1
2330	7	5	3	0	0	0	0	0	0	1	1
2331	7	5	3	0	0	0	0	0	0	1	1
2332	7	5	3	0	0	0	0	0	0	1	1
2333	7	5	3	0	0	0	0	0	0	1	1
2334	7	5	3	0	0	0	0	0	0	1	1
2335	7	5	3	0	0	0	0	0	0	1	1
2336	7	5	3	0	0	0	0	0	0	1	1
2337	7	5	3	0	0	0	0	0	0	1	1
2338	7	5	3	0	0	0	0	0	0	1	1
2339	7	5	3	0	0	0	0	0	0	1	1
2340	7	5	3	0	0	0	0	0	0	1	1
2341	7	5	3	0	0	0	0	0	0	1	1
2342	7	5	3	0	0	0	0	0	0	1	1
2343	7	5	3	0	0	0	0	0	0	1	1
2344	7	5	3	0	0	0	0	0	0	1	1
2345	7	5	3	0	0	0	0	0	0	1	1
2346	7	5	3	0	0	0	0	0	0	1	1
2347	7	5	3	0	0	0	0	0	0	1	1
2348	7	5	3	0	0	0	0	0	0	1	1
2349	7	5	3	0	0	0	0	0	0	1	1
2350	7	5	3	0	0	0	0	0	0	1	1
2351	7	5	3	0	0	0	0	0	0	1	1
2352	7	5	3	0	0	0	0	0	0	1	1
2353	7	5	3	0	0	0	0	0	0	1	1
2354	7	5	3	0	0	0	0	0	0	1	1
2355	7	5	3	0	0	0	0	0	0	1	1
2356	7	5	3	0	0	0	0	0	0	1	1
2357	7	5	3	0	0	0	0	0	0	1	1
2358	7	5	3	0	0	0	0	0	0	1	1
2359	7	5	3	0	0	0	0	0	0	1	1
2360	7	5	3	0	0	0	0	0	0	1	1
2361	7	5	3	0	0	0	0	0	0	1	1
2362	7	5	3	0	0	0	0	0	0	1	1
2363	7	5	3	0	0	0	0	0	0	1	1
2364	7	5	3	0	0	0	0	0	0	1	1
2365	7	5	3	0	0	0	0	0	0	1	1
2366	7	5	3	0	0	0	0	0	0	1	1
2367	7	5	3	0	0	0	0	0	0	1	1
2368	7	5	3	0	0	0	0	0	0	1	1
2369	7	5	3	0	0	0	0	0	0	1	1
2370	7	5	3	0	0	0	0	0	0	1	1
2371	7	5	3	0	0	0	0	0	0	1	1
2372	7	5	3	0	0	0	0	0	0	1	1
2373	7	5	3	0	0	0	0	0	0	1	1
2374	7	5	3	0	0	0	0	0	0	1	1
2375	7	5	3	0	0	0	0	0	0	1	1
2376	7	5	3	0	0	0	0	0	0	1	1
2377	7	5	3	0	0	0	0	0	0	1	1
2378	7	5	3	0	0	0	0	0	0	1	1
2379	7	5	3	0	0	0	0	0	0	1	1
2380	7	5	3	0	0	0	0	0	0	1	1
2381	7	5	3	0	0	0	0	0	0	1	1
2382	7	5	3	0	0	0	0	0	0	1	1
2383	7	5	3	0	0	0	0	0	0	1	1
2384	7	5	3	0	0	0	0	0	0	1	1
2385	7	5	3	0	0	0	0	0	0	1	1
2386	7	5	3	0	0	0	0	0	0	1	1
2387	7	5	3	0	0	0	0	0	0	1	1
2388	7	5	3	0	0	0	0	0	0	1	1
2389	7	5	3	0	0	0	0	0	0	1	1
2390	7	5	3	0	0	0	0	0	0	1	1
2391	7	5	3	0	0	0	0	0	0	1	1
2392	7	5	3	0	0	0	0	0	0	1	1
2393	7	5	3	0	0	0	0	0	0	1	1
2394	7	5	3	0	0	0	0	0	0	1	1
2395	7	5	3	0	0	0	0	0	0	1	1
2396	7	5	3	0	0	0	0	0	0	1	1
2397	7	5	3	0	0	0	0	0	0	1	1
2398	7	5	3	0	0	0	0	0	0	1	1
2399	7	5	3	0	0	0	0	0	0	1	1
2400	7	5	3	0	0	0	0	0	0	1	1
2401	7	5	3	0	0	0	0	0	0	1	1
2402	7	5	3	0	0	0	0	0	0	1	1
2403	7	5	3	0	0	0	0	0	0	1	1
2404	7	5	3	0	0	0	0	0	0	1	1
2405	7	5	3	0	0	0	0	0	0	1	1
2406	7	5	3	0	0	0	0	0	0	1	1
2407	7	5	3	0	0	0	0	0	0	1	1
2408	7	5	3	0	0	0	0	0	0	1	1
2409	7	5	3	0	0	0	0	0	0	1	1
2410	7	5	3	0	0	0	0	0	0	1	1
2411	7	5	3	0	0	0	0	0	0	1	1
2412	7	5	3	0	0	0	0	0	0	1	1
2413	7	5	3	0	0	0	0	0	0	1	1
2414	7	5	3	0	0	0	0	0	0	1	1
2415	7	5	3	0	0	0	0	0	0	1	1
2416	7	5	3	0	0	0	0	0	0	1	1
2417	7	5	3	0	0	0	0	0	0	1	1
2418	7	5	3	0	0	0	0	0	0	1	1
2419	7	5	3	0	0	0	0	0	0	1	1
2420	7	5	3	0	0	0	0	0	0	1	1
2421	7	5	3	0	0	0	0	0	0	1	1
2422	7	5	3	0	0	0	0	0	0	1	1
2423	7	5	3	0	0	0	0	0	0	1	1
2424	7	5	3	0	0	0	0	0	0	1	1
2425	7	5	3	0	0	0	0	0	0	1	1
2426	7	5	3	0	0	0	0	0	0	1	1
2427	7	5	3	0	0	0	0	0	0	1	1
2428	7	5	3	0	0	0	0	0	0	1	1
2429	7	5	3	0	0	0	0	0	0	1	1
2430	7	5	3	0	0	0	0	0	0	1	1
2431	7	5	3	0	0	0	0	0	0	1	1
2432	7	5	3	0	0	0	0	0	0	1	1
2433	7	5	3	0	0	0	0	0	0	1	1
2434	7	5	3	0	0	0	0	0	0	1	1
2435	7	5	3	0	0	0	0	0	0	1	1
2436	7	5	3	0	0	0	0	0	0	1	1
2437	7	5	3	0	0	0	0	0	0	1	1
2438	7	5	3	0	0	0	0	0	0	1	1
2439	7	5	3	0	0	0	0	0	0	1	1
2440	7	5	3	0	0	0	0	0	0	1	1
2441	7	5	3	0	0	0	0	0	0	1	1
2442	7	5	3	0	0	0	0	0	0	1	1
2443	7	5	3	0	0	0	0	0	0	1	1
2444	7	5	3	0	0	0	0	0	0	1	1
2445	7	5	3	0	0	0	0	0	0	1	1
2446	7	5	3	0	0	0	0	0	0	1	1
2447	7	5	3	0	0	0	0	0	0	1	1
2448	7	5	3	0	0	0	0	0	0	1	1
2449	7	5	3	0	0	0	0	0	0	1	1
2450	7	5	3	0	0	0	0	0	0	1	1
2451	7	5	3	0	0	0	0	0	0	1	1
2452	7	5	3	0	0	0	0	0	0	1	1
2453	7	5	3	0	0	0	0	0	0	1	1
2454	7	5	3	0	0	0	0	0	0	1	1
2455	7	5	3	0	0	0	0	0	0	1	1
2456	7	5	3	0	0	0	0	0	0	1	1
2457	7	5	3	0	0	0	0	0	0	1	1
2458	7	5	3	0	0	0	0	0	0	1	1
2459	7	5	3	0	0	0	0	0	0	1	1
2460	7	5	3	0	0	0	0	0	0	1	1
2461	7	5	3	0	0	0	0	0	0	1	1
2462	7	5	3	0	0	0	0	0	0	1	1
2463	7	5	3	0	0	0	0	0	0	1	1
2464	7	5	3	0	0	0	0	0	0	1	1
2465	7	5	3	0	0	0	0	0	0	1	1
2466	7	5	3	0	0	0	0	0	0	1	1
2467	7	5	3	0	0	0	0	0	0	1	1
2468	7	5	3	0	0	0	0	0	0	1	1
2469	7	5	3	0	0	0	0	0	0	1	1
2470	7	5	3	0	0	0	0	0	0	1	1
2471	7	5	3	0	0	0	0	0	0	1	1
2472	7	5	3	0	0	0	0	0	0	1	1
2473	7	5	3	0	0	0	0	0	0	1	1
2474	7	5	3	0	0	0	0	0	0	1	1
2475	7	5	3	0	0	0	0	0	0	1	1
2476	7	5	3	0	0	0	0	0	0	1	1
2477	7	5	3	0	0	0	0	0	0	1	1
2478	7	5	3	0	0	0	0	0	0	1	1
2479	7	5	3	0	0	0	0	0	0	1	1
2480	7	5	3	0	0	0	0	0	0	1	1
2481	7	5	3	0	0	0	0	0	0	1	1
2482	7	5	3	0	0	0	0	0	0	1	1
2483	7	5	3	0	0	0	0	0	0	1	1
2484	7	5	3	0	0	0	0	0	0	1	1
2485	7	5	3	0	0	0	0	0	0	1	1
2486	7	5	3	0	0	0	0	0	0	1	1
2487	7	5	3	0	0	0	0	0	0	1	1
2488	7	5	3	0	0	0	0	0	0	1	1
2489	7	5	3	0	0	0	0	0	0	1	1
2490	7	5	3	0	0	0	0	0	0	1	1
2491	7	5	3	0	0	0	0	0	0	1	1
2492	7	5	3	0	0	0	0	0	0	1	1
2493	7	5	3	0	0	0	0	0	0	1	1
2494	7	5	3	0	0	0	0	0	0	1	1
2495	7	5	3	0	0	0	0	0	0	1	1
2496	7	5	3	0	0	0	0	0	0	1	1
2497	7	5	3	0	0	0	0	0	0	1	1
2498	7	5	3	0	0	0	0	0	0	1	1
2499	7	5	3	0	0	0	0	0	0	1	1
2500	7	5	3	0	0	0	0	0	0	1	1
2501	7	5	3	0	0	0	0	0	0	1	1
2502	7	5	3	0	0	0	0	0	0	1	1
2503	7	5	3	0	0	0	0	0	0	1	1
2504	7	5	3	0	0	0	0	0	0	1	1
2505	7	5	3	0	0	0	0	0	0	1	1
2506	7	5	3	0	0	0	0	0	0	1	1
2507	7	5	3	0	0	0	0	0	0	1	1
2508	7	5	3	0	0	0	0	0	0	1	1
2509	7	5	3	0	0	0	0	0	0	1	1
2510	7	5	3	0	0	0	0	0	0	1	1
2511	7	5	3	0	0	0	0	0	0	1	1
2512	7	5	3	0	0	0	0	0	0	1	1
2513	7	5	3	0	0	0	0	0	0	1	1
2514	7	5	3	0	0	0	0	0	0	1	1
2515	7	5	3	0	0	0	0	0	0	1	1
2516	7	5	3	0	0	0	0	0	0	1	1
2517	7	5	3	0	0	0	0	0	0	1	1
2518	7	5	3	0	0	0	0	0	0	1	1
2519	7	5	3	0	0	0	0	0	0	1	1
2520	7	5	3	0	0	0	0	0	0	1	1
2521	7	5	3	0	0	0	0	0	0	1	1
2522	7	5	3	0	0	0	0	0	0	1	1
2523	7	5	3	0	0	0	0	0	0	1	1
2524	7	5	3	0	0	0	0	0	0	1	1
2525	7	5	3	0	0	0	0	0	0	1	1
2526	7	5	3	0	0	0	0	0	0	1	1
2527	7	5	3	0	0	0	0	0	0	1	1
2528	7	5	3	0	0	0	0	0	0	1	1
2529	7	5	3	0	0	0	0	0	0	1	1
2530	7	5	3	0	0	0	0	0	0	1	1
2531	7	5	3	0	0	0	0	0	0	1	1
2532	7	5	3	0	0	0	0	0	0	1	1
2533	7	5	3	0	0	0	0	0	0	1	1
2534	7	5	3	0	0	0	0	0	0	1	1
2535	7	5	3	0	0	0	0	0	0	1	1
2536	7	5	3	0	0	0	0	0	0	1	1
2537	7	5	3	0	0	0	0	0	0	1	1
2538	7	5	3	0	0	0	0	0	0	1	1
2539	7	5	3	0	0	0	0	0	0	1	1
2540	7	5	3	0	0	0	0	0	0	1	1
2541	7	5	3	0	0	0	0	0	0	1	1
2542	7	5	3	0	0	0	0	0	0	1	1
2543	7	5	3	0	0	0	0	0	0	1	1
2544	7	5	3	0	0	0	0	0	0	1	1
2545	7	5	3	0	0	0	0	0	0	1	1
2546	7	5	3	0	0	0	0	0	0	1	1
2547	7	5	3	0	0	0	0	0	0	1	1
2548	7	5	3	0	0	0	0	0	0	1	1
2549	7	5	3	0	0	0	0	0	0	1	1
2550	7	5	3	0	0	0	0	0	0	1	1
2551	7	5	3	0	0	0	0	0	0	1	1
2552	7	5	3	0	0	0	0	0	0	1	1
2553	7	5	3	0	0	0	0	0	0	1	1
2554	7	5	3	0	0	0	0	0	0	1	1
2555	7	5	3	0	0	0	0	0	0	1	1
2556	7	5	3	0	0	0	0	0	0	1	1
2557	7	5	3	0	0	0	0	0	0	1	1
2558	7	5	3	0	0	0	0	0	0	1	1
2559	7	5	3	0	0	0	0	0	0	1	1
2560	7	5	3	0	0	0	0	0	0	1	1
2561	7	5	3	0	0	0	0	0	0	1	1
2562	7	5	3	0	0	0	0	0	0	1	1
2563	7	5	3	0	0	0	0	0	0	1	1
2564	7	5	3	0	0	0	0	0	0	1	1
2565	7	5	3	0	0	0	0	0	0	1	1
2566	7	5	3	0	0	0	0	0	0	1	1
2567	7	5	3	0	0	0	0	0	0	1	1
2568	7	5	3	0	0	0	0	0	0	1	1
2569	7	5	3	0	0	0	0	0	0	1	1
2570	7	5	3	0	0	0	0	0	0	1	1
2571	7	5	3	0	0	0	0	0	0	1	1
2572	7	5	3	0	0	0	0	0	0	1	1
2573	7	5	3	0	0	0	0	0	0	1	1
2574	7	5	3	0	0	0	0	0	0	1	1
2575	7	5	3	0	0	0	0	0	0	1	1
2576	7	5	3	0	0	0	0	0	0	1	1
2577	7	5	3	0	0	0	0	0	0	1	1
2578	7	5	3	0	0	0	0	0	0	1	1
2579	7	5	3	0	0	0	0	0	0	1	1
2580	7	5	3	0	0	0	0	0	0	1	1
2581	7	5	3	0	0	0	0	0	0	1	1
2582	7	5	3	0	0	0	0	0	0	1	1
2583	7	5	3	0	0	0	0	0	0	1	1
2584	7	5	3	0	0	0	0	0	0	1	1
2585	7	5	3	0	0	0	0	0	0	1	1
2586	7	5	3	0	0	0	0	0	0	1	1
2587	7	5	3	0	0	0	0	0	0	1	1
2588	7	5	3	0	0	0	0	0	0	1	1
2589	7	5	3	0	0	0	0	0	0	1	1
2590	7	5	3	0	0	0	0	0	0	1	1
2591	7	5	3	0	0	0	0	0	0	1	1
2592	7	5	3	0	0	0	0	0	0	1	1
2593	7	5	3	0	0	0	0	0	0	1	1
2594	7	5	3	0	0	0	0	0	0	1	1
2595	7	5	3	0	0	0	0	0	0	1	1
2596	7	5	3	0	0	0	0	0	0	1	1
2597	7	5	3	0	0	0	0	0	0	1	1
2598	7	5	3	0	0	0	0	0	0	1	1
2599	7	5	3	0	0	0	0	0	0	1	1
2600	7	5	3	0	0	0	0	0	0	1	1
2601	7	5	3	0	0	0	0	0	0	1	1
2602	7	5	3	0	0	0	0	0	0	1	1
2603	7	5	3	0	0	0	0	0	0	1	1
2604	7	5	3	0	0	0	0	0	0	1	1
2605	8	2	3	0	0	0	0	0	0	1	1
2606	5	2	2	0	0	0	0	0	0	1	1
2607	6	2	2	0	0	0	0	0	0	0	1
2608	7	2	2	0	0	0	0	0	0	0	1
2609	7	2	2	0	0	0	0	0	0	0	1
2610	7	2	2	0	0	0	0	0	0	0	1
2611	7	2	2	0	0	0	0	0	0	0	1
2612	7	2	2	0	0	0	0	0	0	0	1
2613	7	2	2	0	0	0	0	0	0	0	1
2614	7	2	2	0	0	0	0	0	0	0	1
2615	7	2	2	0	0	0	0	0	0	0	1
2616	7	2	2	0	0	0	0	0	0	0	1
2617	7	2	2	0	0	0	0	0	0	0	1
2618	7	2	2	0	0	0	0	0	0	0	1
2619	7	2	2	0	0	0	0	0	0	0	1
2620	7	2	2	0	0	0	0	0	0	0	1
2621	7	2	2	0	0	0	0	0	0	0	1
2622	7	2	2	0	0	0	0	0	0	0	1
2623	7	2	2	0	0	0	0	0	0	0	1
2624	7	2	2	0	0	0	0	0	0	0	1
2625	7	2	2	0	0	0	0	0	0	0	1
2626	7	2	2	0	0	0	0	0	0	0	1
2627	7	2	2	0	0	0	0	0	0	0	1
2628	7	2	2	0	0	0	0	0	0	0	1
2629	7	2	2	0	0	0	0	0	0	0	1
2630	7	2	2	0	0	0	0	0	0	0	1
2631	7	2	2	0	0	0	0	0	0	0	1
2632	7	2	2	0	0	0	0	0	0	0	1
2633	7	2	2	0	0	0	0	0	0	0	1
2634	7	2	2	0	0	0	0	0	0	0	1
2635	7	2	2	0	0	0	0	0	0	0	1
2636	7	2	2	0	0	0	0	0	0	0	1
2637	7	2	2	0	0	0	0	0	0	0	1
2638	7	2	2	0	0	0	0	0	0	0	1
2639	7	2	2	0	0	0	0	0	0	0	1
2640	7	2	2	0	0	0	0	0	0	0	1
2641	7	2	2	0	0	0	0	0	0	0	1
2642	7	2	2	0	0	0	0	0	0	0	1
2643	7	2	2	0	0	0	0	0	0	0	1
2644	7	2	2	0	0	0	0	0	0	0	1
2645	7	2	2	0	0	0	0	0	0	0	1
2646	7	2	2	0	0	0	0	0	0	0	1
2647	7	2	2	0	0	0	0	0	0	0	1
2648	7	2	2	0	0	0	0	0	0	0	1
2649	7	2	2	0	0	0	0	0	0	0	1
2650	7	2	2	0	0	0	0	0	0	0	1
2651	7	2	2	0	0	0	0	0	0	0	1
2652	7	2	2	0	0	0	0	0	0	0	1
2653	7	2	2	0	0	0	0	0	0	0	1
2654	7	2	2	0	0	0	0	0	0	0	1
2655	7	2	2	0	0	0	0	0	0	0	1
2656	7	2	2	0	0	0	0	0	0	0	1
2657	7	2	2	0	0	0	0	0	0	0	1
2658	7	2	2	0	0	0	0	0	0	0	1
2659	7	2	2	0	0	0	0	0	0	0	1
2660	7	2	2	0	0	0	0	0	0	0	1
2661	7	2	2	0	0	0	0	0	0	0	1
2662	7	2	2	0	0	0	0	0	0	0	1
2663	7	2	2	0	0	0	0	0	0	0	1
2664	7	2	2	0	0	0	0	0	0	0	1
2665	7	2	2	0	0	0	0	0	0	0	1
2666	7	2	2	0	0	0	0	0	0	0	1
2667	7	2	2	0	0	0	0	0	0	0	1
2668	7	2	2	0	0	0	0	0	0	0	1
2669	7	2	2	0	0	0	0	0	0	0	1
2670	7	2	2	0	0	0	0	0	0	0	1
2671	7	2	2	0	0	0	0	0	0	0	1
2672	7	2	2	0	0	0	0	0	0	0	1
2673	7	2	2	0	0	0	0	0	0	0	1
2674	7	2	2	0	0	0	0	0	0	0	1
2675	7	2	2	0	0	0	0	0	0	0	1
2676	7	2	2	0	0	0	0	0	0	0	1
2677	7	2	2	0	0	0	0	0	0	0	1
2678	7	2	2	0	0	0	0	0	0	0	1
2679	7	2	2	0	0	0	0	0	0	0	1
2680	7	2	2	0	0	0	0	0	0	0	1
2681	7	2	2	0	0	0	0	0	0	0	1
2682	7	2	2	0	0	0	0	0	0	0	1
2683	7	2	2	0	0	0	0	0	0	0	1
2684	7	2	2	0	0	0	0	0	0	0	1
2685	7	2	2	0	0	0	0	0	0	0	1
2686	7	2	2	0	0	0	0	0	0	0	1
2687	7	2	2	0	0	0	0	0	0	0	1
2688	7	2	2	0	0	0	0	0	0	0	1
2689	7	2	2	0	0	0	0	0	0	0	1
2690	7	2	2	0	0	0	0	0	0	0	1
2691	7	2	2	0	0	0	0	0	0	0	1
2692	7	2	2	0	0	0	0	0	0	0	1
2693	7	2	2	0	0	0	0	0	0	0	1
2694	7	2	2	0	0	0	0	0	0	0	1
2695	7	2	2	0	0	0	0	0	0	0	1
2696	7	2	2	0	0	0	0	0	0	0	1
2697	7	2	2	0	0	0	0	0	0	0	1
2698	7	2	2	0	0	0	0	0	0	0	1
2699	7	2	2	0	0	0	0	0	0	0	1
2700	7	2	2	0	0	0	0	0	0	0	1
2701	7	2	2	0	0	0	0	0	0	0	1
2702	7	2	2	0	0	0	0	0	0	0	1
2703	7	2	2	0	0	0	0	0	0	0	1
2704	7	2	2	0	0	0	0	0	0	0	1
2705	7	2	2	0	0	0	0	0	0	0	1
2706	7	2	2	0	0	0	0	0	0	0	1
2707	7	2	2	0	0	0	0	0	0	0	1
2708	7	2	2	0	0	0	0	0	0	0	1
2709	7	2	2	0	0	0	0	0	0	0	1
2710	7	2	2	0	0	0	0	0	0	0	1
2711	7	2	2	0	0	0	0	0	0	0	1
2712	7	2	2	0	0	0	0	0	0	0	1
2713	7	2	2	0	0	0	0	0	0	0	1
2714	7	2	2	0	0	0	0	0	0	0	1
2715	7	2	2	0	0	0	0	0	0	0	1
2716	7	2	2	0	0	0	0	0	0	0	1
2717	7	2	2	0	0	0	0	0	0	0	1
2718	7	2	2	0	0	0	0	0	0	0	1
2719	7	2	2	0	0	0	0	0	0	0	1
2720	7	2	2	0	0	0	0	0	0	0	1
2721	7	2	2	0	0	0	0	0	0	0	1
2722	7	2	2	0	0	0	0	0	0	0	1
2723	7	2	2	0	0	0	0	0	0	0	1
2724	7	2	2	0	0	0	0	0	0	0	1
2725	7	2	2	0	0	0	0	0	0	0	1
2726	7	2	2	0	0	0	0	0	0	0	1
2727	7	2	2	0	0	0	0	0	0	0	1
2728	7	2	2	0	0	0	0	0	0	0	1
2729	7	2	2	0	0	0	0	0	0	0	1
2730	7	2	2	0	0	0	0	0	0	0	1
2731	7	2	2	0	0	0	0	0	0	0	1
2732	7	2	2	0	0	0	0	0	0	0	1
2733	7	2	2	0	0	0	0	0	0	0	1
2734	7	2	2	0	0	0	0	0	0	0	1
2735	7	2	2	0	0	0	0	0	0	0	1
2736	7	2	2	0	0	0	0	0	0	0	1
2737	7	2	2	0	0	0	0	0	0	0	1
2738	7	2	2	0	0	0	0	0	0	0	1
2739	7	2	2	0	0	0	0	0	0	0	1
2740	7	2	2	0	0	0	0	0	0	0	1
2741	7	2	2	0	0	0	0	0	0	0	1
2742	7	2	2	0	0	0	0	0	0	0	1
2743	7	2	2	0	0	0	0	0	0	0	1
2744	7	2	2	0	0	0	0	0	0	0	1
2745	7	2	2	0	0	0	0	0	0	0	1
2746	7	2	2	0	0	0	0	0	0	0	1
2747	7	2	2	0	0	0	0	0	0	0	1
2748	7	2	2	0	0	0	0	0	0	0	1
2749	7	2	2	0	0	0	0	0	0	0	1
2750	7	2	2	0	0	0	0	0	0	0	1
2751	7	2	2	0	0	0	0	0	0	0	1
2752	7	2	2	0	0	0	0	0	0	0	1
2753	7	2	2	0	0	0	0	0	0	0	1
2754	7	2	2	0	0	0	0	0	0	0	1
2755	7	2	2	0	0	0	0	0	0	0	1
2756	7	2	2	0	0	0	0	0	0	0	1
2757	7	2	2	0	0	0	0	0	0	0	1
2758	7	2	2	0	0	0	0	0	0	0	1
2759	7	2	2	0	0	0	0	0	0	0	1
2760	7	2	2	0	0	0	0	0	0	0	1
2761	7	2	2	0	0	0	0	0	0	0	1
2762	7	2	2	0	0	0	0	0	0	0	1
2763	7	2	2	0	0	0	0	0	0	0	1
2764	7	2	2	0	0	0	0	0	0	0	1
2765	7	2	2	0	0	0	0	0	0	0	1
2766	7	2	2	0	0	0	0	0	0	0	1
2767	7	2	2	0	0	0	0	0	0	0	1
2768	7	2	2	0	0	0	0	0	0	0	1
2769	7	2	2	0	0	0	0	0	0	0	1
2770	7	2	2	0	0	0	0	0	0	0	1
2771	7	2	2	0	0	0	0	0	0	0	1
2772	7	2	2	0	0	0	0	0	0	0	1
2773	7	2	2	0	0	0	0	0	0	0	1
2774	7	2	2	0	0	0	0	0	0	0	1
2775	7	2	2	0	0	0	0	0	0	0	1
2776	7	2	2	0	0	0	0	0	0	0	1
2777	7	2	2	0	0	0	0	0	0	0	1
2778	7	2	2	0	0	0	0	0	0	0	1
2779	7	2	2	0	0	0	0	0	0	0	1
2780	7	2	2	0	0	0	0	0	0	0	1
2781	7	2	2	0	0	0	0	0	0	0	1
2782	7	2	2	0	0	0	0	0	0	0	1
2783	7	2	2	0	0	0	0	0	0	0	1
2784	7	2	2	0	0	0	0	0	0	0	1
2785	7	2	2	0	0	0	0	0	0	0	1
2786	7	2	2	0	0	0	0	0	0	0	1
2787	7	2	2	0	0	0	0	0	0	0	1
2788	7	2	2	0	0	0	0	0	0	0	1
2789	7	2	2	0	0	0	0	0	0	0	1
2790	7	2	2	0	0	0	0	0	0	0	1
2791	7	2	2	0	0	0	0	0	0	0	1
2792	7	2	2	0	0	0	0	0	0	0	1
2793	7	2	2	0	0	0	0	0	0	0	1
2794	7	2	2	0	0	0	0	0	0	0	1
2795	7	2	2	0	0	0	0	0	0	0	1
2796	7	2	2	0	0	0	0	0	0	0	1
2797	7	2	2	0	0	0	0	0	0	0	1
2798	7	2	2	0	0	0	0	0	0	0	1
2799	7	2	2	0	0	0	0	0	0	0	1
2800	7	2	2	0	0	0	0	0	0	0	1
2801	7	2	2	0	0	0	0	0	0	0	1
2802	7	2	2	0	0	0	0	0	0	0	1
2803	7	2	2	0	0	0	0	0	0	0	1
2804	7	2	2	0	0	0	0	0	0	0	1
2805	7	2	2	0	0	0	0	0	0	0	1
2806	7	2	2	0	0	0	0	0	0	0	1
2807	7	2	2	0	0	0	0	0	0	0	1
2808	7	2	2	0	0	0	0	0	0	0	1
2809	7	2	2	0	0	0	0	0	0	0	1
2810	7	2	2	0	0	0	0	0	0	0	1
2811	7	2	2	0	0	0	0	0	0	0	1
2812	7	2	2	0	0	0	0	0	0	0	1
2813	7	2	2	0	0	0	0	0	0	0	1
2814	7	2	2	0	0	0	0	0	0	0	1
2815	7	2	2	0	0	0	0	0	0	0	1
2816	7	2	2	0	0	0	0	0	0	0	1
2817	7	2	2	0	0	0	0	0	0	0	1
2818	7	2	2	0	0	0	0	0	0	0	1
2819	7	2	2	0	0	0	0	0	0	0	1
2820	7	2	2	0	0	0	0	0	0	0	1
2821	7	2	2	0	0	0	0	0	0	0	1
2822	7	2	2	0	0	0	0	0	0	0	1
2823	7	2	2	0	0	0	0	0	0	0	1
2824	7	2	2	0	0	0	0	0	0	0	1
2825	7	2	2	0	0	0	0	0	0	0	1
2826	7	2	2	0	0	0	0	0	0	0	1
2827	7	2	2	0	0	0	0	0	0	0	1
2828	7	2	2	0	0	0	0	0	0	0	1
2829	7	2	2	0	0	0	0	0	0	0	1
2830	7	2	2	0	0	0	0	0	0	0	1
2831	7	2	2	0	0	0	0	0	0	0	1
2832	7	2	2	0	0	0	0	0	0	0	1
2833	7	2	2	0	0	0	0	0	0	0	1
2834	7	2	2	0	0	0	0	0	0	0	1
2835	7	2	2	0	0	0	0	0	0	0	1
2836	7	2	2	0	0	0	0	0	0	0	1
2837	7	2	2	0	0	0	0	0	0	0	1
2838	7	2	2	0	0	0	0	0	0	0	1
2839	7	2	2	0	0	0	0	0	0	0	1
2840	7	2	2	0	0	0	0	0	0	0	1
2841	7	2	2	0	0	0	0	0	0	0	1
2842	7	2	2	0	0	0	0	0	0	0	1
2843	7	2	2	0	0	0	0	0	0	0	1
2844	7	2	2	0	0	0	0	0	0	0	1
2845	7	2	2	0	0	0	0	0	0	0	1
2846	7	2	2	0	0	0	0	0	0	0	1
2847	7	2	2	0	0	0	0	0	0	0	1
2848	7	2	2	0	0	0	0	0	0	0	1
2849	7	2	2	0	0	0	0	0	0	0	1
2850	7	2	2	0	0	0	0	0	0	0	1
2851	7	2	2	0	0	0	0	0	0	0	1
2852	7	2	2	0	0	0	0	0	0	0	1
2853	7	2	2	0	0	0	0	0	0	0	1
2854	7	2	2	0	0	0	0	0	0	0	1
2855	7	2	2	0	0	0	0	0	0	0	1
2856	7	2	2	0	0	0	0	0	0	0	1
2857	7	2	2	0	0	0	0	0	0	0	1
2858	7	2	2	0	0	0	0	0	0	0	1
2859	7	2	2	0	0	0	0	0	0	0	1
2860	7	2	2	0	0	0	0	0	0	0	1
2861	7	2	2	0	0	0	0	0	0	0	1
2862	7	2	2	0	0	0	0	0	0	0	1
2863	7	2	2	0	0	0	0	0	0	0	1
2864	7	2	2	0	0	0	0	0	0	0	1
2865	7	2	2	0	0	0	0	0	0	0	1
2866	7	2	2	0	0	0	0	0	0	0	1
2867	7	2	2	0	0	0	0	0	0	0	1
2868	7	2	2	0	0	0	0	0	0	0	1
2869	7	2	2	0	0	0	0	0	0	0	1
2870	7	2	2	0	0	0	0	0	0	0	1
2871	7	2	2	0	0	0	0	0	0	0	1
2872	7	2	2	0	0	0	0	0	0	0	1
2873	7	2	2	0	0	0	0	0	0	0	1
2874	7	2	2	0	0	0	0	0	0	0	1
2875	7	2	2	0	0	0	0	0	0	0	1
2876	7	2	2	0	0	0	0	0	0	0	1
2877	7	2	2	0	0	0	0	0	0	0	1
2878	7	2	2	0	0	0	0	0	0	0	1
2879	7	2	2	0	0	0	0	0	0	0	1
2880	7	2	2	0	0	0	0	0	0	0	1
2881	7	2	2	0	0	0	0	0	0	0	1
2882	7	2	2	0	0	0	0	0	0	0	1
2883	7	2	2	0	0	0	0	0	0	0	1
2884	7	2	2	0	0	0	0	0	0	0	1
2885	7	2	2	0	0	0	0	0	0	0	1
2886	7	2	2	0	0	0	0	0	0	0	1
2887	7	2	2	0	0	0	0	0	0	0	1
2888	7	2	2	0	0	0	0	0	0	0	1
2889	7	2	2	0	0	0	0	0	0	0	1
2890	7	2	2	0	0	0	0	0	0	0	1
2891	7	2	2	0	0	0	0	0	0	0	1
2892	7	2	2	0	0	0	0	0	0	0	1
2893	7	2	2	0	0	0	0	0	0	0	1
2894	7	2	2	0	0	0	0	0	0	0	1
2895	7	2	2	0	0	0	0	0	0	0	1
2896	7	2	2	0	0	0	0	0	0	0	1
2897	7	2	2	0	0	0	0	0	0	0	1
2898	7	2	2	0	0	0	0	0	0	0	1
2899	7	2	2	0	0	0	0	0	0	0	1
2900	7	2	2	0	0	0	0	0	0	0	1
2901	7	2	2	0	0	0	0	0	0	0	1
2902	7	2	2	0	0	0	0	0	0	0	1
2903	7	2	2	0	0	0	0	0	0	0	1
2904	7	2	2	0	0	0	0	0	0	0	1
2905	7	2	2	0	0	0	0	0	0	0	1
2906	7	2	2	0	0	0	0	0	0	0	1
2907	7	2	2	0	0	0	0	0	0	0	1
2908	7	2	2	0	0	0	0	0	0	0	1
2909	7	2	2	0	0	0	0	0	0	0	1
2910	7	2	2	0	0	0	0	0	0	0	1
2911	7	2	2	0	0	0	0	0	0	0	1
2912	7	2	2	0	0	0	0	0	0	0	1
2913	7	2	2	0	0	0	0	0	0	0	1
2914	7	2	2	0	0	0	0	0	0	0	1
2915	7	2	2	0	0	0	0	0	0	0	1
2916	7	2	2	0	0	0	0	0	0	0	1
2917	7	2	2	0	0	0	0	0	0	0	1
2918	7	2	2	0	0	0	0	0	0	0	1
2919	7	2	2	0	0	0	0	0	0	0	1
2920	7	2	2	0	0	0	0	0	0	0	1
2921	7	2	2	0	0	0	0	0	0	0	1
2922	7	2	2	0	0	0	0	0	0	0	1
2923	7	2	2	0	0	0	0	0	0	0	1
2924	7	2	2	0	0	0	0	0	0	0	1
2925	7	2	2	0	0	0	0	0	0	0	1
2926	7	2	2	0	0	0	0	0	0	0	1
2927	7	2	2	0	0	0	0	0	0	0	1
2928	7	2	2	0	0	0	0	0	0	0	1
2929	7	2	2	0	0	0	0	0	0	0	1
2930	7	2	2	0	0	0	0	0	0	0	1
2931	7	2	2	0	0	0	0	0	0	0	1
2932	7	2	2	0	0	0	0	0	0	0	1
2933	7	2	2	0	0	0	0	0	0	0	1
2934	7	2	2	0	0	0	0	0	0	0	1
2935	7	2	2	0	0	0	0	0	0	0	1
2936	7	2	2	0	0	0	0	0	0	0	1
2937	7	2	2	0	0	0	0	0	0	0	1
2938	7	2	2	0	0	0	0	0	0	0	1
2939	7	2	2	0	0	0	0	0	0	0	1
2940	7	2	2	0	0	0	0	0	0	0	1
2941	7	2	2	0	0	0	0	0	0	0	1
2942	7	2	2	0	0	0	0	0	0	0	1
2943	7	2	2	0	0	0	0	0	0	0	1
2944	7	2	2	0	0	0	0	0	0	0	1
2945	7	2	2	0	0	0	0	0	0	0	1
2946	7	2	2	0	0	0	0	0	0	0	1
2947	7	2	2	0	0	0	0	0	0	0	1
2948	7	2	2	0	0	0	0	0	0	0	1
2949	7	2	2	0	0	0	0	0	0	0	1
2950	7	2	2	0	0	0	0	0	0	0	1
2951	7	2	2	0	0	0	0	0	0	0	1
2952	7	2	2	0	0	0	0	0	0	0	1
2953	7	2	2	0	0	0	0	0	0	0	1
2954	7	2	2	0	0	0	0	0	0	0	1
2955	7	2	2	0	0	0	0	0	0	0	1
2956	7	2	2	0	0	0	0	0	0	0	1
2957	7	2	2	0	0	0	0	0	0	0	1
2958	7	2	2	0	0	0	0	0	0	0	1
2959	7	2	2	0	0	0	0	0	0	0	1
2960	7	2	2	0	0	0	0	0	0	0	1
2961	7	2	2	0	0	0	0	0	0	0	1
2962	7	2	2	0	0	0	0	0	0	0	1
2963	7	2	2	0	0	0	0	0	0	0	1
2964	7	2	2	0	0	0	0	0	0	0	1
2965	7	2	2	0	0	0	0	0	0	0	1
2966	7	2	2	0	0	0	0	0	0	0	1
2967	7	2	2	0	0	0	0	0	0	0	1
2968	7	2	2	0	0	0	0	0	0	0	1
2969	7	2	2	0	0	0	0	0	0	0	1
2970	7	2	2	0	0	0	0	0	0	0	1
2971	7	2	2	0	0	0	0	0	0	0	1
2972	7	2	2	0	0	0	0	0	0	0	1
2973	7	2	2	0	0	0	0	0	0	0	1
2974	7	2	2	0	0	0	0	0	0	0	1
2975	7	2	2	0	0	0	0	0	0	0	1
2976	7	2	2	0	0	0	0	0	0	0	1
2977	7	2	2	0	0	0	0	0	0	0	1
2978	7	2	2	0	0	0	0	0	0	0	1
2979	7	2	2	0	0	0	0	0	0	0	1
2980	7	2	2	0	0	0	0	0	0	0	1
2981	7	2	2	0	0	0	0	0	0	0	1
2982	7	2	2	0	0	0	0	0	0	0	1
2983	7	2	2	0	0	0	0	0	0	0	1
2984	7	2	2	0	0	0	0	0	0	0	1
2985	7	2	2	0	0	0	0	0	0	0	1
2986	7	2	2	0	0	0	0	0	0	0	1
2987	7	2	2	0	0	0	0	0	0	0	1
2988	7	2	2	0	0	0	0	0	0	0	1
2989	7	2	2	0	0	0	0	0	0	0	1
2990	7	2	2	0	0	0	0	0	0	0	1
2991	7	2	2	0	0	0	0	0	0	0	1
2992	7	2	2	0	0	0	0	0	0	0	1
2993	7	2	2	0	0	0	0	0	0	0	1
2994	7	2	2	0	0	0	0	0	0	0	1
2995	7	2	2	0	0	0	0	0	0	0	1
2996	7	2	2	0	0	0	0	0	0	0	1
2997	7	2	2	0	0	0	0	0	0	0	1
2998	7	2	2	0	0	0	0	0	0	0	1
2999	7	2	2	0	0	0	0	0	0	0	1
3000	7	2	2	0	0	0	0	0	0	0	1
3001	7	2	2	0	0	0	0	0	0	0	1
3002	7	2	2	0	0	0	0	0	0	0	1
3003	7	2	2	0	0	0	0	0	0	0	1
3004	7	2	2	0	0	0	0	0	0	0	1
3005	7	2	2	0	0	0	0	0	0	0	1
3006	7	2	2	0	0	0	0	0	0	0	1
3007	7	2	2	0	0	0	0	0	0	0	1
3008	7	2	2	0	0	0	0	0	0	0	1
3009	7	2	2	0	0	0	0	0	0	0	1
3010	7	2	2	0	0	0	0	0	0	0	1
3011	7	2	2	0	0	0	0	0	0	0	1
3012	7	2	2	0	0	0	0	0	0	0	1
3013	7	2	2	0	0	0	0	0	0	0	1
3014	7	2	2	0	0	0	0	0	0	0	1
3015	7	2	2	0	0	0	0	0	0	0	1
3016	7	2	2	0	0	0	0	0	0	0	1
3017	7	2	2	0	0	0	0	0	0	0	1
3018	7	2	2	0	0	0	0	0	0	0	1
3019	7	2	2	0	0	0	0	0	0	0	1
3020	7	2	2	0	0	0	0	0	0	0	1
3021	7	2	2	0	0	0	0	0	0	0	1
3022	7	2	2	0	0	0	0	0	0	0	1
3023	7	2	2	0	0	0	0	0	0	0	1
3024	7	2	2	0	0	0	0	0	0	0	1
3025	7	2	2	0	0	0	0	0	0	0	1
3026	7	2	2	0	0	0	0	0	0	0	1
3027	7	2	2	0	0	0	0	0	0	0	1
3028	7	2	2	0	0	0	0	0	0	0	1
3029	7	2	2	0	0	0	0	0	0	0	1
3030	7	2	2	0	0	0	0	0	0	0	1
3031	7	2	2	0	0	0	0	0	0	0	1
3032	7	2	2	0	0	0	0	0	0	0	1
3033	7	2	2	0	0	0	0	0	0	0	1
3034	7	2	2	0	0	0	0	0	0	0	1
3035	7	2	2	0	0	0	0	0	0	0	1
3036	7	2	2	0	0	0	0	0	0	0	1
3037	7	2	2	0	0	0	0	0	0	0	1
3038	7	2	2	0	0	0	0	0	0	0	1
3039	8	1	2	0	0	0	0	0	0	0	1
3040	5	1	1	0	0	0	0	0	0	0	1
3041	6	1	1	0	0	0	0	0	0	1	1
3042	7	1	1	0	0	0	0	0	0	1	1
3043	7	1	1	0	0	0	0	0	0	1	1
3044	7	1	1	0	0	0	0	0	0	1	1
3045	7	1	1	0	0	0	0	0	0	1	1
3046	7	1	1	0	0	0	0	0	0	1	1
3047	7	1	1	0	0	0	0	0	0	1	1
3048	7	1	1	0	0	0	0	0	0	1	1
3049	7	1	1	0	0	0	0	0	0	1	1
3050	7	1	1	0	0	0	0	0	0	1	1
3051	7	1	1	0	0	0	0	0	0	1	1
3052	7	1	1	0	0	0	0	0	0	1	1
3053	7	1	1	0	0	0	0	0	0	1	1
3054	7	1	1	0	0	0	0	0	0	1	1
3055	7	1	1	0	0	0	0	0	0	1	1
3056	7	1	1	0	0	0	0	0	0	1	1
3057	7	1	1	0	0	0	0	0	0	1	1
3058	7	1	1	0	0	0	0	0	0	1	1
3059	7	1	1	0	0	0	0	0	0	1	1
3060	7	1	1	0	0	0	0	0	0	1	1
3061	7	1	1	0	0	0	0	0	0	1	1
3062	7	1	1	0	0	0	0	0	0	1	1
3063	7	1	1	0	0	0	0	0	0	1	1
3064	7	1	1	0	0	0	0	0	0	1	1
3065	7	1	1	0	0	0	0	0	0	1	1
3066	7	1	1	0	0	0	0	0	0	1	1
3067	7	1	1	0	0	0	0	0	0	1	1
3068	7	1	1	0	0	0	0	0	0	1	1
3069	7	1	1	0	0	0	0	0	0	1	1
3070	7	1	1	0	0	0	0	0	0	1	1
3071	7	1	1	0	0	0	0	0	0	1	1
3072	7	1	1	0	0	0	0	0	0	1	1
3073	7	1	1	0	0	0	0	0	0	1	1
3074	7	1	1	0	0	0	0	0	0	1	1
3075	7	1	1	0	0	0	0	0	0	1	1
3076	7	1	1	0	0	0	0	0	0	1	1
3077	7	1	1	0	0	0	0	0	0	1	1
3078	7	1	1	0	0	0	0	0	0	1	1
3079	7	1	1	0	0	0	0	0	0	1	1
3080	7	1	1	0	0	0	0	0	0	1	1
3081	7	1	1	0	0	0	0	0	0	1	1
3082	7	1	1	0	0	0	0	0	0	1	1
3083	7	1	1	0	0	0	0	0	0	1	1
3084	7	1	1	0	0	0	0	0	0	1	1
3085	7	1	1	0	0	0	0	0	0	1	1
3086	7	1	1	0	0	0	0	0	0	1	1
3087	7	1	1	0	0	0	0	0	0	1	1
3088	7	1	1	0	0	0	0	0	0	1	1
3089	7	1	1	0	0	0	0	0	0	1	1
3090	7	1	1	0	0	0	0	0	0	1	1
3091	7	1	1	0	0	0	0	0	0	1	1
3092	7	1	1	0	0	0	0	0	0	1	1
3093	7	1	1	0	0	0	0	0	0	1	1
3094	7	1	1	0	0	0	0	0	0	1	1
3095	7	1	1	0	0	0	0	0	0	1	1
3096	7	1	1	0	0	0	0	0	0	1	1
3097	7	1	1	0	0	0	0	0	0	1	1
3098	7	1	1	0	0	0	0	0	0	1	1
3099	7	1	1	0	0	0	0	0	0	1	1
3100	7	1	1	0	0	0	0	0	0	1	1
3101	7	1	1	0	0	0	0	0	0	1	1
3102	7	1	1	0	0	0	0	0	0	1	1
3103	7	1	1	0	0	0	0	0	0	1	1
3104	7	1	1	0	0	0	0	0	0	1	1
3105	7	1	1	0	0	0	0	0	0	1	1
3106	7	1	1	0	0	0	0	0	0	1	1
3107	7	1	1	0	0	0	0	0	0	1	1
3108	7	1	1	0	0	0	0	0	0	1	1
3109	7	1	1	0	0	0	0	0	0	1	1
3110	7	1	1	0	0	0	0	0	0	1	1
3111	7	1	1	0	0	0	0	0	0	1	1
3112	7	1	1	0	0	0	0	0	0	1	1
3113	7	1	1	0	0	0	0	0	0	1	1
3114	7	1	1	0	0	0	0	0	0	1	1
3115	7	1	1	0	0	0	0	0	0	1	1
3116	7	1	1	0	0	0	0	0	0	1	1
3117	7	1	1	0	0	0	0	0	0	1	1
3118	7	1	1	0	0	0	0	0	0	1	1
3119	7	1	1	0	0	0	0	0	0	1	1
3120	7	1	1	0	0	0	0	0	0	1	1
3121	7	1	1	0	0	0	0	0	0	1	1
3122	7	1	1	0	0	0	0	0	0	1	1
3123	7	1	1	0	0	0	0	0	0	1	1
3124	7	1	1	0	0	0	0	0	0	1	1
3125	7	1	1	0	0	0	0	0	0	1	1
3126	7	1	1	0	0	0	0	0	0	1	1
3127	7	1	1	0	0	0	0	0	0	1	1
3128	7	1	1	0	0	0	0	0	0	1	1
3129	7	1	1	0	0	0	0	0	0	1	1
3130	7	1	1	0	0	0	0	0	0	1	1
3131	7	1	1	0	0	0	0	0	0	1	1
3132	7	1	1	0	0	0	0	0	0	1	1
3133	7	1	1	0	0	0	0	0	0	1	1
3134	7	1	1	0	0	0	0	0	0	1	1
3135	7	1	1	0	0	0	0	0	0	1	1
3136	7	1	1	0	0	0	0	0	0	1	1
3137	7	1	1	0	0	0	0	0	0	1	1
3138	7	1	1	0	0	0	0	0	0	1	1
3139	7	1	1	0	0	0	0	0	0	1	1
3140	7	1	1	0	0	0	0	0	0	1	1
3141	7	1	1	0	0	0	0	0	0	1	1
3142	7	1	1	0	0	0	0	0	0	1	1
3143	7	1	1	0	0	0	0	0	0	1	1
3144	7	1	1	0	0	0	0	0	0	1	1
3145	7	1	1	0	0	0	0	0	0	1	1
3146	7	1	1	0	0	0	0	0	0	1	1
3147	7	1	1	0	0	0	0	0	0	1	1
3148	7	1	1	0	0	0	0	0	0	1	1
3149	7	1	1	0	0	0	0	0	0	1	1
3150	7	1	1	0	0	0	0	0	0	1	1
3151	7	1	1	0	0	0	0	0	0	1	1
3152	7	1	1	0	0	0	0	0	0	1	1
3153	7	1	1	0	0	0	0	0	0	1	1
3154	7	1	1	0	0	0	0	0	0	1	1
3155	7	1	1	0	0	0	0	0	0	1	1
3156	7	1	1	0	0	0	0	0	0	1	1
3157	7	1	1	0	0	0	0	0	0	1	1
3158	7	1	1	0	0	0	0	0	0	1	1
3159	7	1	1	0	0	0	0	0	0	1	1
3160	7	1	1	0	0	0	0	0	0	1	1
3161	7	1	1	0	0	0	0	0	0	1	1
3162	7	1	1	0	0	0	0	0	0	1	1
3163	7	1	1	0	0	0	0	0	0	1	1
3164	7	1	1	0	0	0	0	0	0	1	1
3165	7	1	1	0	0	0	0	0	0	1	1
3166	7	1	1	0	0	0	0	0	0	1	1
3167	7	1	1	0	0	0	0	0	0	1	1
3168	7	1	1	0	0	0	0	0	0	1	1
3169	7	1	1	0	0	0	0	0	0	1	1
3170	7	1	1	0	0	0	0	0	0	1	1
3171	7	1	1	0	0	0	0	0	0	1	1
3172	7	1	1	0	0	0	0	0	0	1	1
3173	7	1	1	0	0	0	0	0	0	1	1
3174	7	1	1	0	0	0	0	0	0	1	1
3175	7	1	1	0	0	0	0	0	0	1	1
3176	7	1	1	0	0	0	0	0	0	1	1
3177	7	1	1	0	0	0	0	0	0	1	1
3178	7	1	1	0	0	0	0	0	0	1	1
3179	7	1	1	0	0	0	0	0	0	1	1
3180	7	1	1	0	0	0	0	0	0	1	1
3181	7	1	1	0	0	0	0	0	0	1	1
3182	7	1	1	0	0	0	0	0	0	1	1
3183	7	1	1	0	0	0	0	0	0	1	1
3184	7	1	1	0	0	0	0	0	0	1	1
3185	7	1	1	0	0	0	0	0	0	1	1
3186	7	1	1	0	0	0	0	0	0	1	1
3187	7	1	1	0	0	0	0	0	0	1	1
3188	7	1	1	0	0	0	0	0	0	1	1
3189	7	1	1	0	0	0	0	0	0	1	1
3190	7	1	1	0	0	0	0	0	0	1	1
3191	7	1	1	0	0	0	0	0	0	1	1
3192	7	1	1	0	0	0	0	0	0	1	1
3193	7	1	1	0	0	0	0	0	0	1	1
3194	7	1	1	0	0	0	0	0	0	1	1
3195	7	1	1	0	0	0	0	0	0	1	1
3196	7	1	1	0	0	0	0	0	0	1	1
3197	7	1	1	0	0	0	0	0	0	1	1
3198	7	1	1	0	0	0	0	0	0	1	1
3199	7	1	1	0	0	0	0	0	0	1	1
3200	7	1	1	0	0	0	0	0	0	1	1
3201	7	1	1	0	0	0	0	0	0	1	1
3202	7	1	1	0	0	0	0	0	0	1	1
3203	7	1	1	0	0	0	0	0	0	1	1
3204	7	1	1	0	0	0	0	0	0	1	1
3205	7	1	1	0	0	0	0	0	0	1	1
3206	7	1	1	0	0	0	0	0	0	1	1
3207	7	1	1	0	0	0	0	0	0	1	1
3208	7	1	1	0	0	0	0	0	0	1	1
3209	7	1	1	0	0	0	0	0	0	1	1
3210	7	1	1	0	0	0	0	0	0	1	1
3211	7	1	1	0	0	0	0	0	0	1	1
3212	7	1	1	0	0	0	0	0	0	1	1
3213	7	1	1	0	0	0	0	0	0	1	1
3214	7	1	1	0	0	0	0	0	0	1	1
3215	7	1	1	0	0	0	0	0	0	1	1
3216	7	1	1	0	0	0	0	0	0	1	1
3217	7	1	1	0	0	0	0	0	0	1	1
3218	7	1	1	0	0	0	0	0	0	1	1
3219	7	1	1	0	0	0	0	0	0	1	1
3220	7	1	1	0	0	0	0	0	0	1	1
3221	7	1	1	0	0	0	0	0	0	1	1
3222	7	1	1	0	0	0	0	0	0	1	1
3223	7	1	1	0	0	0	0	0	0	1	1
3224	7	1	1	0	0	0	0	0	0	1	1
3225	7	1	1	0	0	0	0	0	0	1	1
3226	7	1	1	0	0	0	0	0	0	1	1
3227	7	1	1	0	0	0	0	0	0	1	1
3228	7	1	1	0	0	0	0	0	0	1	1
3229	7	1	1	0	0	0	0	0	0	1	1
3230	7	1	1	0	0	0	0	0	0	1	1
3231	7	1	1	0	0	0	0	0	0	1	1
3232	7	1	1	0	0	0	0	0	0	1	1
3233	7	1	1	0	0	0	0	0	0	1	1
3234	7	1	1	0	0	0	0	0	0	1	1
3235	7	1	1	0	0	0	0	0	0	1	1
3236	7	1	1	0	0	0	0	0	0	1	1
3237	7	1	1	0	0	0	0	0	0	1	1
3238	7	1	1	0	0	0	0	0	0	1	1
3239	7	1	1	0	0	0	0	0	0	1	1
3240	7	1	1	0	0	0	0	0	0	1	1
3241	7	1	1	0	0	0	0	0	0	1	1
3242	7	1	1	0	0	0	0	0	0	1	1
3243	7	1	1	0	0	0	0	0	0	1	1
3244	7	1	1	0	0	0	0	0	0	1	1
3245	7	1	1	0	0	0	0	0	0	1	1
3246	7	1	1	0	0	0	0	0	0	1	1
3247	7	1	1	0	0	0	0	0	0	1	1
3248	7	1	1	0	0	0	0	0	0	1	1
3249	7	1	1	0	0	0	0	0	0	1	1
3250	7	1	1	0	0	0	0	0	0	1	1
3251	7	1	1	0	0	0	0	0	0	1	1
3252	7	1	1	0	0	0	0	0	0	1	1
3253	7	1	1	0	0	0	0	0	0	1	1
3254	7	1	1	0	0	0	0	0	0	1	1
3255	7	1	1	0	0	0	0	0	0	1	1
3256	7	1	1	0	0	0	0	0	0	1	1
3257	7	1	1	0	0	0	0	0	0	1	1
3258	7	1	1	0	0	0	0	0	0	1	1
3259	7	1	1	0	0	0	0	0	0	1	1
3260	7	1	1	0	0	0	0	0	0	1	1
3261	7	1	1	0	0	0	0	0	0	1	1
3262	7	1	1	0	0	0	0	0	0	1	1
3263	7	1	1	0	0	0	0	0	0	1	1
3264	7	1	1	0	0	0	0	0	0	1	1
3265	7	1	1	0	0	0	0	0	0	1	1
3266	7	1	1	0	0	0	0	0	0	1	1
3267	7	1	1	0	0	0	0	0	0	1	1
3268	7	1	1	0	0	0	0	0	0	1	1
3269	7	1	1	0	0	0	0	0	0	1	1
3270	7	1	1	0	0	0	0	0	0	1	1
3271	7	1	1	0	0	0	0	0	0	1	1
3272	7	1	1	0	0	0	0	0	0	1	1
3273	7	1	1	0	0	0	0	0	0	1	1
3274	7	1	1	0	0	0	0	0	0	1	1
3275	7	1	1	0	0	0	0	0	0	1	1
3276	7	1	1	0	0	0	0	0	0	1	1
3277	7	1	1	0	0	0	0	0	0	1	1
3278	7	1	1	0	0	0	0	0	0	1	1
3279	7	1	1	0	0	0	0	0	0	1	1
3280	7	1	1	0	0	0	0	0	0	1	1
3281	7	1	1	0	0	0	0	0	0	1	1
3282	7	1	1	0	0	0	0	0	0	1	1
3283	7	1	1	0	0	0	0	0	0	1	1
3284	7	1	1	0	0	0	0	0	0	1	1
3285	7	1	1	0	0	0	0	0	0	1	1
3286	7	1	1	0	0	0	0	0	0	1	1
3287	7	1	1	0	0	0	0	0	0	1	1
3288	7	1	1	0	0	0	0	0	0	1	1
3289	7	1	1	0	0	0	0	0	0	1	1
3290	7	1	1	0	0	0	0	0	0	1	1
3291	7	1	1	0	0	0	0	0	0	1	1
3292	7	1	1	0	0	0	0	0	0	1	1
3293	7	1	1	0	0	0	0	0	0	1	1
3294	7	1	1	0	0	0	0	0	0	1	1
3295	7	1	1	0	0	0	0	0	0	1	1
3296	7	1	1	0	0	0	0	0	0	1	1
3297	7	1	1	0	0	0	0	0	0	1	1
3298	7	1	1	0	0	0	0	0	0	1	1
3299	7	1	1	0	0	0	0	0	0	1	1
3300	7	1	1	0	0	0	0	0	0	1	1
3301	7	1	1	0	0	0	0	0	0	1	1
3302	7	1	1	0	0	0	0	0	0	1	1
3303	7	1	1	0	0	0	0	0	0	1	1
3304	7	1	1	0	0	0	0	0	0	1	1
3305	7	1	1	0	0	0	0	0	0	1	1
3306	7	1	1	0	0	0	0	0	0	1	1
3307	7	1	1	0	0	0	0	0	0	1	1
3308	7	1	1	0	0	0	0	0	0	1	1
3309	7	1	1	0	0	0	0	0	0	1	1
3310	7	1	1	0	0	0	0	0	0	1	1
3311	7	1	1	0	0	0	0	0	0	1	1
3312	7	1	1	0	0	0	0	0	0	1	1
3313	7	1	1	0	0	0	0	0	0	1	1
3314	7	1	1	0	0	0	0	0	0	1	1
3315	7	1	1	0	0	0	0	0	0	1	1
3316	7	1	1	0	0	0	0	0	0	1	1
3317	7	1	1	0	0	0	0	0	0	1	1
3318	7	1	1	0	0	0	0	0	0	1	1
3319	7	1	1	0	0	0	0	0	0	1	1
3320	7	1	1	0	0	0	0	0	0	1	1
3321	7	1	1	0	0	0	0	0	0	1	1
3322	7	1	1	0	0	0	0	0	0	1	1
3323	7	1	1	0	0	0	0	0	0	1	1
3324	7	1	1	0	0	0	0	0	0	1	1
3325	7	1	1	0	0	0	0	0	0	1	1
3326	7	1	1	0	0	0	0	0	0	1	1
3327	7	1	1	0	0	0	0	0	0	1	1
3328	7	1	1	0	0	0	0	0	0	1	1
3329	7	1	1	0	0	0	0	0	0	1	1
3330	7	1	1	0	0	0	0	0	0	1	1
3331	7	1	1	0	0	0	0	0	0	1	1
3332	7	1	1	0	0	0	0	0	0	1	1
3333	7	1	1	0	0	0	0	0	0	1	1
3334	7	1	1	0	0	0	0	0	0	1	1
3335	7	1	1	0	0	0	0	0	0	1	1
3336	7	1	1	0	0	0	0	0	0	1	1
3337	7	1	1	0	0	0	0	0	0	1	1
3338	7	1	1	0	0	0	0	0	0	1	1
3339	7	1	1	0	0	0	0	0	0	1	1
3340	7	1	1	0	0	0	0	0	0	1	1
3341	7	1	1	0	0	0	0	0	0	1	1
3342	7	1	1	0	0	0	0	0	0	1	1
3343	7	1	1	0	0	0	0	0	0	1	1
3344	7	1	1	0	0	0	0	0	0	1	1
3345	7	1	1	0	0	0	0	0	0	1	1
3346	7	1	1	0	0	0	0	0	0	1	1
3347	7	1	1	0	0	0	0	0	0	1	1
3348	7	1	1	0	0	0	0	0	0	1	1
3349	7	1	1	0	0	0	0	0	0	1	1
3350	7	1	1	0	0	0	0	0	0	1	1
3351	7	1	1	0	0	0	0	0	0	1	1
3352	7	1	1	0	0	0	0	0	0	1	1
3353	7	1	1	0	0	0	0	0	0	1	1
3354	7	1	1	0	0	0	0	0	0	1	1
3355	7	1	1	0	0	0	0	0	0	1	1
3356	7	1	1	0	0	0	0	0	0	1	1
3357	7	1	1	0	0	0	0	0	0	1	1
3358	7	1	1	0	0	0	0	0	0	1	1
3359	7	1	1	0	0	0	0	0	0	1	1
3360	7	1	1	0	0	0	0	0	0	1	1
3361	7	1	1	0	0	0	0	0	0	1	1
3362	7	1	1	0	0	0	0	0	0	1	1
3363	7	1	1	0	0	0	0	0	0	1	1
3364	7	1	1	0	0	0	0	0	0	1	1
3365	7	1	1	0	0	0	0	0	0	1	1
3366	7	1	1	0	0	0	0	0	0	1	1
3367	7	1	1	0	0	0	0	0	0	1	1
3368	7	1	1	0	0	0	0	0	0	1	1
3369	7	1	1	0	0	0	0	0	0	1	1
3370	7	1	1	0	0	0	0	0	0	1	1
3371	7	1	1	0	0	0	0	0	0	1	1
3372	7	1	1	0	0	0	0	0	0	1	1
3373	7	1	1	0	0	0	0	0	0	1	1
3374	7	1	1	0	0	0	0	0	0	1	1
3375	7	1	1	0	0	0	0	0	0	1	1
3376	7	1	1	0	0	0	0	0	0	1	1
3377	7	1	1	0	0	0	0	0	0	1	1
3378	7	1	1	0	0	0	0	0	0	1	1
3379	7	1	1	0	0	0	0	0	0	1	1
3380	7	1	1	0	0	0	0	0	0	1	1
3381	7	1	1	0	0	0	0	0	0	1	1
3382	7	1	1	0	0	0	0	0	0	1	1
3383	7	1	1	0	0	0	0	0	0	1	1
3384	7	1	1	0	0	0	0	0	0	1	1
3385	7	1	1	0	0	0	0	0	0	1	1
3386	7	1	1	0	0	0	0	0	0	1	1
3387	7	1	1	0	0	0	0	0	0	1	1
3388	7	1	1	0	0	0	0	0	0	1	1
3389	7	1	1	0	0	0	0	0	0	1	1
3390	7	1	1	0	0	0	0	0	0	1	1
3391	7	1	1	0	0	0	0	0	0	1	1
3392	7	1	1	0	0	0	0	0	0	1	1
3393	7	1	1	0	0	0	0	0	0	1	1
3394	7	1	1	0	0	0	0	0	0	1	1
3395	7	1	1	0	0	0	0	0	0	1	1
3396	7	1	1	0	0	0	0	0	0	1	1
3397	7	1	1	0	0	0	0	0	0	1	1
3398	7	1	1	0	0	0	0	0	0	1	1
3399	7	1	1	0	0	0	0	0	0	1	1
3400	7	1	1	0	0	0	0	0	0	1	1
3401	7	1	1	0	0	0	0	0	0	1	1
3402	7	1	1	0	0	0	0	0	0	1	1
3403	7	1	1	0	0	0	0	0	0	1	1
3404	7	1	1	0	0	0	0	0	0	1	1
3405	7	1	1	0	0	0	0	0	0	1	1
3406	7	1	1	0	0	0	0	0	0	1	1
3407	7	1	1	0	0	0	0	0	0	1	1
3408	7	1	1	0	0	0	0	0	0	1	1
3409	7	1	1	0	0	0	0	0	0	1	1
3410	7	1	1	0	0	0	0	0	0	1	1
3411	7	1	1	0	0	0	0	0	0	1	1
3412	7	1	1	0	0	0	0	0	0	1	1
3413	7	1	1	0	0	0	0	0	0	1	1
3414	7	1	1	0	0	0	0	0	0	1	1
3415	7	1	1	0	0	0	0	0	0	1	1
3416	7	1	1	0	0	0	0	0	0	1	1
3417	7	1	1	0	0	0	0	0	0	1	1
3418	7	1	1	0	0	0	0	0	0	1	1
3419	7	1	1	0	0	0	0	0	0	1	1
3420	7	1	1	0	0	0	0	0	0	1	1
3421	7	1	1	0	0	0	0	0	0	1	1
3422	7	1	1	0	0	0	0	0	0	1	1
3423	7	1	1	0	0	0	0	0	0	1	1
3424	7	1	1	0	0	0	0	0	0	1	1
3425	7	1	1	0	0	0	0	0	0	1	1
3426	7	1	1	0	0	0	0	0	0	1	1
3427	7	1	1	0	0	0	0	0	0	1	1
3428	7	1	1	0	0	0	0	0	0	1	1
3429	7	1	1	0	0	0	0	0	0	1	1
3430	7	1	1	0	0	0	0	0	0	1	1
3431	7	1	1	0	0	0	0	0	0	1	1
3432	7	1	1	0	0	0	0	0	0	1	1
3433	7	1	1	0	0	0	0	0	0	1	1
3434	7	1	1	0	0	0	0	0	0	1	1
3435	7	1	1	0	0	0	0	0	0	1	1
3436	7	1	1	0	0	0	0	0	0	1	1
3437	7	1	1	0	0	0	0	0	0	1	1
3438	7	1	1	0	0	0	0	0	0	1	1
3439	7	1	1	0	0	0	0	0	0	1	1
3440	7	1	1	0	0	0	0	0	0	1	1
3441	7	1	1	0	0	0	0	0	0	1	1
3442	7	1	1	0	0	0	0	0	0	1	1
3443	7	1	1	0	0	0	0	0	0	1	1
3444	7	1	1	0	0	0	0	0	0	1	1
3445	7	1	1	0	0	0	0	0	0	1	1
3446	7	1	1	0	0	0	0	0	0	1	1
3447	7	1	1	0	0	0	0	0	0	1	1
3448	7	1	1	0	0	0	0	0	0	1	1
3449	7	1	1	0	0	0	0	0	0	1	1
3450	7	1	1	0	0	0	0	0	0	1	1
3451	7	1	1	0	0	0	0	0	0	1	1
3452	7	1	1	0	0	0	0	0	0	1	1
3453	7	1	1	0	0	0	0	0	0	1	1
3454	7	1	1	0	0	0	0	0	0	1	1
3455	7	1	1	0	0	0	0	0	0	1	1
3456	7	1	1	0	0	0	0	0	0	1	1
3457	7	1	1	0	0	0	0	0	0	1	1
3458	7	1	1	0	0	0	0	0	0	1	1
3459	7	1	1	0	0	0	0	0	0	1	1
3460	7	1	1	0	0	0	0	0	0	1	1
3461	7	1	1	0	0	0	0	0	0	1	1
3462	7	1	1	0	0	0	0	0	0	1	1
3463	7	1	1	0	0	0	0	0	0	1	1
3464	7	1	1	0	0	0	0	0	0	1	1
3465	7	1	1	0	0	0	0	0	0	1	1
3466	7	1	1	0	0	0	0	0	0	1	1
3467	7	1	1	0	0	0	0	0	0	1	1
3468	7	1	1	0	0	0	0	0	0	1	1
3469	7	1	1	0	0	0	0	0	0	1	1
3470	7	1	1	0	0	0	0	0	0	1	1
3471	7	1	1	0	0	0	0	0	0	1	1
3472	7	1	1	0	0	0	0	0	0	1	1
3473	8	0	1	0	0	0	0	0	0	1	1
3474	5	0	0	0	0	0	0	0	0	1	1
3475	6	0	0	0	0	0	0	0	0	0	1
3476	7	0	0	0	0	0	0	0	0	0	1
3477	7	0	0	0	0	0	0	0	0	0	1
3478	7	0	0	0	0	0	0	0	0	0	1
3479	7	0	0	0	0	0	0	0	0	0	1
3480	7	0	0	0	0	0	0	0	0	0	1
3481	7	0	0	0	0	0	0	0	0	0	1
3482	7	0	0	0	0	0	0	0	0	0	1
3483	7	0	0	0	0	0	0	0	0	0	1
3484	7	0	0	0	0	0	0	0	0	0	1
3485	7	0	0	0	0	0	0	0	0	0	1
3486	7	0	0	0	0	0	0	0	0	0	1
3487	7	0	0	0	0	0	0	0	0	0	1
3488	7	0	0	0	0	0	0	0	0	0	1
3489	7	0	0	0	0	0	0	0	0	0	1
3490	7	0	0	0	0	0	0	0	0	0	1
3491	7	0	0	0	0	0	0	0	0	0	1
3492	7	0	0	0	0	0	0	0	0	0	1
3493	7	0	0	0	0	0	0	0	0	0	1
3494	7	0	0	0	0	0	0	0	0	0	1
3495	7	0	0	0	0	0	0	0	0	0	1
3496	7	0	0	0	0	0	0	0	0	0	1
3497	7	0	0	0	0	0	0	0	0	0	1
3498	7	0	0	0	0	0	0	0	0	0	1
3499	7	0	0	0	0	0	0	0	0	0	1
3500	7	0	0	0	0	0	0	0	0	0	1
3501	7	0	0	0	0	0	0	0	0	0	1
3502	7	0	0	0	0	0	0	0	0	0	1
3503	7	0	0	0	0	0	0	0	0	0	1
3504	7	0	0	0	0	0	0	0	0	0	1
3505	7	0	0	0	0	0	0	0	0	0	1
3506	7	0	0	0	0	0	0	0	0	0	1
3507	7	0	0	0	0	0	0	0	0	0	1
3508	7	0	0	0	0	0	0	0	0	0	1
3509	7	0	0	0	0	0	0	0	0	0	1
3510	7	0	0	0	0	0	0	0	0	0	1
3511	7	0	0	0	0	0	0	0	0	0	1
3512	7	0	0	0	0	0	0	0	0	0	1
3513	7	0	0	0	0	0	0	0	0	0	1
3514	7	0	0	0	0	0	0	0	0	0	1
3515	7	0	0	0	0	0	0	0	0	0	1
3516	7	0	0	0	0	0	0	0	0	0	1
3517	7	0	0	0	0	0	0	0	0	0	1
3518	7	0	0	0	0	0	0	0	0	0	1
3519	7	0	0	0	0	0	0	0	0	0	1
3520	7	0	0	0	0	0	0	0	0	0	1
3521	7	0	0	0	0	0	0	0	0	0	1
3522	7	0	0	0	0	0	0	0	0	0	1
3523	7	0	0	0	0	0	0	0	0	0	1
3524	7	0	0	0	0	0	0	0	0	0	1
3525	7	0	0	0	0	0	0	0	0	0	1
3526	7	0	0	0	0	0	0	0	0	0	1
3527	7	0	0	0	0	0	0	0	0	0	1
3528	7	0	0	0	0	0	0	0	0	0	1
3529	7	0	0	0	0	0	0	0	0	0	1
3530	7	0	0	0	0	0	0	0	0	0	1
3531	7	0	0	0	0	0	0	0	0	0	1
3532	7	0	0	0	0	0	0	0	0	0	1
3533	7	0	0	0	0	0	0	0	0	0	1
3534	7	0	0	0	0	0	0	0	0	0	1
3535	7	0	0	0	0	0	0	0	0	0	1
3536	7	0	0	0	0	0	0	0	0	0	1
3537	7	0	0	0	0	0	0	0	0	0	1
3538	7	0	0	0	0	0	0	0	0	0	1
3539	7	0	0	0	0	0	0	0	0	0	1
3540	7	0	0	0	0	0	0	0	0	0	1
3541	7	0	0	0	0	0	0	0	0	0	1
3542	7	0	0	0	0	0	0	0	0	0	1
3543	7	0	0	0	0	0	0	0	0	0	1
3544	7	0	0	0	0	0	0	0	0	0	1
3545	7	0	0	0	0	0	0	0	0	0	1
3546	7	0	0	0	0	0	0	0	0	0	1
3547	7	0	0	0	0	0	0	0	0	0	1
3548	7	0	0	0	0	0	0	0	0	0	1
3549	7	0	0	0	0	0	0	0	0	0	1
3550	7	0	0	0	0	0	0	0	0	0	1
3551	7	0	0	0	0	0	0	0	0	0	1
3552	7	0	0	0	0	0	0	0	0	0	1
3553	7	0	0	0	0	0	0	0	0	0	1
3554	7	0	0	0	0	0	0	0	0	0	1
3555	7	0	0	0	0	0	0	0	0	0	1
3556	7	0	0	0	0	0	0	0	0	0	1
3557	7	0	0	0	0	0	0	0	0	0	1
3558	7	0	0	0	0	0	0	0	0	0	1
3559	7	0	0	0	0	0	0	0	0	0	1
3560	7	0	0	0	0	0	0	0	0	0	1
3561	7	0	0	0	0	0	0	0	0	0	1
3562	7	0	0	0	0	0	0	0	0	0	1
3563	7	0	0	0	0	0	0	0	0	0	1
3564	7	0	0	0	0	0	0	0	0	0	1
3565	7	0	0	0	0	0	0	0	0	0	1
3566	7	0	0	0	0	0	0	0	0	0	1
3567	7	0	0	0	0	0	0	0	0	0	1
3568	7	0	0	0	0	0	0	0	0	0	1
3569	7	0	0	0	0	0	0	0	0	0	1
3570	7	0	0	0	0	0	0	0	0	0	1
3571	7	0	0	0	0	0	0	0	0	0	1
3572	7	0	0	0	0	0	0	0	0	0	1
3573	7	0	0	0	0	0	0	0	0	0	1
3574	7	0	0	0	0	0	0	0	0	0	1
3575	7	0	0	0	0	0	0	0	0	0	1
3576	7	0	0	0	0	0	0	0	0	0	1
3577	7	0	0	0	0	0	0	0	0	0	1
3578	7	0	0	0	0	0	0	0	0	0	1
3579	7	0	0	0	0	0	0	0	0	0	1
3580	7	0	0	0	0	0	0	0	0	0	1
3581	7	0	0	0	0	0	0	0	0	0	1
3582	7	0	0	0	0	0	0	0	0	0	1
3583	7	0	0	0	0	0	0	0	0	0	1
3584	7	0	0	0	0	0	0	0	0	0	1
3585	7	0	0	0	0	0	0	0	0	0	1
3586	7	0	0	0	0	0	0	0	0	0	1
3587	7	0	0	0	0	0	0	0	0	0	1
3588	7	0	0	0	0	0	0	0	0	0	1
3589	7	0	0	0	0	0	0	0	0	0	1
3590	7	0	0	0	0	0	0	0	0	0	1
3591	7	0	0	0	0	0	0	0	0	0	1
3592	7	0	0	0	0	0	0	0	0	0	1
3593	7	0	0	0	0	0	0	0	0	0	1
3594	7	0	0	0	0	0	0	0	0	0	1
3595	7	0	0	0	0	0	0	0	0	0	1
3596	7	0	0	0	0	0	0	0	0	0	1
3597	7	0	0	0	0	0	0	0	0	0	1
3598	7	0	0	0	0	0	0	0	0	0	1
3599	7	0	0	0	0	0	0	0	0	0	1
3600	7	0	0	0	0	0	0	0	0	0	1
3601	7	0	0	0	0	0	0	0	0	0	1
3602	7	0	0	0	0	0	0	0	0	0	1
3603	7	0	0	0	0	0	0	0	0	0	1
3604	7	0	0	0	0	0	0	0	0	0	1
3605	7	0	0	0	0	0	0	0	0	0	1
3606	7	0	0	0	0	0	0	0	0	0	1
3607	7	0	0	0	0	0	0	0	0	0	1
3608	7	0	0	0	0	0	0	0	0	0	1
3609	7	0	0	0	0	0	0	0	0	0	1
3610	7	0	0	0	0	0	0	0	0	0	1
3611	7	0	0	0	0	0	0	0	0	0	1
3612	7	0	0	0	0	0	0	0	0	0	1
3613	7	0	0	0	0	0	0	0	0	0	1
3614	7	0	0	0	0	0	0	0	0	0	1
3615	7	0	0	0	0	0	0	0	0	0	1
3616	7	0	0	0	0	0	0	0	0	0	1
3617	7	0	0	0	0	0	0	0	0	0	1
3618	7	0	0	0	0	0	0	0	0	0	1
3619	7	0	0	0	0	0	0	0	0	0	1
3620	7	0	0	0	0	0	0	0	0	0	1
3621	7	0	0	0	0	0	0	0	0	0	1
3622	7	0	0	0	0	0	0	0	0	0	1
3623	7	0	0	0	0	0	0	0	0	0	1
3624	7	0	0	0	0	0	0	0	0	0	1
3625	7	0	0	0	0	0	0	0	0	0	1
3626	7	0	0	0	0	0	0	0	0	0	1
3627	7	0	0	0	0	0	0	0	0	0	1
3628	7	0	0	0	0	0	0	0	0	0	1
3629	7	0	0	0	0	0	0	0	0	0	1
3630	7	0	0	0	0	0	0	0	0	0	1
3631	7	0	0	0	0	0	0	0	0	0	1
3632	7	0	0	0	0	0	0	0	0	0	1
3633	7	0	0	0	0	0	0	0	0	0	1
3634	7	0	0	0	0	0	0	0	0	0	1
3635	7	0	0	0	0	0	0	0	0	0	1
3636	7	0	0	0	0	0	0	0	0	0	1
3637	7	0	0	0	0	0	0	0	0	0	1
3638	7	0	0	0	0	0	0	0	0	0	1
3639	7	0	0	0	0	0	0	0	0	0	1
3640	7	0	0	0	0	0	0	0	0	0	1
3641	7	0	0	0	0	0	0	0	0	0	1
3642	7	0	0	0	0	0	0	0	0	0	1
3643	7	0	0	0	0	0	0	0	0	0	1
3644	7	0	0	0	0	0	0	0	0	0	1
3645	7	0	0	0	0	0	0	0	0	0	1
3646	7	0	0	0	0	0	0	0	0	0	1
3647	7	0	0	0	0	0	0	0	0	0	1
3648	7	0	0	0	0	0	0	0	0	0	1
3649	7	0	0	0	0	0	0	0	0	0	1
3650	7	0	0	0	0	0	0	0	0	0	1
3651	7	0	0	0	0	0	0	0	0	0	1
3652	7	0	0	0	0	0	0	0	0	0	1
3653	7	0	0	0	0	0	0	0	0	0	1
3654	7	0	0	0	0	0	0	0	0	0	1
3655	7	0	0	0	0	0	0	0	0	0	1
3656	7	0	0	0	0	0	0	0	0	0	1
3657	7	0	0	0	0	0	0	0	0	0	1
3658	7	0	0	0	0	0	0	0	0	0	1
3659	7	0	0	0	0	0	0	0	0	0	1
3660	7	0	0	0	0	0	0	0	0	0	1
3661	7	0	0	0	0	0	0	0	0	0	1
3662	7	0	0	0	0	0	0	0	0	0	1
3663	7	0	0	0	0	0	0	0	0	0	1
3664	7	0	0	0	0	0	0	0	0	0	1
3665	7	0	0	0	0	0	0	0	0	0	1
3666	7	0	0	0	0	0	0	0	0	0	1
3667	7	0	0	0	0	0	0	0	0	0	1
3668	7	0	0	0	0	0	0	0	0	0	1
3669	7	0	0	0	0	0	0	0	0	0	1
3670	7	0	0	0	0	0	0	0	0	0	1
3671	7	0	0	0	0	0	0	0	0	0	1
3672	7	0	0	0	0	0	0	0	0	0	1
3673	7	0	0	0	0	0	0	0	0	0	1
3674	7	0	0	0	0	0	0	0	0	0	1
3675	7	0	0	0	0	0	0	0	0	0	1
3676	7	0	0	0	0	0	0	0	0	0	1
3677	7	0	0	0	0	0	0	0	0	0	1
3678	7	0	0	0	0	0	0	0	0	0	1
3679	7	0	0	0	0	0	0	0	0	0	1
3680	7	0	0	0	0	0	0	0	0	0	1
3681	7	0	0	0	0	0	0	0	0	0	1
3682	7	0	0	0	0	0	0	0	0	0	1
3683	7	0	0	0	0	0	0	0	0	0	1
3684	7	0	0	0	0	0	0	0	0	0	1
3685	7	0	0	0	0	0	0	0	0	0	1
3686	7	0	0	0	0	0	0	0	0	0	1
3687	7	0	0	0	0	0	0	0	0	0	1
3688	7	0	0	0	0	0	0	0	0	0	1
3689	7	0	0	0	0	0	0	0	0	0	1
3690	7	0	0	0	0	0	0	0	0	0	1
3691	7	0	0	0	0	0	0	0	0	0	1
3692	7	0	0	0	0	0	0	0	0	0	1
3693	7	0	0	0	0	0	0	0	0	0	1
3694	7	0	0	0	0	0	0	0	0	0	1
3695	7	0	0	0	0	0	0	0	0	0	1
3696	7	0	0	0	0	0	0	0	0	0	1
3697	7	0	0	0	0	0	0	0	0	0	1
3698	7	0	0	0	0	0	0	0	0	0	1
3699	7	0	0	0	0	0	0	0	0	0	1
3700	7	0	0	0	0	0	0	0	0	0	1
3701	7	0	0	0	0	0	0	0	0	0	1
3702	7	0	0	0	0	0	0	0	0	0	1
3703	7	0	0	0	0	0	0	0	0	0	1
3704	7	0	0	0	0	0	0	0	0	0	1
3705	7	0	0	0	0	0	0	0	0	0	1
3706	7	0	0	0	0	0	0	0	0	0	1
3707	7	0	0	0	0	0	0	0	0	0	1
3708	7	0	0	0	0	0	0	0	0	0	1
3709	7	0	0	0	0	0	0	0	0	0	1
3710	7	0	0	0	0	0	0	0	0	0	1
3711	7	0	0	0	0	0	0	0	0	0	1
3712	7	0	0	0	0	0	0	0	0	0	1
3713	7	0	0	0	0	0	0	0	0	0	1
3714	7	0	0	0	0	0	0	0	0	0	1
3715	7	0	0	0	0	0	0	0	0	0	1
3716	7	0	0	0	0	0	0	0	0	0	1
3717	7	0	0	0	0	0	0	0	0	0	1
3718	7	0	0	0	0	0	0	0	0	0	1
3719	7	0	0	0	0	0	0	0	0	0	1
3720	7	0	0	0	0	0	0	0	0	0	1
3721	7	0	0	0	0	0	0	0	0	0	1
3722	7	0	0	0	0	0	0	0	0	0	1
3723	7	0	0	0	0	0	0	0	0	0	1
3724	7	0	0	0	0	0	0	0	0	0	1
3725	7	0	0	0	0	0	0	0	0	0	1
3726	7	0	0	0	0	0	0	0	0	0	1
3727	7	0	0	0	0	0	0	0	0	0	1
3728	7	0	0	0	0	0	0	0	0	0	1
3729	7	0	0	0	0	0	0	0	0	0	1
3730	7	0	0	0	0	0	0	0	0	0	1
3731	7	0	0	0	0	0	0	0	0	0	1
3732	7	0	0	0	0	0	0	0	0	0	1
3733	7	0	0	0	0	0	0	0	0	0	1
3734	7	0	0	0	0	0	0	0	0	0	1
3735	7	0	0	0	0	0	0	0	0	0	1
3736	7	0	0	0	0	0	0	0	0	0	1
3737	7	0	0	0	0	0	0	0	0	0	1
3738	7	0	0	0	0	0	0	0	0	0	1
3739	7	0	0	0	0	0	0	0	0	0	1
3740	7	0	0	0	0	0	0	0	0	0	1
3741	7	0	0	0	0	0	0	0	0	0	1
3742	7	0	0	0	0	0	0	0	0	0	1
3743	7	0	0	0	0	0	0	0	0	0	1
3744	7	0	0	0	0	0	0	0	0	0	1
3745	7	0	0	0	0	0	0	0	0	0	1
3746	7	0	0	0	0	0	0	0	0	0	1
3747	7	0	0	0	0	0	0	0	0	0	1
3748	7	0	0	0	0	0	0	0	0	0	1
3749	7	0	0	0	0	0	0	0	0	0	1
3750	7	0	0	0	0	0	0	0	0	0	1
3751	7	0	0	0	0	0	0	0	0	0	1
3752	7	0	0	0	0	0	0	0	0	0	1
3753	7	0	0	0	0	0	0	0	0	0	1
3754	7	0	0	0	0	0	0	0	0	0	1
3755	7	0	0	0	0	0	0	0	0	0	1
3756	7	0	0	0	0	0	0	0	0	0	1
3757	7	0	0	0	0	0	0	0	0	0	1
3758	7	0	0	0	0	0	0	0	0	0	1
3759	7	0	0	0	0	0	0	0	0	0	1
3760	7	0	0	0	0	0	0	0	0	0	1
3761	7	0	0	0	0	0	0	0	0	0	1
3762	7	0	0	0	0	0	0	0	0	0	1
3763	7	0	0	0	0	0	0	0	0	0	1
3764	7	0	0	0	0	0	0	0	0	0	1
3765	7	0	0	0	0	0	0	0	0	0	1
3766	7	0	0	0	0	0	0	0	0	0	1
3767	7	0	0	0	0	0	0	0	0	0	1
3768	7	0	0	0	0	0	0	0	0	0	1
3769	7	0	0	0	0	0	0	0	0	0	1
3770	7	0	0	0	0	0	0	0	0	0	1
3771	7	0	0	0	0	0	0	0	0	0	1
3772	7	0	0	0	0	0	0	0	0	0	1
3773	7	0	0	0	0	0	0	0	0	0	1
3774	7	0	0	0	0	0	0	0	0	0	1
3775	7	0	0	0	0	0	0	0	0	0	1
3776	7	0	0	0	0	0	0	0	0	0	1
3777	7	0	0	0	0	0	0	0	0	0	1
3778	7	0	0	0	0	0	0	0	0	0	1
3779	7	0	0	0	0	0	0	0	0	0	1
3780	7	0	0	0	0	0	0	0	0	0	1
3781	7	0	0	0	0	0	0	0	0	0	1
3782	7	0	0	0	0	0	0	0	0	0	1
3783	7	0	0	0	0	0	0	0	0	0	1
3784	7	0	0	0	0	0	0	0	0	0	1
3785	7	0	0	0	0	0	0	0	0	0	1
3786	7	0	0	0	0	0	0	0	0	0	1
3787	7	0	0	0	0	0	0	0	0	0	1
3788	7	0	0	0	0	0	0	0	0	0	1
3789	7	0	0	0	0	0	0	0	0	0	1
3790	7	0	0	0	0	0	0	0	0	0	1
3791	7	0	0	0	0	0	0	0	0	0	1
3792	7	0	0	0	0	0	0	0	0	0	1
3793	7	0	0	0	0	0	0	0	0	0	1
3794	7	0	0	0	0	0	0	0	0	0	1
3795	7	0	0	0	0	0	0	0	0	0	1
3796	7	0	0	0	0	0	0	0	0	0	1
3797	7	0	0	0	0	0	0	0	0	0	1
3798	7	0	0	0	0	0	0	0	0	0	1
3799	7	0	0	0	0	0	0	0	0	0	1
3800	7	0	0	0	0	0	0	0	0	0	1
3801	7	0	0	0	0	0	0	0	0	0	1
3802	7	0	0	0	0	0	0	0	0	0	1
3803	7	0	0	0	0	0	0	0	0	0	1
3804	7	0	0	0	0	0	0	0	0	0	1
3805	7	0	0	0	0	0	0	0	0	0	1
3806	7	0	0	0	0	0	0	0	0	0	1
3807	7	0	0	0	0	0	0	0	0	0	1
3808	7	0	0	0	0	0	0	0	0	0	1
3809	7	0	0	0	0	0	0	0	0	0	1
3810	7	0	0	0	0	0	0	0	0	0	1
3811	7	0	0	0	0	0	0	0	0	0	1
3812	7	0	0	0	0	0	0	0	0	0	1
3813	7	0	0	0	0	0	0	0	0	0	1
3814	7	0	0	0	0	0	0	0	0	0	1
3815	7	0	0	0	0	0	0	0	0	0	1
3816	7	0	0	0	0	0	0	0	0	0	1
3817	7	0	0	0	0	0	0	0	0	0	1
3818	7	0	0	0	0	0	0	0	0	0	1
3819	7	0	0	0	0	0	0	0	0	0	1
3820	7	0	0	0	0	0	0	0	0	0	1
3821	7	0	0	0	0	0	0	0	0	0	1
3822	7	0	0	0	0	0	0	0	0	0	1
3823	7	0	0	0	0	0	0	0	0	0	1
3824	7	0	0	0	0	0	0	0	0	0	1
3825	7	0	0	0	0	0	0	0	0	0	1
3826	7	0	0	0	0	0	0	0	0	0	1
3827	7	0	0	0	0	0	0	0	0	0	1
3828	7	0	0	0	0	0	0	0	0	0	1
3829	7	0	0	0	0	0	0	0	0	0	1
3830	7	0	0	0	0	0	0	0	0	0	1
3831	7	0	0	0	0	0	0	0	0	0	1
3832	7	0	0	0	0	0	0	0	0	0	1
3833	7	0	0	0	0	0	0	0	0	0	1
3834	7	0	0	0	0	0	0	0	0	0	1
3835	7	0	0	0	0	0	0	0	0	0	1
3836	7	0	0	0	0	0	0	0	0	0	1
3837	7	0	0	0	0	0	0	0	0	0	1
3838	7	0	0	0	0	0	0	0	0	0	1
3839	7	0	0	0	0	0	0	0	0	0	1
3840	7	0	0	0	0	0	0	0	0	0	1
3841	7	0	0	0	0	0	0	0	0	0	1
3842	7	0	0	0	0	0	0	0	0	0	1
3843	7	0	0	0	0	0	0	0	0	0	1
3844	7	0	0	0	0	0	0	0	0	0	1
3845	7	0	0	0	0	0	0	0	0	0	1
3846	7	0	0	0	0	0	0	0	0	0	1
3847	7	0	0	0	0	0	0	0	0	0	1
3848	7	0	0	0	0	0	0	0	0	0	1
3849	7	0	0	0	0	0	0	0	0	0	1
3850	7	0	0	0	0	0	0	0	0	0	1
3851	7	0	0	0	0	0	0	0	0	0	1
3852	7	0	0	0	0	0	0	0	0	0	1
3853	7	0	0	0	0	0	0	0	0	0	1
3854	7	0	0	0	0	0	0	0	0	0	1
3855	7	0	0	0	0	0	0	0	0	0	1
3856	7	0	0	0	0	0	0	0	0	0	1
3857	7	0	0	0	0	0	0	0	0	0	1
3858	7	0	0	0	0	0	0	0	0	0	1
3859	7	0	0	0	0	0	0	0	0	0	1
3860	7	0	0	0	0	0	0	0	0	0	1
3861	7	0	0	0	0	0	0	0	0	0	1
3862	7	0	0	0	0	0	0	0	0	0	1
3863	7	0	0	0	0	0	0	0	0	0	1
3864	7	0	0	0	0	0	0	0	0	0	1
3865	7	0	0	0	0	0	0	0	0	0	1
3866	7	0	0	0	0	0	0	0	0	0	1
3867	7	0	0	0	0	0	0	0	0	0	1
3868	7	0	0	0	0	0	0	0	0	0	1
3869	7	0	0	0	0	0	0	0	0	0	1
3870	7	0	0	0	0	0	0	0	0	0	1
3871	7	0	0	0	0	0	0	0	0	0	1
3872	7	0	0	0	0	0	0	0	0	0	1
3873	7	0	0	0	0	0	0	0	0	0	1
3874	7	0	0	0	0	0	0	0	0	0	1
3875	7	0	0	0	0	0	0	0	0	0	1
3876	7	0	0	0	0	0	0	0	0	0	1
3877	7	0	0	0	0	0	0	0	0	0	1
3878	7	0	0	0	0	0	0	0	0	0	1
3879	7	0	0	0	0	0	0	0	0	0	1
3880	7	0	0	0	0	0	0	0	0	0	1
3881	7	0	0	0	0	0	0	0	0	0	1
3882	7	0	0	0	0	0	0	0	0	0	1
3883	7	0	0	0	0	0	0	0	0	0	1
3884	7	0	0	0	0	0	0	0	0	0	1
3885	7	0	0	0	0	0	0	0	0	0	1
3886	7	0	0	0	0	0	0	0	0	0	1
3887	7	0	0	0	0	0	0	0	0	0	1
3888	7	0	0	0	0	0	0	0	0	0	1
3889	7	0	0	0	0	0	0	0	0	0	1
3890	7	0	0	0	0	0	0	0	0	0	1
3891	7	0	0	0	0	0	0	0	0	0	1
3892	7	0	0	0	0	0	0	0	0	0	1
3893	7	0	0	0	0	0	0	0	0	0	1
3894	7	0	0	0	0	0	0	0	0	0	1
3895	7	0	0	0	0	0	0	0	0	0	1
3896	7	0	0	0	0	0	0	0	0	0	1
3897	7	0	0	0	0	0	0	0	0	0	1
3898	7	0	0	0	0	0	0	0	0	0	1
3899	7	0	0	0	0	0	0	0	0	0	1
3900	7	0	0	0	0	0	0	0	0	0	1
3901	7	0	0	0	0	0	0	0	0	0	1
3902	7	0	0	0	0	0	0	0	0	0	1
3903	7	0	0	0	0	0	0	0	0	0	1
3904	7	0	0	0	0	0	0	0	0	0	1
3905	7	0	0	0	0	0	0	0	0	0	1
3906	7	0	0	0	0	0	0	0	0	0	1
3907	8	0	0	0	0	0	0	0	0	0	1
3908	9	0	0	0	0	0	0	0	0	0	1
3909	10	0	0	0	0	0	0	0	0	1	1
3910	11	0	0	0	0	0	0	0	0	1	1
3911	11	0	0	0	0	0	0	0	0	1	1
3912	11	0	0	0	0	0	0	0	0	1	1
3913	11	0	0	0	0	0	0	0	0	1	1
3914	11	0	0	0	0	0	0	0	0	1	1
3915	11	0	0	0	0	0	0	0	0	1	1
3916	11	0	0	0	0	0	0	0	0	1	1
3917	11	0	0	0	0	0	0	0	0	1	1
3918	11	0	0	0	0	0	0	0	0	1	1
3919	11	0	0	0	0	0	0	0	0	1	1
3920	11	0	0	0	0	0	0	0	0	1	1
3921	11	0	0	0	0	0	0	0	0	1	1
3922	11	0	0	0	0	0	0	0	0	1	1
3923	11	0	0	0	0	0	0	0	0	1	1
3924	11	0	0	0	0	0	0	0	0	1	1
3925	11	0	0	0	0	0	0	0	0	1	1
3926	11	0	0	0	0	0	0	0	0	1	1
3927	11	0	0	0	0	0	0	0	0	1	1
3928	11	0	0	0	0	0	0	0	0	1	1
3929	11	0	0	0	0	0	0	0	0	1	1
3930	11	0	0	0	0	0	0	0	0	1	1
3931	11	0	0	0	0	0	0	0	0	1	1
3932	11	0	0	0	0	0	0	0	0	1	1
3933	11	0	0	0	0	0	0	0	0	1	1
3934	11	0	0	0	0	0	0	0	0	1	1
3935	11	0	0	0	0	0	0	0	0	1	1
3936	11	0	0	0	0	0	0	0	0	1	1
3937	11	0	0	0	0	0	0	0	0	1	1
3938	11	0	0	0	0	0	0	0	0	1	1
3939	11	0	0	0	0	0	0	0	0	1	1
3940	11	0	0	0	0	0	0	0	0	1	1
3941	11	0	0	0	0	0	0	0	0	1	1
3942	11	0	0	0	0	0	0	0	0	1	1
3943	11	0	0	0	0	0	0	0	0	1	1
3944	11	0	0	0	0	0	0	0	0	1	1
3945	11	0	0	0	0	0	0	0	0	1	1
3946	11	0	0	0	0	0	0	0	0	1	1
3947	11	0	0	0	0	0	0	0	0	1	1
3948	11	0	0	0	0	0	0	0	0	1	1
3949	11	0	0	0	0	0	0	0	0	1	1
3950	11	0	0	0	0	0	0	0	0	1	1
3951	11	0	0	0	0	0	0	0	0	1	1
3952	11	0	0	0	0	0	0	0	0	1	1
3953	11	0	0	0	0	0	0	0	0	1	1
3954	11	0	0	0	0	0	0	0	0	1	1
3955	11	0	0	0	0	0	0	0	0	1	1
3956	11	0	0	0	0	0	0	0	0	1	1
3957	11	0	0	0	0	0	0	0	0	1	1
3958	11	0	0	0	0	0	0	0	0	1	1
3959	11	0	0	0	0	0	0	0	0	1	1
3960	11	0	0	0	0	0	0	0	0	1	1
3961	11	0	0	0	0	0	0	0	0	1	1
3962	11	0	0	0	0	0	0	0	0	1	1
3963	11	0	0	0	0	0	0	0	0	1	1
3964	11	0	0	0	0	0	0	0	0	1	1
3965	11	0	0	0	0	0	0	0	0	1	1
3966	11	0	0	0	0	0	0	0	0	1	1
3967	11	0	0	0	0	0	0	0	0	1	1
3968	11	0	0	0	0	0	0	0	0	1	1
3969	11	0	0	0	0	0	0	0	0	1	1
3970	11	0	0	0	0	0	0	0	0	1	1
3971	11	0	0	0	0	0	0	0	0	1	1
3972	11	0	0	0	0	0	0	0	0	1	1
3973	11	0	0	0	0	0	0	0	0	1	1
3974	11	0	0	0	0	0	0	0	0	1	1
3975	11	0	0	0	0	0	0	0	0	1	1
3976	11	0	0	0	0	0	0	0	0	1	1
3977	11	0	0	0	0	0	0	0	0	1	1
3978	11	0	0	0	0	0	0	0	0	1	1
3979	11	0	0	0	0	0	0	0	0	1	1
3980	11	0	0	0	0	0	0	0	0	1	1
3981	11	0	0	0	0	0	0	0	0	1	1
3982	11	0	0	0	0	0	0	0	0	1	1
3983	11	0	0	0	0	0	0	0	0	1	1
3984	11	0	0	0	0	0	0	0	0	1	1
3985	11	0	0	0	0	0	0	0	0	1	1
3986	11	0	0	0	0	0	0	0	0	1	1
3987	11	0	0	0	0	0	0	0	0	1	1
3988	11	0	0	0	0	0	0	0	0	1	1
3989	11	0	0	0	0	0	0	0	0	1	1
3990	11	0	0	0	0	0	0	0	0	1	1
3991	11	0	0	0	0	0	0	0	0	1	1
3992	11	0	0	0	0	0	0	0	0	1	1
3993	11	0	0	0	0	0	0	0	0	1	1
3994	11	0	0	0	0	0	0	0	0	1	1
3995	11	0	0	0	0	0	0	0	0	1	1
3996	11	0	0	0	0	0	0	0	0	1	1
3997	11	0	0	0	0	0	0	0	0	1	1
3998	11	0	0	0	0	0	0	0	0	1	1
3999	11	0	0	0	0	0	0	0	0	1	1
4000	11	0	0	0	0	0	0	0	0	1	1
4001	11	0	0	0	0	0	0	0	0	1	1
4002	11	0	0	0	0	0	0	0	0	1	1
4003	11	0	0	0	0	0	0	0	0	1	1
4004	11	0	0	0	0	0	0	0	0	1	1
4005	11	0	0	0	0	0	0	0	0	1	1
4006	11	0	0	0	0	0	0	0	0	1	1
4007	11	0	0	0	0	0	0	0	0	1	1
4008	11	0	0	0	0	0	0	0	0	1	1
4009	11	0	0	0	0	0	0	0	0	1	1
4010	11	0	0	0	0	0	0	0	0	1	1
4011	11	0	0	0	0	0	0	0	0	1	1
4012	11	0	0	0	0	0	0	0	0	1	1
4013	11	0	0	0	0	0	0	0	0	1	1
4014	11	0	0	0	0	0	0	0	0	1	1
4015	11	0	0	0	0	0	0	0	0	1	1
4016	11	0	0	0	0	0	0	0	0	1	1
4017	11	0	0	0	0	0	0	0	0	1	1
4018	11	0	0	0	0	0	0	0	0	1	1
4019	11	0	0	0	0	0	0	0	0	1	1
4020	11	0	0	0	0	0	0	0	0	1	1
4021	11	0	0	0	0	0	0	0	0	1	1
4022	11	0	0	0	0	0	0	0	0	1	1
4023	11	0	0	0	0	0	0	0	0	1	1
4024	11	0	0	0	0	0	0	0	0	1	1
4025	11	0	0	0	0	0	0	0	0	1	1
4026	11	0	0	0	0	0	0	0	0	1	1
4027	11	0	0	0	0	0	0	0	0	1	1
4028	11	0	0	0	0	0	0	0	0	1	1
4029	11	0	0	0	0	0	0	0	0	1	1
4030	11	0	0	0	0	0	0	0	0	1	1
4031	11	0	0	0	0	0	0	0	0	1	1
4032	11	0	0	0	0	0	0	0	0	1	1
4033	11	0	0	0	0	0	0	0	0	1	1
4034	11	0	0	0	0	0	0	0	0	1	1
4035	11	0	0	0	0	0	0	0	0	1	1
4036	11	0	0	0	0	0	0	0	0	1	1
4037	11	0	0	0	0	0	0	0	0	1	1
4038	11	0	0	0	0	0	0	0	0	1	1
4039	11	0	0	0	0	0	0	0	0	1	1
4040	11	0	0	0	0	0	0	0	0	1	1
4041	11	0	0	0	0	0	0	0	0	1	1
4042	11	0	0	0	0	0	0	0	0	1	1
4043	11	0	0	0	0	0	0	0	0	1	1
4044	11	0	0	0	0	0	0	0	0	1	1
4045	11	0	0	0	0	0	0	0	0	1	1
4046	11	0	0	0	0	0	0	0	0	1	1
4047	11	0	0	0	0	0	0	0	0	1	1
4048	11	0	0	0	0	0	0	0	0	1	1
4049	11	0	0	0	0	0	0	0	0	1	1
4050	11	0	0	0	0	0	0	0	0	1	1
4051	11	0	0	0	0	0	0	0	0	1	1
4052	11	0	0	0	0	0	0	0	0	1	1
4053	11	0	0	0	0	0	0	0	0	1	1
4054	11	0	0	0	0	0	0	0	0	1	1
4055	11	0	0	0	0	0	0	0	0	1	1
4056	11	0	0	0	0	0	0	0	0	1	1
4057	11	0	0	0	0	0	0	0	0	1	1
4058	11	0	0	0	0	0	0	0	0	1	1
4059	11	0	0	0	0	0	0	0	0	1	1
4060	11	0	0	0	0	0	0	0	0	1	1
4061	11	0	0	0	0	0	0	0	0	1	1
4062	11	0	0	0	0	0	0	0	0	1	1
4063	11	0	0	0	0	0	0	0	0	1	1
4064	11	0	0	0	0	0	0	0	0	1	1
4065	11	0	0	0	0	0	0	0	0	1	1
4066	11	0	0	0	0	0	0	0	0	1	1
4067	11	0	0	0	0	0	0	0	0	1	1
4068	11	0	0	0	0	0	0	0	0	1	1
4069	11	0	0	0	0	0	0	0	0	1	1
4070	11	0	0	0	0	0	0	0	0	1	1
4071	11	0	0	0	0	0	0	0	0	1	1
4072	11	0	0	0	0	0	0	0	0	1	1
4073	11	0	0	0	0	0	0	0	0	1	1
4074	11	0	0	0	0	0	0	0	0	1	1
4075	11	0	0	0	0	0	0	0	0	1	1
4076	11	0	0	0	0	0	0	0	0	1	1
4077	11	0	0	0	0	0	0	0	0	1	1
4078	11	0	0	0	0	0	0	0	0	1	1
4079	11	0	0	0	0	0	0	0	0	1	1
4080	11	0	0	0	0	0	0	0	0	1	1
4081	11	0	0	0	0	0	0	0	0	1	1
4082	11	0	0	0	0	0	0	0	0	1	1
4083	11	0	0	0	0	0	0	0	0	1	1
4084	11	0	0	0	0	0	0	0	0	1	1
4085	11	0	0	0	0	0	0	0	0	1	1
4086	11	0	0	0	0	0	0	0	0	1	1
4087	11	0	0	0	0	0	0	0	0	1	1
4088	11	0	0	0	0	0	0	0	0	1	1
4089	11	0	0	0	0	0	0	0	0	1	1
4090	11	0	0	0	0	0	0	0	0	1	1
4091	11	0	0	0	0	0	0	0	0	1	1
4092	11	0	0	0	0	0	0	0	0	1	1
4093	11	0	0	0	0	0	0	0	0	1	1
4094	11	0	0	0	0	0	0	0	0	1	1
4095	11	0	0	0	0	0	0	0	0	1	1
4096	11	0	0	0	0	0	0	0	0	1	1
4097	11	0	0	0	0	0	0	0	0	1	1
4098	11	0	0	0	0	0	0	0	0	1	1
4099	11	0	0	0	0	0	0	0	0	1	1
4100	11	0	0	0	0	0	0	0	0	1	1
4101	11	0	0	0	0	0	0	0	0	1	1
4102	11	0	0	0	0	0	0	0	0	1	1
4103	11	0	0	0	0	0	0	0	0	1	1
4104	11	0	0	0	0	0	0	0	0	1	1
4105	11	0	0	0	0	0	0	0	0	1	1
4106	11	0	0	0	0	0	0	0	0	1	1
4107	11	0	0	0	0	0	0	0	0	1	1
4108	11	0	0	0	0	0	0	0	0	1	1
4109	11	0	0	0	0	0	0	0	0	1	1
4110	11	0	0	0	0	0	0	0	0	1	1
4111	11	0	0	0	0	0	0	0	0	1	1
4112	11	0	0	0	0	0	0	0	0	1	1
4113	11	0	0	0	0	0	0	0	0	1	1
4114	11	0	0	0	0	0	0	0	0	1	1
4115	11	0	0	0	0	0	0	0	0	1	1
4116	11	0	0	0	0	0	0	0	0	1	1
4117	11	0	0	0	0	0	0	0	0	1	1
4118	11	0	0	0	0	0	0	0	0	1	1
4119	11	0	0	0	0	0	0	0	0	1	1
4120	11	0	0	0	0	0	0	0	0	1	1
4121	11	0	0	0	0	0	0	0	0	1	1
4122	11	0	0	0	0	0	0	0	0	1	1
4123	11	0	0	0	0	0	0	0	0	1	1
4124	11	0	0	0	0	0	0	0	0	1	1
4125	11	0	0	0	0	0	0	0	0	1	1
4126	11	0	0	0	0	0	0	0	0	1	1
4127	11	0	0	0	0	0	0	0	0	1	1
4128	11	0	0	0	0	0	0	0	0	1	1
4129	11	0	0	0	0	0	0	0	0	1	1
4130	11	0	0	0	0	0	0	0	0	1	1
4131	11	0	0	0	0	0	0	0	0	1	1
4132	11	0	0	0	0	0	0	0	0	1	1
4133	11	0	0	0	0	0	0	0	0	1	1
4134	11	0	0	0	0	0	0	0	0	1	1
4135	11	0	0	0	0	0	0	0	0	1	1
4136	11	0	0	0	0	0	0	0	0	1	1
4137	11	0	0	0	0	0	0	0	0	1	1
4138	11	0	0	0	0	0	0	0	0	1	1
4139	11	0	0	0	0	0	0	0	0	1	1
4140	11	0	0	0	0	0	0	0	0	1	1
4141	11	0	0	0	0	0	0	0	0	1	1
4142	11	0	0	0	0	0	0	0	0	1	1
4143	11	0	0	0	0	0	0	0	0	1	1
4144	11	0	0	0	0	0	0	0	0	1	1
4145	11	0	0	0	0	0	0	0	0	1	1
4146	11	0	0	0	0	0	0	0	0	1	1
4147	11	0	0	0	0	0	0	0	0	1	1
4148	11	0	0	0	0	0	0	0	0	1	1
4149	11	0	0	0	0	0	0	0	0	1	1
4150	11	0	0	0	0	0	0	0	0	1	1
4151	11	0	0	0	0	0	0	0	0	1	1
4152	11	0	0	0	0	0	0	0	0	1	1
4153	11	0	0	0	0	0	0	0	0	1	1
4154	11	0	0	0	0	0	0	0	0	1	1
4155	11	0	0	0	0	0	0	0	0	1	1
4156	11	0	0	0	0	0	0	0	0	1	1
4157	11	0	0	0	0	0	0	0	0	1	1
4158	11	0	0	0	0	0	0	0	0	1	1
4159	11	0	0	0	0	0	0	0	0	1	1
4160	11	0	0	0	0	0	0	0	0	1	1
4161	11	0	0	0	0	0	0	0	0	1	1
4162	11	0	0	0	0	0	0	0	0	1	1
4163	11	0	0	0	0	0	0	0	0	1	1
4164	11	0	0	0	0	0	0	0	0	1	1
4165	11	0	0	0	0	0	0	0	0	1	1
4166	11	0	0	0	0	0	0	0	0	1	1
4167	11	0	0	0	0	0	0	0	0	1	1
4168	11	0	0	0	0	0	0	0	0	1	1
4169	11	0	0	0	0	0	0	0	0	1	1
4170	11	0	0	0	0	0	0	0	0	1	1
4171	11	0	0	0	0	0	0	0	0	1	1
4172	11	0	0	0	0	0	0	0	0	1	1
4173	11	0	0	0	0	0	0	0	0	1	1
4174	11	0	0	0	0	0	0	0	0	1	1
4175	11	0	0	0	0	0	0	0	0	1	1
4176	11	0	0	0	0	0	0	0	0	1	1
4177	11	0	0	0	0	0	0	0	0	1	1
4178	11	0	0	0	0	0	0	0	0	1	1
4179	11	0	0	0	0	0	0	0	0	1	1
4180	11	0	0	0	0	0	0	0	0	1	1
4181	11	0	0	0	0	0	0	0	0	1	1
4182	11	0	0	0	0	0	0	0	0	1	1
4183	11	0	0	0	0	0	0	0	0	1	1
4184	11	0	0	0	0	0	0	0	0	1	1
4185	11	0	0	0	0	0	0	0	0	1	1
4186	11	0	0	0	0	0	0	0	0	1	1
4187	11	0	0	0	0	0	0	0	0	1	1
4188	11	0	0	0	0	0	0	0	0	1	1
4189	11	0	0	0	0	0	0	0	0	1	1
4190	11	0	0	0	0	0	0	0	0	1	1
4191	11	0	0	0	0	0	0	0	0	1	1
4192	11	0	0	0	0	0	0	0	0	1	1
4193	11	0	0	0	0	0	0	0	0	1	1
4194	11	0	0	0	0	0	0	0	0	1	1
4195	11	0	0	0	0	0	0	0	0	1	1
4196	11	0	0	0	0	0	0	0	0	1	1
4197	11	0	0	0	0	0	0	0	0	1	1
4198	11	0	0	0	0	0	0	0	0	1	1
4199	11	0	0	0	0	0	0	0	0	1	1
4200	11	0	0	0	0	0	0	0	0	1	1
4201	11	0	0	0	0	0	0	0	0	1	1
4202	11	0	0	0	0	0	0	0	0	1	1
4203	11	0	0	0	0	0	0	0	0	1	1
4204	11	0	0	0	0	0	0	0	0	1	1
4205	11	0	0	0	0	0	0	0	0	1	1
4206	11	0	0	0	0	0	0	0	0	1	1
4207	11	0	0	0	0	0	0	0	0	1	1
4208	11	0	0	0	0	0	0	0	0	1	1
4209	11	0	0	0	0	0	0	0	0	1	1
4210	11	0	0	0	0	0	0	0	0	1	1
4211	11	0	0	0	0	0	0	0	0	1	1
4212	11	0	0	0	0	0	0	0	0	1	1
4213	11	0	0	0	0	0	0	0	0	1	1
4214	11	0	0	0	0	0	0	0	0	1	1
4215	11	0	0	0	0	0	0	0	0	1	1
4216	11	0	0	0	0	0	0	0	0	1	1
4217	11	0	0	0	0	0	0	0	0	1	1
4218	11	0	0	0	0	0	0	0	0	1	1
4219	11	0	0	0	0	0	0	0	0	1	1
4220	11	0	0	0	0	0	0	0	0	1	1
4221	11	0	0	0	0	0	0	0	0	1	1
4222	11	0	0	0	0	0	0	0	0	1	1
4223	11	0	0	0	0	0	0	0	0	1	1
4224	11	0	0	0	0	0	0	0	0	1	1
4225	11	0	0	0	0	0	0	0	0	1	1
4226	11	0	0	0	0	0	0	0	0	1	1
4227	11	0	0	0	0	0	0	0	0	1	1
4228	11	0	0	0	0	0	0	0	0	1	1
4229	11	0	0	0	0	0	0	0	0	1	1
4230	11	0	0	0	0	0	0	0	0	1	1
4231	11	0	0	0	0	0	0	0	0	1	1
4232	11	0	0	0	0	0	0	0	0	1	1
4233	11	0	0	0	0	0	0	0	0	1	1
4234	11	0	0	0	0	0	0	0	0	1	1
4235	11	0	0	0	0	0	0	0	0	1	1
4236	11	0	0	0	0	0	0	0	0	1	1
4237	11	0	0	0	0	0	0	0	0	1	1
4238	11	0	0	0	0	0	0	0	0	1	1
4239	11	0	0	0	0	0	0	0	0	1	1
4240	11	0	0	0	0	0	0	0	0	1	1
4241	11	0	0	0	0	0	0	0	0	1	1
4242	11	0	0	0	0	0	0	0	0	1	1
4243	11	0	0	0	0	0	0	0	0	1	1
4244	11	0	0	0	0	0	0	0	0	1	1
4245	11	0	0	0	0	0	0	0	0	1	1
4246	11	0	0	0	0	0	0	0	0	1	1
4247	11	0	0	0	0	0	0	0	0	1	1
4248	11	0	0	0	0	0	0	0	0	1	1
4249	11	0	0	0	0	0	0	0	0	1	1
4250	11	0	0	0	0	0	0	0	0	1	1
4251	11	0	0	0	0	0	0	0	0	1	1
4252	11	0	0	0	0	0	0	0	0	1	1
4253	11	0	0	0	0	0	0	0	0	1	1
4254	11	0	0	0	0	0	0	0	0	1	1
4255	11	0	0	0	0	0	0	0	0	1	1
4256	11	0	0	0	0	0	0	0	0	1	1
4257	11	0	0	0	0	0	0	0	0	1	1
4258	11	0	0	0	0	0	0	0	0	1	1
4259	11	0	0	0	0	0	0	0	0	1	1
4260	11	0	0	0	0	0	0	0	0	1	1
4261	11	0	0	0	0	0	0	0	0	1	1
4262	11	0	0	0	0	0	0	0	0	1	1
4263	11	0	0	0	0	0	0	0	0	1	1
4264	11	0	0	0	0	0	0	0	0	1	1
4265	11	0	0	0	0	0	0	0	0	1	1
4266	11	0	0	0	0	0	0	0	0	1	1
4267	11	0	0	0	0	0	0	0	0	1	1
4268	11	0	0	0	0	0	0	0	0	1	1
4269	11	0	0	0	0	0	0	0	0	1	1
4270	11	0	0	0	0	0	0	0	0	1	1
4271	11	0	0	0	0	0	0	0	0	1	1
4272	11	0	0	0	0	0	0	0	0	1	1
4273	11	0	0	0	0	0	0	0	0	1	1
4274	11	0	0	0	0	0	0	0	0	1	1
4275	11	0	0	0	0	0	0	0	0	1	1
4276	11	0	0	0	0	0	0	0	0	1	1
4277	11	0	0	0	0	0	0	0	0	1	1
4278	11	0	0	0	0	0	0	0	0	1	1
4279	11	0	0	0	0	0	0	0	0	1	1
4280	11	0	0	0	0	0	0	0	0	1	1
4281	11	0	0	0	0	0	0	0	0	1	1
4282	11	0	0	0	0	0	0	0	0	1	1
4283	11	0	0	0	0	0	0	0	0	1	1
4284	11	0	0	0	0	0	0	0	0	1	1
4285	11	0	0	0	0	0	0	0	0	1	1
4286	11	0	0	0	0	0	0	0	0	1	1
4287	11	0	0	0	0	0	0	0	0	1	1
4288	11	0	0	0	0	0	0	0	0	1	1
4289	11	0	0	0	0	0	0	0	0	1	1
4290	11	0	0	0	0	0	0	0	0	1	1
4291	11	0	0	0	0	0	0	0	0	1	1
4292	11	0	0	0	0	0	0	0	0	1	1
4293	11	0	0	0	0	0	0	0	0	1	1
4294	11	0	0	0	0	0	0	0	0	1	1
4295	11	0	0	0	0	0	0	0	0	1	1
4296	11	0	0	0	0	0	0	0	0	1	1
4297	11	0	0	0	0	0	0	0	0	1	1
4298	11	0	0	0	0	0	0	0	0	1	1
4299	11	0	0	0	0	0	0	0	0	1	1
4300	11	0	0	0	0	0	0	0	0	1	1
4301	11	0	0	0	0	0	0	0	0	1	1
4302	11	0	0	0	0	0	0	0	0	1	1
4303	11	0	0	0	0	0	0	0	0	1	1
4304	11	0	0	0	0	0	0	0	0	1	1
4305	11	0	0	0	0	0	0	0	0	1	1
4306	11	0	0	0	0	0	0	0	0	1	1
4307	11	0	0	0	0	0	0	0	0	1	1
4308	11	0	0	0	0	0	0	0	0	1	1
4309	11	0	0	0	0	0	0	0	0	1	1
4310	11	0	0	0	0	0	0	0	0	1	1
4311	11	0	0	0	0	0	0	0	0	1	1
4312	11	0	0	0	0	0	0	0	0	1	1
4313	11	0	0	0	0	0	0	0	0	1	1
4314	11	0	0	0	0	0	0	0	0	1	1
4315	11	0	0	0	0	0	0	0	0	1	1
4316	11	0	0	0	0	0	0	0	0	1	1
4317	11	0	0	0	0	0	0	0	0	1	1
4318	11	0	0	0	0	0	0	0	0	1	1
4319	11	0	0	0	0	0	0	0	0	1	1
4320	11	0	0	0	0	0	0	0	0	1	1
4321	11	0	0	0	0	0	0	0	0	1	1
4322	11	0	0	0	0	0	0	0	0	1	1
4323	11	0	0	0	0	0	0	0	0	1	1
4324	11	0	0	0	0	0	0	0	0	1	1
4325	11	0	0	0	0	0	0	0	0	1	1
4326	11	0	0	0	0	0	0	0	0	1	1
4327	11	0	0	0	0	0	0	0	0	1	1
4328	11	0	0	0	0	0	0	0	0	1	1
4329	11	0	0	0	0	0	0	0	0	1	1
4330	11	0	0	0	0	0	0	0	0	1	1
4331	11	0	0	0	0	0	0	0	0	1	1
4332	11	0	0	0	0	0	0	0	0	1	1
4333	11	0	0	0	0	0	0	0	0	1	1
4334	11	0	0	0	0	0	0	0	0	1	1
4335	11	0	0	0	0	0	0	0	0	1	1
4336	11	0	0	0	0	0	0	0	0	1	1
4337	11	0	0	0	0	0	0	0	0	1	1
4338	11	0	0	0	0	0	0	0	0	1	1
4339	11	0	0	0	0	0	0	0	0	1	1
4340	11	0	0	0	0	0	0	0	0	1	1
4341	11	0	0	0	0	0	0	0	0	1	1
4342	11	0	0	0	0	0	0	0	0	1	1
4343	0	0	0	0	0	0	0	0	0	1	1
4344	1	0	0	0	0	0	0	0	0	1	1
4345	2	0	0	0	0	0	0	0	0	1	1
4346	2	0	0	0	0	0	0	0	0	1	1
4347	2	0	0	0	0	0	0	0	0	1	1
4348	2	0	0	0	0	0	0	0	0	1	1
4349	2	0	0	0	0	0	0	0	0	1	1
4350	2	0	0	0	0	0	0	0	0	1	1
4351	2	0	0	0	0	0	0	0	0	1	1
4352	2	0	0	0	0	0	0	0	0	1	1
4353	2	0	0	0	0	0	0	0	0	1	1
4354	2	0	0	0	0	0	0	0	0	1	1
4355	2	0	0	0	0	0	0	0	0	1	1
4356	2	0	0	0	0	0	0	0	0	1	1
4357	2	0	0	0	0	0	0	0	0	1	1
4358	2	0	0	0	0	0	0	0	0	1	1
4359	2	0	0	0	0	0	0	0	0	1	1
4360	2	0	0	0	0	0	0	0	0	1	1
4361	2	0	0	0	0	0	0	0	0	1	1
4362	2	0	0	0	0	0	0	0	0	1	1
4363	2	0	0	0	0	0	0	0	0	1	1
4364	2	0	0	0	0	0	0	0	0	1	1
4365	2	0	0	0	0	0	0	0	0	1	1
4366	2	0	0	0	0	0	0	0	0	1	1
4367	2	0	0	0	0	0	0	0	0	1	1
4368	2	0	0	0	0	0	0	0	0	1	1
4369	2	0	0	0	0	0	0	0	0	1	1
4370	2	0	0	0	0	0	0	0	0	1	1
4371	2	0	0	0	0	0	0	0	0	1	1
4372	2	0	0	0	0	0	0	0	0	1	1
4373	2	0	0	0	0	0	0	0	0	1	1
4374	2	0	0	0	0	0	0	0	0	1	1
4375	2	0	0	0	0	0	0	0	0	1	1
4376	2	0	0	0	0	0	0	0	0	1	1
4377	2	0	0	0	0	0	0	0	0	1	1
4378	2	0	0	0	0	0	0	0	0	1	1
4379	2	0	0	0	0	0	0	0	0	1	1
4380	2	0	0	0	0	0	0	0	0	1	1
4381	2	0	0	0	0	0	0	0	0	1	1
4382	2	0	0	0	0	0	0	0	0	1	1
4383	2	0	0	0	0	0	0	0	0	1	1
4384	2	0	0	0	0	0	0	0	0	1	1
4385	2	0	0	0	0	0	0	0	0	1	1
4386	2	0	0	0	0	0	0	0	0	1	1
4387	2	0	0	0	0	0	0	0	0	1	1
4388	2	0	0	0	0	0	0	0	0	1	1
4389	2	0	0	0	0	0	0	0	0	1	1
4390	2	0	0	0	0	0	0	0	0	1	1
4391	2	0	0	0	0	0	0	0	0	1	1
4392	2	0	0	0	0	0	0	0	0	1	1
4393	2	0	0	0	0	0	0	0	0	1	1
4394	2	0	0	0	0	0	0	0	0	1	1
4395	2	0	0	0	0	0	0	0	0	1	1
4396	2	0	0	0	0	0	0	0	0	1	1
4397	2	0	0	0	0	0	0	0	0	1	1
4398	2	0	0	0	0	0	0	0	0	1	1
4399	2	0	0	0	0	0	0	0	0	1	1
4400	2	0	0	0	0	0	0	0	0	1	1
4401	2	0	0	0	0	0	0	0	0	1	1
4402	2	0	0	0	0	0	0	0	0	1	1
4403	2	0	0	0	0	0	0	0	0	1	1
4404	2	0	0	0	0	0	0	0	0	1	1
4405	2	0	0	0	0	0	0	0	0	1	1
4406	2	0	0	0	0	0	0	0	0	1	1
4407	2	0	0	0	0	0	0	0	0	1	1
4408	2	0	0	0	0	0	0	0	0	1	1
4409	2	0	0	0	0	0	0	0	0	1	1
4410	2	0	0	0	0	0	0	0	0	1	1
4411	2	0	0	0	0	0	0	0	0	1	1
4412	2	0	0	0	0	0	0	0	0	1	1
4413	2	0	0	0	0	0	0	0	0	1	1
4414	2	0	0	0	0	0	0	0	0	1	1
4415	2	0	0	0	0	0	0	0	0	1	1
4416	2	0	0	0	0	0	0	0	0	1	1
4417	2	0	0	0	0	0	0	0	0	1	1
4418	2	0	0	0	0	0	0	0	0	1	1
4419	2	0	0	0	0	0	0	0	0	1	1
4420	2	0	0	0	0	0	0	0	0	1	1
4421	2	0	0	0	0	0	0	0	0	1	1
4422	2	0	0	0	0	0	0	0	0	1	1
4423	2	0	0	0	0	0	0	0	0	1	1
4424	2	0	0	0	0	0	0	0	0	1	1
4425	2	0	0	0	0	0	0	0	0	1	1
4426	2	0	0	0	0	0	0	0	0	1	1
4427	2	0	0	0	0	0	0	0	0	1	1
4428	2	0	0	0	0	0	0	0	0	1	1
4429	2	0	0	0	0	0	0	0	0	1	1
4430	2	0	0	0	0	0	0	0	0	1	1
4431	2	0	0	0	0	0	0	0	0	1	1
4432	2	0	0	0	0	0	0	0	0	1	1
4433	2	0	0	0	0	0	0	0	0	1	1
4434	2	0	0	0	0	0	0	0	0	1	1
4435	2	0	0	0	0	0	0	0	0	1	1
4436	2	0	0	0	0	0	0	0	0	1	1
4437	2	0	0	0	0	0	0	0	0	1	1
4438	2	0	0	0	0	0	0	0	0	1	1
4439	2	0	0	0	0	0	0	0	0	1	1
4440	2	0	0	0	0	0	0	0	0	1	1
4441	2	0	0	0	0	0	0	0	0	1	1
4442	2	0	0	0	0	0	0	0	0	1	1
4443	2	0	0	0	0	0	0	0	0	1	1
4444	2	0	0	0	0	0	0	0	0	1	1
4445	2	0	0	0	0	0	0	0	0	1	1
4446	2	0	0	0	0	0	0	0	0	1	1
4447	2	0	0	0	0	0	0	0	0	1	1
4448	2	0	0	0	0	0	0	0	0	1	1
4449	2	0	0	0	0	0	0	0	0	1	1
4450	2	0	0	0	0	0	0	0	0	1	1
4451	2	0	0	0	0	0	0	0	0	1	1
4452	2	0	0	0	0	0	0	0	0	1	1
4453	2	0	0	0	0	0	0	0	0	1	1
4454	2	0	0	0	0	0	0	0	0	1	1
4455	2	0	0	0	0	0	0	0	0	1	1
4456	2	0	0	0	0	0	0	0	0	1	1
4457	2	0	0	0	0	0	0	0	0	1	1
4458	2	0	0	0	0	0	0	0	0	1	1
4459	2	0	0	0	0	0	0	0	0	1	1
4460	2	0	0	0	0	0	0	0	0	1	1
4461	2	0	0	0	0	0	0	0	0	1	1
4462	2	0	0	0	0	0	0	0	0	1	1
4463	2	0	0	0	0	0	0	0	0	1	1
4464	2	0	0	0	0	0	0	0	0	1	1
4465	2	0	0	0	0	0	0	0	0	1	1
4466	2	0	0	0	0	0	0	0	0	1	1
4467	2	0	0	0	0	0	0	0	0	1	1
4468	2	0	0	0	0	0	0	0	0	1	1
4469	2	0	0	0	0	0	0	0	0	1	1
4470	2	0	0	0	0	0	0	0	0	1	1
4471	2	0	0	0	0	0	0	0	0	1	1
4472	2	0	0	0	0	0	0	0	0	1	1
4473	2	0	0	0	0	0	0	0	0	1	1
4474	2	0	0	0	0	0	0	0	0	1	1
4475	2	0	0	0	0	0	0	0	0	1	1
4476	2	0	0	0	0	0	0	0	0	1	1
4477	2	0	0	0	0	0	0	0	0	1	1
4478	2	0	0	0	0	0	0	0	0	1	1
4479	2	0	0	0	0	0	0	0	0	1	1
4480	2	0	0	0	0	0	0	0	0	1	1
4481	2	0	0	0	0	0	0	0	0	1	1
4482	2	0	0	0	0	0	0	0	0	1	1
4483	2	0	0	0	0	0	0	0	0	1	1
4484	2	0	0	0	0	0	0	0	0	1	1
4485	2	0	0	0	0	0	0	0	0	1	1
4486	2	0	0	0	0	0	0	0	0	1	1
4487	2	0	0	0	0	0	0	0	0	1	1
4488	2	0	0	0	0	0	0	0	0	1	1
4489	2	0	0	0	0	0	0	0	0	1	1
4490	2	0	0	0	0	0	0	0	0	1	1
4491	2	0	0	0	0	0	0	0	0	1	1
4492	2	0	0	0	0	0	0	0	0	1	1
4493	2	0	0	0	0	0	0	0	0	1	1
4494	2	0	0	0	0	0	0	0	0	1	1
4495	2	0	0	0	0	0	0	0	0	1	1
4496	2	0	0	0	0	0	0	0	0	1	1
4497	2	0	0	0	0	0	0	0	0	1	1
4498	2	0	0	0	0	0	0	0	0	1	1
4499	2	0	0	0	0	0	0	0	0	1	1
4500	2	0	0	0	0	0	0	0	0	1	1
4501	2	0	0	0	0	0	0	0	0	1	1
4502	2	0	0	0	0	0	0	0	0	1	1
4503	2	0	0	0	0	0	0	0	0	1	1
4504	2	0	0	0	0	0	0	0	0	1	1
4505	2	0	0	0	0	0	0	0	0	1	1
4506	2	0	0	0	0	0	0	0	0	1	1
4507	2	0	0	0	0	0	0	0	0	1	1
4508	2	0	0	0	0	0	0	0	0	1	1
4509	2	0	0	0	0	0	0	0	0	1	1
4510	2	0	0	0	0	0	0	0	0	1	1
4511	2	0	0	0	0	0	0	0	0	1	1
4512	2	0	0	0	0	0	0	0	0	1	1
4513	2	0	0	0	0	0	0	0	0	1	1
4514	2	0	0	0	0	0	0	0	0	1	1
4515	2	0	0	0	0	0	0	0	0	1	1
4516	2	0	0	0	0	0	0	0	0	1	1
4517	2	0	0	0	0	0	0	0	0	1	1
4518	2	0	0	0	0	0	0	0	0	1	1
4519	2	0	0	0	0	0	0	0	0	1	1
4520	2	0	0	0	0	0	0	0	0	1	1
4521	2	0	0	0	0	0	0	0	0	1	1
4522	2	0	0	0	0	0	0	0	0	1	1
4523	2	0	0	0	0	0	0	0	0	1	1
4524	2	0	0	0	0	0	0	0	0	1	1
4525	2	0	0	0	0	0	0	0	0	1	1
4526	2	0	0	0	0	0	0	0	0	1	1
4527	2	0	0	0	0	0	0	0	0	1	1
4528	2	0	0	0	0	0	0	0	0	1	1
4529	2	0	0	0	0	0	0	0	0	1	1
4530	2	0	0	0	0	0	0	0	0	1	1
4531	2	0	0	0	0	0	0	0	0	1	1
4532	2	0	0	0	0	0	0	0	0	1	1
4533	2	0	0	0	0	0	0	0	0	1	1
4534	2	0	0	0	0	0	0	0	0	1	1
4535	2	0	0	0	0	0	0	0	0	1	1
4536	2	0	0	0	0	0	0	0	0	1	1
4537	2	0	0	0	0	0	0	0	0	1	1
4538	2	0	0	0	0	0	0	0	0	1	1
4539	2	0	0	0	0	0	0	0	0	1	1
4540	2	0	0	0	0	0	0	0	0	1	1
4541	2	0	0	0	0	0	0	0	0	1	1
4542	2	0	0	0	0	0	0	0	0	1	1
4543	2	0	0	0	0	0	0	0	0	1	1
4544	2	0	0	0	0	0	0	0	0	1	1
4545	2	0	0	0	0	0	0	0	0	1	1
4546	2	0	0	0	0	0	0	0	0	1	1
4547	2	0	0	0	0	0	0	0	0	1	1
4548	2	0	0	0	0	0	0	0	0	1	1
4549	2	0	0	0	0	0	0	0	0	1	1
4550	2	0	0	0	0	0	0	0	0	1	1
4551	2	0	0	0	0	0	0	0	0	1	1
4552	2	0	0	0	0	0	0	0	0	1	1
4553	2	0	0	0	0	0	0	0	0	1	1
4554	2	0	0	0	0	0	0	0	0	1	1
4555	2	0	0	0	0	0	0	0	0	1	1
4556	2	0	0	0	0	0	0	0	0	1	1
4557	2	0	0	0	0	0	0	0	0	1	1
4558	2	0	0	0	0	0	0	0	0	1	1
4559	2	0	0	0	0	0	0	0	0	1	1
4560	2	0	0	0	0	0	0	0	0	1	1
4561	2	0	0	0	0	0	0	0	0	1	1
4562	2	0	0	0	0	0	0	0	0	1	1
4563	2	0	0	0	0	0	0	0	0	1	1
4564	2	0	0	0	0	0	0	0	0	1	1
4565	2	0	0	0	0	0	0	0	0	1	1
4566	2	0	0	0	0	0	0	0	0	1	1
4567	2	0	0	0	0	0	0	0	0	1	1
4568	2	0	0	0	0	0	0	0	0	1	1
4569	2	0	0	0	0	0	0	0	0	1	1
4570	2	0	0	0	0	0	0	0	0	1	1
4571	2	0	0	0	0	0	0	0	0	1	1
4572	2	0	0	0	0	0	0	0	0	1	1
4573	2	0	0	0	0	0	0	0	0	1	1
4574	2	0	0	0	0	0	0	0	0	1	1
4575	2	0	0	0	0	0	0	0	0	1	1
4576	2	0	0	0	0	0	0	0	0	1	1
4577	2	0	0	0	0	0	0	0	0	1	1
4578	2	0	0	0	0	0	0	0	0	1	1
4579	2	0	0	0	0	0	0	0	0	1	1
4580	2	0	0	0	0	0	0	0	0	1	1
4581	2	0	0	0	0	0	0	0	0	1	1
4582	2	0	0	0	0	0	0	0	0	1	1
4583	2	0	0	0	0	0	0	0	0	1	1
4584	2	0	0	0	0	0	0	0	0	1	1
4585	2	0	0	0	0	0	0	0	0	1	1
4586	2	0	0	0	0	0	0	0	0	1	1
4587	2	0	0	0	0	0	0	0	0	1	1
4588	2	0	0	0	0	0	0	0	0	1	1
4589	2	0	0	0	0	0	0	0	0	1	1
4590	2	0	0	0	0	0	0	0	0	1	1
4591	2	0	0	0	0	0	0	0	0	1	1
4592	2	0	0	0	0	0	0	0	0	1	1
4593	2	0	0	0	0	0	0	0	0	1	1
4594	2	0	0	0	0	0	0	0	0	1	1
4595	2	0	0	0	0	0	0	0	0	1	1
4596	2	0	0	0	0	0	0	0	0	1	1
4597	2	0	0	0	0	0	0	0	0	1	1
4598	2	0	0	0	0	0	0	0	0	1	1
4599	2	0	0	0	0	0	0	0	0	1	1
4600	2	0	0	0	0	0	0	0	0	1	1
4601	2	0	0	0	0	0	0	0	0	1	1
4602	2	0	0	0	0	0	0	0	0	1	1
4603	2	0	0	0	0	0	0	0	0	1	1
4604	2	0	0	0	0	0	0	0	0	1	1
4605	2	0	0	0	0	0	0	0	0	1	1
4606	2	0	0	0	0	0	0	0	0	1	1
4607	2	0	0	0	0	0	0	0	0	1	1
4608	2	0	0	0	0	0	0	0	0	1	1
4609	2	0	0	0	0	0	0	0	0	1	1
4610	2	0	0	0	0	0	0	0	0	1	1
4611	2	0	0	0	0	0	0	0	0	1	1
4612	2	0	0	0	0	0	0	0	0	1	1
4613	2	0	0	0	0	0	0	0	0	1	1
4614	2	0	0	0	0	0	0	0	0	1	1
4615	2	0	0	0	0	0	0	0	0	1	1
4616	2	0	0	0	0	0	0	0	0	1	1
4617	2	0	0	0	0	0	0	0	0	1	1
4618	2	0	0	0	0	0	0	0	0	1	1
4619	2	0	0	0	0	0	0	0	0	1	1
4620	2	0	0	0	0	0	0	0	0	1	1
4621	2	0	0	0	0	0	0	0	0	1	1
4622	2	0	0	0	0	0	0	0	0	1	1
4623	2	0	0	0	0	0	0	0	0	1	1
4624	2	0	0	0	0	0	0	0	0	1	1
4625	2	0	0	0	0	0	0	0	0	1	1
4626	2	0	0	0	0	0	0	0	0	1	1
4627	2	0	0	0	0	0	0	0	0	1	1
4628	2	0	0	0	0	0	0	0	0	1	1
4629	2	0	0	0	0	0	0	0	0	1	1
4630	2	0	0	0	0	0	0	0	0	1	1
4631	2	0	0	0	0	0	0	0	0	1	1
4632	2	0	0	0	0	0	0	0	0	1	1
4633	2	0	0	0	0	0	0	0	0	1	1
4634	2	0	0	0	0	0	0	0	0	1	1
4635	2	0	0	0	0	0	0	0	0	1	1
4636	2	0	0	0	0	0	0	0	0	1	1
4637	2	0	0	0	0	0	0	0	0	1	1
4638	2	0	0	0	0	0	0	0	0	1	1
4639	2	0	0	0	0	0	0	0	0	1	1
4640	2	0	0	0	0	0	0	0	0	1	1
4641	2	0	0	0	0	0	0	0	0	1	1
4642	2	0	0	0	0	0	0	0	0	1	1
4643	2	0	0	0	0	0	0	0	0	1	1
4644	2	0	0	0	0	0	0	0	0	1	1
4645	2	0	0	0	0	0	0	0	0	1	1
4646	2	0	0	0	0	0	0	0	0	1	1
4647	2	0	0	0	0	0	0	0	0	1	1
4648	2	0	0	0	0	0	0	0	0	1	1
4649	2	0	0	0	0	0	0	0	0	1	1
4650	2	0	0	0	0	0	0	0	0	1	1
4651	2	0	0	0	0	0	0	0	0	1	1
4652	2	0	0	0	0	0	0	0	0	1	1
4653	2	0	0	0	0	0	0	0	0	1	1
4654	2	0	0	0	0	0	0	0	0	1	1
4655	2	0	0	0	0	0	0	0	0	1	1
4656	2	0	0	0	0	0	0	0	0	1	1
4657	2	0	0	0	0	0	0	0	0	1	1
4658	2	0	0	0	0	0	0	0	0	1	1
4659	2	0	0	0	0	0	0	0	0	1	1
4660	2	0	0	0	0	0	0	0	0	1	1
4661	2	0	0	0	0	0	0	0	0	1	1
4662	2	0	0	0	0	0	0	0	0	1	1
4663	2	0	0	0	0	0	0	0	0	1	1
4664	2	0	0	0	0	0	0	0	0	1	1
4665	2	0	0	0	0	0	0	0	0	1	1
4666	2	0	0	0	0	0	0	0	0	1	1
4667	2	0	0	0	0	0	0	0	0	1	1
4668	2	0	0	0	0	0	0	0	0	1	1
4669	2	0	0	0	0	0	0	0	0	1	1
4670	2	0	0	0	0	0	0	0	0	1	1
4671	2	0	0	0	0	0	0	0	0	1	1
4672	2	0	0	0	0	0	0	0	0	1	1
4673	2	0	0	0	0	0	0	0	0	1	1
4674	2	0	0	0	0	0	0	0	0	1	1
4675	2	0	0	0	0	0	0	0	0	1	1
4676	2	0	0	0	0	0	0	0	0	1	1
4677	2	0	0	0	0	0	0	0	0	1	1
4678	2	0	0	0	0	0	0	0	0	1	1
4679	2	0	0	0	0	0	0	0	0	1	1
4680	2	0	0	0	0	0	0	0	0	1	1
4681	2	0	0	0	0	0	0	0	0	1	1
4682	2	0	0	0	0	0	0	0	0	1	1
4683	2	0	0	0	0	0	0	0	0	1	1
4684	2	0	0	0	0	0	0	0	0	1	1
4685	2	0	0	0	0	0	0	0	0	1	1
4686	2	0	0	0	0	0	0	0	0	1	1
4687	2	0	0	0	0	0	0	0	0	1	1
4688	2	0	0	0	0	0	0	0	0	1	1
4689	2	0	0	0	0	0	0	0	0	1	1
4690	2	0	0	0	0	0	0	0	0	1	1
4691	2	0	0	0	0	0	0	0	0	1	1
4692	2	0	0	0	0	0	0	0	0	1	1
4693	2	0	0	0	0	0	0	0	0	1	1
4694	2	0	0	0	0	0	0	0	0	1	1
4695	2	0	0	0	0	0	0	0	0	1	1
4696	2	0	0	0	0	0	0	0	0	1	1
4697	2	0	0	0	0	0	0	0	0	1	1
4698	2	0	0	0	0	0	0	0	0	1	1
4699	2	0	0	0	0	0	0	0	0	1	1
4700	2	0	0	0	0	0	0	0	0	1	1
4701	2	0	0	0	0	0	0	0	0	1	1
4702	2	0	0	0	0	0	0	0	0	1	1
4703	2	0	0	0	0	0	0	0	0	1	1
4704	2	0	0	0	0	0	0	0	0	1	1
4705	2	0	0	0	0	0	0	0	0	1	1
4706	2	0	0	0	0	0	0	0	0	1	1
4707	2	0	0	0	0	0	0	0	0	1	1
4708	2	0	0	0	0	0	0	0	0	1	1
4709	2	0	0	0	0	0	0	0	0	1	1
4710	2	0	0	0	0	0	0	0	0	1	1
4711	2	0	0	0	0	0	0	0	0	1	1
4712	2	0	0	0	0	0	0	0	0	1	1
4713	2	0	0	0	0	0	0	0	0	1	1
4714	2	0	0	0	0	0	0	0	0	1	1
4715	2	0	0	0	0	0	0	0	0	1	1
4716	2	0	0	0	0	0	0	0	0	1	1
4717	2	0	0	0	0	0	0	0	0	1	1
4718	2	0	0	0	0	0	0	0	0	1	1
4719	2	0	0	0	0	0	0	0	0	1	1
4720	2	0	0	0	0	0	0	0	0	1	1
4721	2	0	0	0	0	0	0	0	0	1	1
4722	2	0	0	0	0	0	0	0	0	1	1
4723	2	0	0	0	0	0	0	0	0	1	1
4724	2	0	0	0	0	0	0	0	0	1	1
4725	2	0	0	0	0	0	0	0	0	1	1
4726	2	0	0	0	0	0	0	0	0	1	1
4727	2	0	0	0	0	0	0	0	0	1	1
4728	2	0	0	0	0	0	0	0	0	1	1
4729	2	0	0	0	0	0	0	0	0	1	1
4730	2	0	0	0	0	0	0	0	0	1	1
4731	2	0	0	0	0	0	0	0	0	1	1
4732	2	0	0	0	0	0	0	0	0	1	1
4733	2	0	0	0	0	0	0	0	0	1	1
4734	2	0	0	0	0	0	0	0	0	1	1
4735	2	0	0	0	0	0	0	0	0	1	1
4736	2	0	0	0	0	0	0	0	0	1	1
4737	2	0	0	0	0	0	0	0	0	1	1
4738	2	0	0	0	0	0	0	0	0	1	1
4739	2	0	0	0	0	0	0	0	0	1	1
4740	2	0	0	0	0	0	0	0	0	1	1
4741	2	0	0	0	0	0	0	0	0	1	1
4742	2	0	0	0	0	0	0	0	0	1	1
4743	2	0	0	0	0	0	0	0	0	1	1
4744	2	0	0	0	0	0	0	0	0	1	1
4745	2	0	0	0	0	0	0	0	0	1	1
4746	2	0	0	0	0	0	0	0	0	1	1
4747	2	0	0	0	0	0	0	0	0	1	1
4748	2	0	0	0	0	0	0	0	0	1	1
4749	2	0	0	0	0	0	0	0	0	1	1
4750	2	0	0	0	0	0	0	0	0	1	1
4751	2	0	0	0	0	0	0	0	0	1	1
4752	2	0	0	0	0	0	0	0	0	1	1
4753	2	0	0	0	0	0	0	0	0	1	1
4754	2	0	0	0	0	0	0	0	0	1	1
4755	2	0	0	0	0	0	0	0	0	1	1
4756	2	0	0	0	0	0	0	0	0	1	1
4757	2	0	0	0	0	0	0	0	0	1	1
4758	2	0	0	0	0	0	0	0	0	1	1
4759	2	0	0	0	0	0	0	0	0	1	1
4760	2	0	0	0	0	0	0	0	0	1	1
4761	2	0	0	0	0	0	0	0	0	1	1
4762	2	0	0	0	0	0	0	0	0	1	1
4763	2	0	0	0	0	0	0	0	0	1	1
4764	2	0	0	0	0	0	0	0	0	1	1
4765	2	0	0	0	0	0	0	0	0	1	1
4766	2	0	0	0	0	0	0	0	0	1	1
4767	2	0	0	0	0	0	0	0	0	1	1
4768	2	0	0	0	0	0	0	0	0	1	1
4769	2	0	0	0	0	0	0	0	0	1	1
4770	2	0	0	0	0	0	0	0	0	1	1
4771	2	0	0	0	0	0	0	0	0	1	1
4772	2	0	0	0	0	0	0	0	0	1	1
4773	2	0	0	0	0	0	0	0	0	1	1
4774	2	0	0	0	0	0	0	0	0	1	1
4775	2	0	0	0	0	0	0	0	0	1	1
4776	2	0	0	0	0	0	0	0	0	1	1
4777	2	0	0	0	0	0	0	0	0	1	1
4778	2	0	0	0	0	0	0	0	0	1	1
4779	2	0	0	0	0	0	0	0	0	1	1
4780	2	0	0	0	0	0	0	0	0	1	1
4781	2	0	0	0	0	0	0	0	0	1	1
4782	2	0	0	0	0	0	0	0	0	1	1
4783	2	0	0	0	0	0	0	0	0	1	1
4784	2	0	0	0	0	0	0	0	0	1	1
4785	2	0	0	0	0	0	0	0	0	1	1
4786	2	0	0	0	0	0	0	0	0	1	1
4787	2	0	0	0	0	0	0	0	0	1	1
4788	2	0	0	0	0	0	0	0	0	1	1
4789	2	0	0	0	0	0	0	0	0	1	1
4790	2	0	0	0	0	0	0	0	0	1	1
4791	2	0	0	0	0	0	0	0	0	1	1
4792	2	0	0	0	0	0	0	0	0	1	1
4793	2	0	0	0	0	0	0	0	0	1	1
4794	2	0	0	0	0	0	0	0	0	1	1
4795	2	0	0	0	0	0	0	0	0	1	1
4796	2	0	0	0	0	0	0	0	0	1	1
4797	2	0	0	0	0	0	0	0	0	1	1
4798	2	0	0	0	0	0	0	0	0	1	1
4799	2	0	0	0	0	0	0	0	0	1	1
4800	2	0	0	0	0	0	0	0	0	1	1
4801	2	0	0	0	0	0	0	0	0	1	1
4802	2	0	0	0	0	0	0	0	0	1	1
4803	2	0	0	0	0	0	0	0	0	1	1
4804	2	0	0	0	0	0	0	0	0	1	1
4805	2	0	0	0	0	0	0	0	0	1	1
4806	2	0	0	0	0	0	0	0	0	1	1
4807	2	0	0	0	0	0	0	0	0	1	1
4808	2	0	0	0	0	0	0	0	0	1	1
4809	2	0	0	0	0	0	0	0	0	1	1
4810	2	0	0	0	0	0	0	0	0	1	1
4811	2	0	0	0	0	0	0	0	0	1	1
4812	2	0	0	0	0	0	0	0	0	1	1
4813	2	0	0	0	0	0	0	0	0	1	1
4814	2	0	0	0	0	0	0	0	0	1	1
4815	2	0	0	0	0	0	0	0	0	1	1
4816	2	0	0	0	0	0	0	0	0	1	1
4817	2	0	0	0	0	0	0	0	0	1	1
4818	2	0	0	0	0	0	0	0	0	1	1
4819	2	0	0	0	0	0	0	0	0	1	1
4820	2	0	0	0	0	0	0	0	0	1	1
4821	2	0	0	0	0	0	0	0	0	1	1
4822	2	0	0	0	0	0	0	0	0	1	1
4823	2	0	0	0	0	0	0	0	0	1	1
4824	2	0	0	0	0	0	0	0	0	1	1
4825	2	0	0	0	0	0	0	0	0	1	1
4826	2	0	0	0	0	0	0	0	0	1	1
4827	2	0	0	0	0	0	0	0	0	1	1
4828	2	0	0	0	0	0	0	0	0	1	1
4829	2	0	0	0	0	0	0	0	0	1	1
4830	2	0	0	0	0	0	0	0	0	1	1
4831	2	0	0	0	0	0	0	0	0	1	1
4832	2	0	0	0	0	0	0	0	0	1	1
4833	2	0	0	0	0	0	0	0	0	1	1
4834	2	0	0	0	0	0	0	0	0	1	1
4835	2	0	0	0	0	0	0	0	0	1	1
4836	2	0	0	0	0	0	0	0	0	1	1
4837	2	0	0	0	0	0	0	0	0	1	1
4838	2	0	0	0	0	0	0	0	0	1	1
4839	2	0	0	0	0	0	0	0	0	1	1
4840	2	0	0	0	0	0	0	0	0	1	1
4841	2	0	0	0	0	0	0	0	0	1	1
4842	2	0	0	0	0	0	0	0	0	1	1
4843	2	0	0	0	0	0	0	0	0	1	1
4844	2	0	0	0	0	0	0	0	0	1	1
4845	2	0	0	0	0	0	0	0	0	1	1
4846	2	0	0	0	0	0	0	0	0	1	1
4847	2	0	0	0	0	0	0	0	0	1	1
4848	2	0	0	0	0	0	0	0	0	1	1
4849	2	0	0	0	0	0	0	0	0	1	1
4850	2	0	0	0	0	0	0	0	0	1	1
4851	2	0	0	0	0	0	0	0	0	1	1
4852	2	0	0	0	0	0	0	0	0	1	1
4853	2	0	0	0	0	0	0	0	0	1	1
4854	2	0	0	0	0	0	0	0	0	1	1
4855	2	0	0	0	0	0	0	0	0	1	1
4856	2	0	0	0	0	0	0	0	0	1	1
4857	2	0	0	0	0	0	0	0	0	1	1
4858	2	0	0	0	0	0	0	0	0	1	1
4859	2	0	0	0	0	0	0	0	0	1	1
4860	2	0	0	0	0	0	0	0	0	1	1
4861	2	0	0	0	0	0	0	0	0	1	1
4862	2	0	0	0	0	0	0	0	0	1	1
4863	2	0	0	0	0	0	0	0	0	1	1
4864	2	0	0	0	0	0	0	0	0	1	1
4865	2	0	0	0	0	0	0	0	0	1	1
4866	2	0	0	0	0	0	0	0	0	1	1
4867	2	0	0	0	0	0	0	0	0	1	1
4868	2	0	0	0	0	0	0	0	0	1	1
4869	2	0	0	0	0	0	0	0	0	1	1
4870	2	0	0	0	0	0	0	0	0	1	1
4871	2	0	0	0	0	0	0	0	0	1	1
4872	2	0	0	0	0	0	0	0	0	1	1
4873	2	0	0	0	0	0	0	0	0	1	1
4874	2	0	0	0	0	0	0	0	0	1	1
4875	2	0	0	0	0	0	0	0	0	1	1
4876	2	0	0	0	0	0	0	0	0	1	1
4877	2	0	0	0	0	0	0	0	0	1	1
4878	2	0	0	0	0	0	0	0	0	1	1
4879	2	0	0	0	0	0	0	0	0	1	1
4880	2	0	0	0	0	0	0	0	0	1	1
4881	2	0	0	0	0	0	0	0	0	1	1
4882	2	0	0	0	0	0	0	0	0	1	1
4883	2	0	0	0	0	0	0	0	0	1	1
4884	2	0	0	0	0	0	0	0	0	1	1
4885	2	0	0	0	0	0	0	0	0	1	1
4886	2	0	0	0	0	0	0	0	0	1	1
4887	2	0	0	0	0	0	0	0	0	1	1
4888	2	0	0	0	0	0	0	0	0	1	1
4889	2	0	0	0	0	0	0	0	0	1	1
4890	2	0	0	0	0	0	0	0	0	1	1
4891	2	0	0	0	0	0	0	0	0	1	1
4892	2	0	0	0	0	0	0	0	0	1	1
4893	2	0	0	0	0	0	0	0	0	1	1
4894	2	0	0	0	0	0	0	0	0	1	1
4895	2	0	0	0	0	0	0	0	0	1	1
4896	2	0	0	0	0	0	0	0	0	1	1
4897	2	0	0	0	0	0	0	0	0	1	1
4898	2	0	0	0	0	0	0	0	0	1	1
4899	2	0	0	0	0	0	0	0	0	1	1
4900	2	0	0	0	0	0	0	0	0	1	1
4901	2	0	0	0	0	0	0	0	0	1	1
4902	2	0	0	0	0	0	0	0	0	1	1
4903	2	0	0	0	0	0	0	0	0	1	1
4904	2	0	0	0	0	0	0	0	0	1	1
4905	2	0	0	0	0	0	0	0	0	1	1
4906	2	0	0	0	0	0	0	0	0	1	1
4907	2	0	0	0	0	0	0	0	0	1	1
4908	2	0	0	0	0	0	0	0	0	1	1
4909	2	0	0	0	0	0	0	0	0	1	1
4910	2	0	0	0	0	0	0	0	0	1	1
4911	2	0	0	0	0	0	0	0	0	1	1
4912	2	0	0	0	0	0	0	0	0	1	1
4913	2	0	0	0	0	0	0	0	0	1	1
4914	2	0	0	0	0	0	0	0	0	1	1
4915	2	0	0	0	0	0	0	0	0	1	1
4916	2	0	0	0	0	0	0	0	0	1	1
4917	2	0	0	0	0	0	0	0	0	1	1
4918	2	0	0	0	0	0	0	0	0	1	1
4919	2	0	0	0	0	0	0	0	0	1	1
4920	2	0	0	0	0	0	0	0	0	1	1
4921	2	0	0	0	0	0	0	0	0	1	1
4922	2	0	0	0	0	0	0	0	0	1	1
4923	2	0	0	0	0	0	0	0	0	1	1
4924	2	0	0	0	0	0	0	0	0	1	1
4925	2	0	0	0	0	0	0	0	0	1	1
4926	2	0	0	0	0	0	0	0	0	1	1
4927	2	0	0	0	0	0	0	0	0	1	1
4928	2	0	0	0	0	0	0	0	0	1	1
4929	2	0	0	0	0	0	0	0	0	1	1
4930	2	0	0	0	0	0	0	0	0	1	1
4931	2	0	0	0	0	0	0	0	0	1	1
4932	2	0	0	0	0	0	0	0	0	1	1
4933	2	0	0	0	0	0	0	0	0	1	1
4934	2	0	0	0	0	0	0	0	0	1	1
4935	2	0	0	0	0	0	0	0	0	1	1
4936	2	0	0	0	0	0	0	0	0	1	1
4937	2	0	0	0	0	0	0	0	0	1	1
4938	2	0	0	0	0	0	0	0	0	1	1
4939	2	0	0	0	0	0	0	0	0	1	1
4940	2	0	0	0	0	0	0	0	0	1	1
4941	2	0	0	0	0	0	0	0	0	1	1
4942	2	0	0	0	0	0	0	0	0	1	1
4943	2	0	0	0	0	0	0	0	0	1	1
4944	2	0	0	0	0	0	0	0	0	1	1
4945	2	0	0	0	0	0	0	0	0	1	1
4946	2	0	0	0	0	0	0	0	0	1	1
4947	2	0	0	0	0	0	0	0	0	1	1
4948	2	0	0	0	0	0	0	0	0	1	1
4949	2	0	0	0	0	0	0	0	0	1	1
4950	2	0	0	0	0	0	0	0	0	1	1
4951	2	0	0	0	0	0	0	0	0	1	1
4952	2	0	0	0	0	0	0	0	0	1	1
4953	2	0	0	0	0	0	0	0	0	1	1
4954	2	0	0	0	0	0	0	0	0	1	1
4955	2	0	0	0	0	0	0	0	0	1	1
4956	2	0	0	0	0	0	0	0	0	1	1
4957	2	0	0	0	0	0	0	0	0	1	1
4958	2	0	0	0	0	0	0	0	0	1	1
4959	2	0	0	0	0	0	0	0	0	1	1
4960	2	0	0	0	0	0	0	0	0	1	1
4961	2	0	0	0	0	0	0	0	0	1	1
4962	2	0	0	0	0	0	0	0	0	1	1
4963	2	0	0	0	0	0	0	0	0	1	1
4964	2	0	0	0	0	0	0	0	0	1	1
4965	2	0	0	0	0	0	0	0	0	1	1
4966	2	0	0	0	0	0	0	0	0	1	1
4967	2	0	0	0	0	0	0	0	0	1	1
4968	2	0	0	0	0	0	0	0	0	1	1
4969	2	0	0	0	0	0	0	0	0	1	1
4970	2	0	0	0	0	0	0	0	0	1	1
4971	2	0	0	0	0	0	0	0	0	1	1
4972	2	0	0	0	0	0	0	0	0	1	1
4973	2	0	0	0	0	0	0	0	0	1	1
4974	2	0	0	0	0	0	0	0	0	1	1
4975	2	0	0	0	0	0	0	0	0	1	1
4976	2	0	0	0	0	0	0	0	0	1	1
4977	2	0	0	0	0	0	0	0	0	1	1
4978	2	0	0	0	0	0	0	0	0	1	1
4979	2	0	0	0	0	0	0	0	0	1	1
4980	2	0	0	0	0	0	0	0	0	1	1
4981	2	0	0	0	0	0	0	0	0	1	1
4982	2	0	0	0	0	0	0	0	0	1	1
4983	2	0	0	0	0	0	0	0	0	1	1
4984	2	0	0	0	0	0	0	0	0	1	1
4985	2	0	0	0	0	0	0	0	0	1	1
4986	2	0	0	0	0	0	0	0	0	1	1
4987	2	0	0	0	0	0	0	0	0	1	1
4988	2	0	0	0	0	0	0	0	0	1	1
4989	2	0	0	0	0	0	0	0	0	1	1
4990	2	0	0	0	0	0	0	0	0	1	1
4991	2	0	0	0	0	0	0	0	0	1	1
4992	2	0	0	0	0	0	0	0	0	1	1
4993	2	0	0	0	0	0	0	0	0	1	1
4994	2	0	0	0	0	0	0	0	0	1	1
4995	2	0	0	0	0	0	0	0	0	1	1
4996	2	0	0	0	0	0	0	0	0	1	1
4997	2	0	0	0	0	0	0	0	0	1	1
4998	2	0	0	0	0	0	0	0	0	1	1
4999	2	0	0	0	0	0	0	0	0	1	1
5000	2	0	0	0	0	0	0	0	0	1	1
